Name,Year,Rating,Date,username
Fight Club,1999.0,1.0,2023-10-25,aaronmbtw
Se7en,1995.0,0.8888888888888888,2023-10-25,aaronmbtw
All About My Mother,1999.0,0.7777777777777778,2023-10-25,aaronmbtw
Suzume,2022.0,0.6666666666666666,2023-10-25,aaronmbtw
Memento,2000.0,0.7777777777777778,2023-10-25,aaronmbtw
The Queen's Gambit,2020.0,0.8888888888888888,2023-10-25,aaronmbtw
Call Me by Your Name,2017.0,0.6666666666666666,2023-10-25,aaronmbtw
The Hunger Games: Mockingjay – Part 2,2015.0,0.7777777777777778,2023-10-25,aaronmbtw
Inside Out,2015.0,0.6666666666666666,2023-10-25,aaronmbtw
Blade Runner,1982.0,0.4444444444444444,2023-10-25,aaronmbtw
It's a Wonderful Life,1946.0,0.1111111111111111,2023-10-25,aaronmbtw
NANA,2006.0,1.0,2023-10-27,aaronmbtw
Pain and Glory,2019.0,0.8888888888888888,2023-10-28,aaronmbtw
The Hunger Games: Mockingjay – Part 1,2014.0,0.7777777777777778,2023-10-28,aaronmbtw
The Devil Wears Prada,2006.0,0.6666666666666666,2023-10-28,aaronmbtw
Frozen,2013.0,0.7777777777777778,2023-10-28,aaronmbtw
The Hunger Games: The Ballad of Songbirds & Snakes,2023.0,0.7777777777777778,2023-11-18,aaronmbtw
Akira,1988.0,0.4444444444444444,2023-11-25,aaronmbtw
Isle of Dogs,2018.0,0.5555555555555556,2023-12-02,aaronmbtw
The Messiah,2023.0,1.0,2023-12-12,aaronmbtw
"Red, White & Royal Blue",2023.0,0.4444444444444444,2023-12-17,aaronmbtw
Taylor Swift: The Eras Tour,2023.0,0.5555555555555556,2023-12-17,aaronmbtw
Hereditary,2018.0,0.5555555555555556,2023-12-17,aaronmbtw
Lady Bird,2017.0,0.4444444444444444,2023-12-17,aaronmbtw
Saltburn,2023.0,0.7777777777777778,2023-12-23,aaronmbtw
The Killer,2023.0,0.7777777777777778,2023-12-29,aaronmbtw
Perfect Blue,1997.0,1.0,2023-12-30,aaronmbtw
Interstellar,2014.0,1.0,2024-01-04,aaronmbtw
Arrival,2016.0,0.8888888888888888,2024-01-04,aaronmbtw
Babylon,2022.0,0.5555555555555556,2024-01-05,aaronmbtw
Leave the World Behind,2023.0,0.5555555555555556,2024-01-06,aaronmbtw
Gone Girl,2014.0,0.7777777777777778,2024-01-06,aaronmbtw
Frozen II,2019.0,0.4444444444444444,2024-01-06,aaronmbtw
Aftersun,2022.0,0.4444444444444444,2024-01-12,aaronmbtw
Spider-Man: Across the Spider-Verse,2023.0,0.5555555555555556,2024-01-12,aaronmbtw
"Crazy, Stupid, Love.",2011.0,0.3333333333333333,2024-01-25,aaronmbtw
A Perfect Story,2023.0,0.6666666666666666,2024-01-25,aaronmbtw
Society of the Snow,2023.0,0.6666666666666666,2024-01-27,aaronmbtw
Priscilla,2023.0,0.5555555555555556,2024-02-15,aaronmbtw
Chicago,2002.0,0.6666666666666666,2024-02-18,aaronmbtw
Hairspray,2007.0,1.0,2024-02-24,aaronmbtw
Alphaville,1965.0,0.2222222222222222,2024-02-25,aaronmbtw
The Holdovers,2023.0,1.0,2024-03-07,aaronmbtw
Poor Things,2023.0,0.8888888888888888,2024-03-07,aaronmbtw
Coco,2017.0,0.6666666666666666,2024-03-10,aaronmbtw
Eternal Sunshine of the Spotless Mind,2004.0,0.4444444444444444,2024-03-16,aaronmbtw
Veronica,2017.0,0.0,2024-03-18,aaronmbtw
The Perks of Being a Wallflower,2012.0,1.0,2024-03-23,aaronmbtw
Dune,2021.0,0.8888888888888888,2024-03-25,aaronmbtw
Dune: Part Two,2024.0,0.8888888888888888,2024-03-29,aaronmbtw
All of Us Strangers,2023.0,0.7777777777777778,2024-04-15,aaronmbtw
Brokeback Mountain,2005.0,0.7777777777777778,2024-04-25,aaronmbtw
The House That Jack Built,2018.0,1.0,2024-04-27,aaronmbtw
SPY x FAMILY CODE: White,2023.0,0.3333333333333333,2024-05-01,aaronmbtw
Challengers,2024.0,0.5555555555555556,2024-05-02,aaronmbtw
Elemental,2023.0,0.7777777777777778,2024-05-08,aaronmbtw
Zip & Zap and the Captain's Island,2016.0,0.1111111111111111,2024-05-11,aaronmbtw
The Idea of You,2024.0,0.4444444444444444,2024-06-08,aaronmbtw
Inside Out 2,2024.0,0.6666666666666666,2024-06-22,aaronmbtw
Anyone But You,2023.0,0.5555555555555556,2024-06-27,aaronmbtw
About Time,2013.0,0.6666666666666666,2024-07-05,aaronmbtw
"Love, Divided",2024.0,0.1111111111111111,2024-07-05,aaronmbtw
Twilight,2008.0,0.1111111111111111,2024-07-05,aaronmbtw
Howl's Moving Castle,2004.0,0.7777777777777778,2024-07-23,aaronmbtw
The Boy and the Heron,2023.0,0.2222222222222222,2024-08-07,aaronmbtw
Longlegs,2024.0,0.7777777777777778,2024-08-08,aaronmbtw
Barbie,2023.0,0.6666666666666666,2024-08-10,aaronmbtw
Oppenheimer,2023.0,0.8888888888888888,2024-08-10,aaronmbtw
Banana Fish,2018.0,1.0,2024-08-12,aaronmbtw
The Accountant,2016.0,0.3333333333333333,2024-08-17,aaronmbtw
Cocaine Bear,2023.0,0.3333333333333333,2024-08-23,aaronmbtw
Past Lives,2023.0,1.0,2024-08-23,aaronmbtw
Joker: Folie à Deux,2024.0,0.2222222222222222,2024-10-05,aaronmbtw
The Substance,2024.0,0.7777777777777778,2024-10-20,aaronmbtw
Thesis,1996.0,0.5555555555555556,2025-01-23,aaronmbtw
Queer,2024.0,0.5555555555555556,2025-01-25,aaronmbtw
"Synecdoche, New York",2008.0,0.8888888888888888,2025-01-30,aaronmbtw
Climax,2018.0,0.3333333333333333,2025-02-08,aaronmbtw
Attack on Titan: THE LAST ATTACK,2024.0,1.0,2025-02-14,aaronmbtw
Anora,2024.0,0.6666666666666666,2025-02-21,aaronmbtw
Parasite,2019.0,0.8888888888888888,2025-02-22,aaronmbtw
The Grand Budapest Hotel,2014.0,0.7777777777777778,2025-03-17,aaronmbtw
La La Land,2016.0,1.0,2025-05-09,aaronmbtw
Funny Games,1997.0,0.1111111111111111,2025-08-04,aaronmbtw
Weapons,2025.0,0.4444444444444444,2025-08-25,aaronmbtw
Chainsaw Man – The Movie: Reze Arc,2025.0,0.5555555555555556,2025-12-11,aaronmbtw
Wicked,2024.0,0.7777777777777778,2025-12-11,aaronmbtw
Wicked: For Good,2025.0,0.5555555555555556,2025-12-11,aaronmbtw
Wish,2023.0,0.2222222222222222,2025-12-17,aaronmbtw
G.I. Jane,1997.0,0.5555555555555556,2026-01-03,aaronmbtw
Zootopia 2,2025.0,0.6666666666666666,2026-01-03,aaronmbtw
Everything Everywhere All at Once,2022.0,1.0,2026-01-18,aaronmbtw
Sentimental Value,2025.0,0.6666666666666666,2026-01-20,aaronmbtw
Neon Genesis Evangelion: The End of Evangelion,1997.0,0.5555555555555556,2026-01-20,aaronmbtw
Materialists,2025.0,0.6666666666666666,2026-01-23,aaronmbtw
Demon Slayer: Kimetsu no Yaiba Infinity Castle,2025.0,0.5555555555555556,2026-01-27,aaronmbtw
Her,2013.0,0.7777777777777778,2026-01-28,aaronmbtw
Bugonia,2025.0,0.7777777777777778,2026-01-28,aaronmbtw
Women on the Verge of a Nervous Breakdown,1988.0,0.8888888888888888,2026-01-28,aaronmbtw
Hamnet,2025.0,0.7777777777777778,2026-02-26,aaronmbtw
Death Note,2006.0,1.0,2026-03-26,aaronmbtw
Your Name.,2016.0,0.7777777777777778,2026-03-26,aaronmbtw
Project Hail Mary,2026.0,0.6666666666666666,2026-03-30,aaronmbtw
The Super Mario Galaxy Movie,2026.0,0.2222222222222222,2026-04-09,aaronmbtw
All Quiet on the Western Front,2022.0,0.5555555555555556,2024-03-12,alexja
Alice in Wonderland,2010.0,0.3333333333333333,2024-03-12,alexja
He's Just Not That Into You,2009.0,0.6666666666666666,2024-03-12,alexja
The Cabinet of Dr. Caligari,1920.0,0.4444444444444444,2024-03-12,alexja
Pretty Woman,1990.0,0.1111111111111111,2024-03-12,alexja
The Father,2020.0,0.6666666666666666,2024-03-12,alexja
The Forever Purge,2021.0,0.3333333333333333,2024-03-12,alexja
Spiral: From the Book of Saw,2021.0,0.4444444444444444,2024-03-12,alexja
Antebellum,2020.0,0.4444444444444444,2024-03-12,alexja
The Worst Person in the World,2021.0,0.5555555555555556,2024-03-12,alexja
The Nun II,2023.0,0.3333333333333333,2024-03-12,alexja
Body Bags,1993.0,0.4444444444444444,2024-03-12,alexja
Jonah Hex,2010.0,0.4444444444444444,2024-03-12,alexja
Up,2009.0,0.4444444444444444,2024-03-12,alexja
Jamon Jamon,1992.0,0.4444444444444444,2024-03-12,alexja
Jurassic Park,1993.0,0.5555555555555556,2024-03-12,alexja
Ghost Rider: Spirit of Vengeance,2011.0,0.2222222222222222,2024-03-12,alexja
Silver Linings Playbook,2012.0,0.4444444444444444,2024-03-12,alexja
Boyhood,2014.0,0.5555555555555556,2024-03-12,alexja
The Invisible Man,2020.0,0.5555555555555556,2024-03-12,alexja
The Queen of Black Magic,2019.0,0.5555555555555556,2024-03-12,alexja
And the Birds Rained Down,2019.0,0.4444444444444444,2024-03-12,alexja
Minari,2020.0,0.4444444444444444,2024-03-12,alexja
Thor: Love and Thunder,2022.0,0.4444444444444444,2024-03-12,alexja
Halloween Ends,2022.0,0.1111111111111111,2024-03-12,alexja
Roh,2019.0,0.5555555555555556,2024-03-12,alexja
Talk to Me,2022.0,0.4444444444444444,2024-03-12,alexja
Forrest Gump,1994.0,0.5555555555555556,2024-03-12,alexja
Blue Valentine,2010.0,0.8888888888888888,2024-03-12,alexja
The Scent of Green Papaya,1993.0,0.2222222222222222,2024-03-12,alexja
The Hangover,2009.0,0.4444444444444444,2024-03-12,alexja
Drag Me to Hell,2009.0,0.4444444444444444,2024-03-12,alexja
Dragonball Evolution,2009.0,0.2222222222222222,2024-03-12,alexja
Chungking Express,1994.0,0.4444444444444444,2024-03-12,alexja
Casper,1995.0,0.4444444444444444,2024-03-12,alexja
Reality Bites,1994.0,0.3333333333333333,2024-03-12,alexja
The Bridges of Madison County,1995.0,1.0,2024-03-12,alexja
The Shawshank Redemption,1994.0,0.5555555555555556,2024-03-12,alexja
Her Blue Sky,2019.0,0.1111111111111111,2024-03-12,alexja
Old,2021.0,0.4444444444444444,2024-03-12,alexja
Spider-Man: No Way Home,2021.0,0.6666666666666666,2024-03-12,alexja
Demon Slayer -Kimetsu no Yaiba- The Movie: Mugen Train,2020.0,0.5555555555555556,2024-03-12,alexja
Ant-Man and the Wasp: Quantumania,2023.0,0.5555555555555556,2024-03-12,alexja
Nope,2022.0,0.1111111111111111,2024-03-12,alexja
Green Lantern,2011.0,0.2222222222222222,2024-03-12,alexja
The Garden of Sinners: Remaining Sense of Pain,2008.0,0.4444444444444444,2024-03-12,alexja
The Garden of Sinners: Murder Speculation Part A,2007.0,0.4444444444444444,2024-03-12,alexja
The Garden of Sinners: Overlooking View,2007.0,0.4444444444444444,2024-03-12,alexja
Orphan,2009.0,0.4444444444444444,2024-03-12,alexja
Zombieland,2009.0,0.4444444444444444,2024-03-12,alexja
Tromeo & Juliet,1996.0,0.5555555555555556,2024-03-12,alexja
Let the Right One In,2008.0,0.5555555555555556,2024-03-12,alexja
101 Dalmatians,1996.0,0.3333333333333333,2024-03-12,alexja
James and the Giant Peach,1996.0,0.4444444444444444,2024-03-12,alexja
Beautiful Girls,1996.0,0.6666666666666666,2024-03-12,alexja
Crash,1996.0,0.3333333333333333,2024-03-12,alexja
Toy Story,1995.0,0.5555555555555556,2024-03-12,alexja
Se7en,1995.0,0.5555555555555556,2024-03-12,alexja
Fargo,1996.0,0.4444444444444444,2024-03-12,alexja
Feels Good Man,2020.0,0.5555555555555556,2024-03-12,alexja
Cadaver,2020.0,0.3333333333333333,2024-03-12,alexja
Falcon Lake,2022.0,0.5555555555555556,2024-03-12,alexja
A Nightmare on Elm Street,2010.0,0.5555555555555556,2024-03-12,alexja
Children of Heaven,1997.0,0.5555555555555556,2024-03-12,alexja
The Odyssey,1997.0,0.4444444444444444,2024-03-12,alexja
The Chaser,2008.0,0.7777777777777778,2024-03-12,alexja
Flubber,1997.0,0.2222222222222222,2024-03-12,alexja
Anastasia,1997.0,0.3333333333333333,2024-03-12,alexja
Thesis,1996.0,0.5555555555555556,2024-03-12,alexja
Scream,1996.0,0.5555555555555556,2024-03-12,alexja
Space Jam,1996.0,0.5555555555555556,2024-03-12,alexja
In the Mood for Love,2000.0,0.5555555555555556,2024-03-12,alexja
Face/Off,1997.0,0.5555555555555556,2024-03-12,alexja
Life Is Beautiful,1997.0,0.4444444444444444,2024-03-12,alexja
The Big Lebowski,1998.0,0.5555555555555556,2024-03-12,alexja
10 Cloverfield Lane,2016.0,0.5555555555555556,2024-03-12,alexja
Texas Chainsaw Massacre,2022.0,0.1111111111111111,2024-03-12,alexja
The Creator,2023.0,0.3333333333333333,2024-03-12,alexja
Prey,2022.0,0.4444444444444444,2024-03-12,alexja
The Fallout,2021.0,0.3333333333333333,2024-03-12,alexja
The Truman Show,1998.0,0.5555555555555556,2024-03-12,alexja
X-Men,2000.0,0.4444444444444444,2024-03-12,alexja
Quest for Camelot,1998.0,0.3333333333333333,2024-03-12,alexja
The Prince of Egypt,1998.0,0.2222222222222222,2024-03-12,alexja
Lolita,1997.0,0.2222222222222222,2024-03-12,alexja
Fantastic Four,2005.0,0.4444444444444444,2024-03-12,alexja
Chicken Run,2000.0,0.5555555555555556,2024-03-12,alexja
Scream 2,1997.0,0.4444444444444444,2024-03-12,alexja
The Game,1997.0,0.5555555555555556,2024-03-12,alexja
Resident Evil,2002.0,0.4444444444444444,2024-03-12,alexja
Toy Story 2,1999.0,0.5555555555555556,2024-03-12,alexja
Men in Black,1997.0,0.5555555555555556,2024-03-12,alexja
Good Will Hunting,1997.0,0.6666666666666666,2024-03-12,alexja
Princess Mononoke,1997.0,0.5555555555555556,2024-03-12,alexja
American History X,1998.0,0.5555555555555556,2024-03-12,alexja
X-Men: First Class,2011.0,0.4444444444444444,2024-03-12,alexja
The Housemaid,2010.0,0.5555555555555556,2024-03-12,alexja
Ghostbusters,2016.0,0.3333333333333333,2024-03-12,alexja
RED,2010.0,0.3333333333333333,2024-03-12,alexja
Cell 211,2009.0,0.5555555555555556,2024-03-12,alexja
Kick-Ass,2010.0,0.4444444444444444,2024-03-12,alexja
The Garden of Sinners: The Hollow Shrine,2008.0,0.4444444444444444,2024-03-12,alexja
The Cabin in the Woods,2011.0,0.5555555555555556,2024-03-12,alexja
The Twilight Saga: New Moon,2009.0,0.2222222222222222,2024-03-12,alexja
Coming Soon,2008.0,0.5555555555555556,2024-03-12,alexja
Iron Man 2,2010.0,0.3333333333333333,2024-03-12,alexja
Shrek,2001.0,0.5555555555555556,2024-03-12,alexja
Cube,1997.0,0.5555555555555556,2024-03-12,alexja
Iron Man 3,2013.0,0.4444444444444444,2024-03-12,alexja
Evil Dead,2013.0,0.2222222222222222,2024-03-12,alexja
Venom,2018.0,0.4444444444444444,2024-03-12,alexja
The Strangers: Prey at Night,2018.0,0.4444444444444444,2024-03-12,alexja
The Irishman,2019.0,0.5555555555555556,2024-03-12,alexja
Decision to Leave,2022.0,0.5555555555555556,2024-03-12,alexja
Host,2020.0,0.5555555555555556,2024-03-12,alexja
Gulliver's Travels,2010.0,0.4444444444444444,2024-03-12,alexja
Inception,2010.0,0.4444444444444444,2024-03-12,alexja
The Rugrats Movie,1998.0,0.4444444444444444,2024-03-12,alexja
The Matrix,1999.0,0.4444444444444444,2024-03-12,alexja
Fight Club,1999.0,0.5555555555555556,2024-03-12,alexja
If I Stay,2014.0,0.3333333333333333,2024-03-12,alexja
Suicide Squad,2016.0,0.3333333333333333,2024-03-12,alexja
In the Heights,2021.0,0.1111111111111111,2024-03-12,alexja
Insidious: The Red Door,2023.0,0.4444444444444444,2024-03-12,alexja
The Pope's Exorcist,2023.0,0.4444444444444444,2024-03-12,alexja
Belle,2021.0,0.5555555555555556,2024-03-12,alexja
The Sadness,2021.0,0.4444444444444444,2024-03-12,alexja
Nitram,2021.0,0.4444444444444444,2024-03-12,alexja
Beau Is Afraid,2023.0,0.5555555555555556,2024-03-12,alexja
God's Crooked Lines,2022.0,0.5555555555555556,2024-03-12,alexja
Symbol,2009.0,0.2222222222222222,2024-03-12,alexja
The Human Centipede (First Sequence),2009.0,0.3333333333333333,2024-03-12,alexja
Spider-Man,2002.0,0.5555555555555556,2024-03-12,alexja
The Hunger Games,2012.0,0.4444444444444444,2024-03-12,alexja
The Wolverine,2013.0,0.2222222222222222,2024-03-12,alexja
Mad Max: Fury Road,2015.0,0.4444444444444444,2024-03-12,alexja
Under the Skin,2013.0,0.3333333333333333,2024-03-12,alexja
Aquaman,2018.0,0.5555555555555556,2024-03-12,alexja
Uncharted,2022.0,0.5555555555555556,2024-03-12,alexja
It,2017.0,0.3333333333333333,2024-03-12,alexja
Poor Things,2023.0,0.5555555555555556,2024-03-12,alexja
Cocaine Bear,2023.0,0.3333333333333333,2024-03-12,alexja
Thanksgiving,2023.0,0.4444444444444444,2024-03-12,alexja
Melancholia,2011.0,0.4444444444444444,2024-03-12,alexja
Zindagi Na Milegi Dobara,2011.0,0.4444444444444444,2024-03-12,alexja
The Secret World of Arrietty,2010.0,0.4444444444444444,2024-03-12,alexja
The Man from Nowhere,2010.0,0.4444444444444444,2024-03-12,alexja
The Housemaid,1960.0,0.3333333333333333,2024-03-12,alexja
Paranormal Activity 2,2010.0,0.1111111111111111,2024-03-12,alexja
Grabbers,2012.0,0.4444444444444444,2024-03-12,alexja
Fantastic Four,2015.0,0.1111111111111111,2024-03-12,alexja
A Star Is Born,2018.0,0.4444444444444444,2024-03-12,alexja
Barbie,2023.0,0.5555555555555556,2024-03-12,alexja
Halloween,2018.0,0.5555555555555556,2024-03-12,alexja
Knock at the Cabin,2023.0,0.4444444444444444,2024-03-12,alexja
Mad God,2021.0,0.3333333333333333,2024-03-12,alexja
20th Century Girl,2022.0,0.5555555555555556,2024-03-12,alexja
Oppenheimer,2023.0,0.5555555555555556,2024-03-12,alexja
Midnight in Paris,2011.0,0.3333333333333333,2024-03-12,alexja
Confessions,2010.0,0.3333333333333333,2024-03-12,alexja
After Life,1998.0,0.4444444444444444,2024-03-12,alexja
Stuart Little,1999.0,0.4444444444444444,2024-03-12,alexja
Cast Away,2000.0,0.4444444444444444,2024-03-12,alexja
Sleepy Hollow,1999.0,0.4444444444444444,2024-03-12,alexja
Hellboy,2004.0,0.5555555555555556,2024-03-12,alexja
The Sixth Sense,1999.0,0.5555555555555556,2024-03-12,alexja
The Vow,2012.0,0.2222222222222222,2024-03-12,alexja
Ted,2012.0,0.3333333333333333,2024-03-12,alexja
Avatar: The Way of Water,2022.0,0.5555555555555556,2024-03-12,alexja
The Impossible,2012.0,0.4444444444444444,2024-03-12,alexja
The Perks of Being a Wallflower,2012.0,0.4444444444444444,2024-03-12,alexja
Maleficent,2014.0,0.4444444444444444,2024-03-12,alexja
"Love, Rosie",2014.0,0.3333333333333333,2024-03-12,alexja
Society of the Snow,2023.0,0.5555555555555556,2024-03-12,alexja
Barbarian,2022.0,0.5555555555555556,2024-03-12,alexja
Scary Movie,2000.0,0.1111111111111111,2024-03-12,alexja
Ring,1998.0,0.3333333333333333,2024-03-12,alexja
Requiem for a Dream,2000.0,0.5555555555555556,2024-03-12,alexja
Gladiator,2000.0,0.5555555555555556,2024-03-12,alexja
Wreck-It Ralph,2012.0,0.4444444444444444,2024-03-12,alexja
Captain America: The Winter Soldier,2014.0,0.3333333333333333,2024-03-12,alexja
Ruby Sparks,2012.0,0.1111111111111111,2024-03-12,alexja
The Lords of Salem,2012.0,0.3333333333333333,2024-03-12,alexja
Snowpiercer,2013.0,0.4444444444444444,2024-03-12,alexja
RED 2,2013.0,0.3333333333333333,2024-03-12,alexja
The Spectacular Now,2013.0,0.5555555555555556,2024-03-12,alexja
Black Panther,2018.0,0.5555555555555556,2024-03-12,alexja
Ready Player One,2018.0,0.4444444444444444,2024-03-12,alexja
Bohemian Rhapsody,2018.0,0.5555555555555556,2024-03-12,alexja
Coyote Ugly,2000.0,0.5555555555555556,2024-03-12,alexja
"Crouching Tiger, Hidden Dragon",2000.0,0.5555555555555556,2024-03-12,alexja
Thor: The Dark World,2013.0,0.3333333333333333,2024-03-12,alexja
Sinister,2012.0,0.3333333333333333,2024-03-12,alexja
You're Next,2011.0,0.3333333333333333,2024-03-12,alexja
The Raid,2011.0,0.5555555555555556,2024-03-12,alexja
The Hunger Games: Catching Fire,2013.0,0.4444444444444444,2024-03-12,alexja
The Amazing Spider-Man 2,2014.0,0.4444444444444444,2024-03-12,alexja
X-Men: Days of Future Past,2014.0,0.4444444444444444,2024-03-12,alexja
The Angry Birds Movie,2016.0,0.4444444444444444,2024-03-12,alexja
The Call,2013.0,0.5555555555555556,2024-03-12,alexja
Begin Again,2013.0,0.4444444444444444,2024-03-12,alexja
Cry Macho,2021.0,0.4444444444444444,2024-03-12,alexja
Incantation,2022.0,0.4444444444444444,2024-03-12,alexja
Winnie the Pooh: Blood and Honey,2023.0,0.3333333333333333,2024-03-12,alexja
The Son's Room,2001.0,0.4444444444444444,2024-03-12,alexja
Moulin Rouge!,2001.0,0.4444444444444444,2024-03-12,alexja
Pearl Harbor,2001.0,0.5555555555555556,2024-03-12,alexja
Silenced,2011.0,0.4444444444444444,2024-03-12,alexja
Always,2011.0,0.4444444444444444,2024-03-12,alexja
Insidious: Chapter 2,2013.0,0.5555555555555556,2024-03-12,alexja
Bunohan: Return to Murder,2011.0,0.1111111111111111,2024-03-12,alexja
The Hunt,2012.0,0.5555555555555556,2024-03-12,alexja
The Broken Circle Breakdown,2012.0,0.5555555555555556,2024-03-12,alexja
Inside Out,2015.0,0.3333333333333333,2024-03-12,alexja
The Final Girls,2015.0,0.3333333333333333,2024-03-12,alexja
Stutz,2022.0,0.4444444444444444,2024-03-12,alexja
Dream Scenario,2023.0,0.4444444444444444,2024-03-12,alexja
All of Us Strangers,2023.0,0.5555555555555556,2024-03-12,alexja
Championext,2023.0,0.4444444444444444,2024-03-12,alexja
Peppermint Candy,1999.0,0.4444444444444444,2024-03-12,alexja
Audition,1999.0,0.4444444444444444,2024-03-12,alexja
Spy Kids,2001.0,0.5555555555555556,2024-03-12,alexja
The Princess Diaries,2001.0,0.4444444444444444,2024-03-12,alexja
The Fast and the Furious,2001.0,0.4444444444444444,2024-03-12,alexja
The Isle,2000.0,0.3333333333333333,2024-03-12,alexja
Road to Perdition,2002.0,0.5555555555555556,2024-03-12,alexja
The Others,2001.0,0.5555555555555556,2024-03-12,alexja
Harry Potter and the Philosopher's Stone,2001.0,0.4444444444444444,2024-03-12,alexja
The Pianist,2002.0,0.6666666666666666,2024-03-12,alexja
Donnie Darko,2001.0,0.7777777777777778,2024-03-12,alexja
Avengers: Age of Ultron,2015.0,0.4444444444444444,2024-03-12,alexja
The Grand Budapest Hotel,2014.0,0.4444444444444444,2024-03-12,alexja
Muppets Most Wanted,2014.0,0.4444444444444444,2024-03-12,alexja
Oculus,2013.0,0.4444444444444444,2024-03-12,alexja
Birdman or (The Unexpected Virtue of Ignorance),2014.0,0.3333333333333333,2024-03-12,alexja
The Invitation,2015.0,0.3333333333333333,2024-03-12,alexja
Finding Nemo,2003.0,0.5555555555555556,2024-03-12,alexja
Jimmy Neutron: Boy Genius,2001.0,0.4444444444444444,2024-03-12,alexja
Session 9,2001.0,0.4444444444444444,2024-03-12,alexja
A Walk to Remember,2002.0,0.3333333333333333,2024-03-12,alexja
Jeepers Creepers,2001.0,0.5555555555555556,2024-03-12,alexja
Hulk,2003.0,0.1111111111111111,2024-03-12,alexja
Ghost Rider,2007.0,0.2222222222222222,2024-03-12,alexja
Ice Age,2002.0,0.5555555555555556,2024-03-12,alexja
The Garden of Words,2013.0,0.3333333333333333,2024-03-12,alexja
Sharknado,2013.0,0.3333333333333333,2024-03-12,alexja
Kingsman: The Secret Service,2014.0,0.5555555555555556,2024-03-12,alexja
The Fault in Our Stars,2014.0,0.0,2024-03-12,alexja
Nightcrawler,2014.0,0.5555555555555556,2024-03-12,alexja
Me Before You,2016.0,0.5555555555555556,2024-03-12,alexja
Annihilation,2018.0,0.4444444444444444,2024-03-12,alexja
Bird Box,2018.0,0.4444444444444444,2024-03-12,alexja
Jojo Rabbit,2019.0,0.5555555555555556,2024-03-12,alexja
Buzz Lightyear of Star Command - The Emperor's New Throne,2000.0,0.3333333333333333,2024-03-12,alexja
X2,2003.0,0.4444444444444444,2024-03-12,alexja
Man-Thing,2005.0,0.3333333333333333,2024-03-12,alexja
May,2002.0,0.5555555555555556,2024-03-12,alexja
Shark Tale,2004.0,0.4444444444444444,2024-03-12,alexja
Daredevil,2003.0,0.2222222222222222,2024-03-12,alexja
The League of Extraordinary Gentlemen,2003.0,0.3333333333333333,2024-03-12,alexja
Sympathy for Mr. Vengeance,2002.0,0.4444444444444444,2024-03-12,alexja
The Dreamers,2003.0,0.5555555555555556,2024-03-12,alexja
Gone with the Wind,1939.0,0.5555555555555556,2024-03-12,alexja
Harry Potter and the Chamber of Secrets,2002.0,0.4444444444444444,2024-03-12,alexja
28 Days Later,2002.0,0.4444444444444444,2024-03-12,alexja
Ilo Ilo,2013.0,0.4444444444444444,2024-03-12,alexja
Lucy,2014.0,0.2222222222222222,2024-03-12,alexja
Mortal Kombat,2021.0,0.4444444444444444,2024-03-12,alexja
Dungeons & Dragons: Honor Among Thieves,2023.0,0.5555555555555556,2024-03-12,alexja
Soul,2020.0,0.1111111111111111,2024-03-12,alexja
Badland Hunters,2024.0,0.4444444444444444,2024-03-12,alexja
Pirates of the Caribbean: The Curse of the Black Pearl,2003.0,0.5555555555555556,2024-03-12,alexja
My Life Without Me,2003.0,0.4444444444444444,2024-03-12,alexja
Lovers' Concerto,2002.0,0.4444444444444444,2024-03-12,alexja
Oasis,2002.0,0.3333333333333333,2024-03-12,alexja
The Incredibles,2004.0,0.5555555555555556,2024-03-12,alexja
The Texas Chainsaw Massacre,2003.0,0.4444444444444444,2024-03-12,alexja
Cars,2006.0,0.4444444444444444,2024-03-12,alexja
City of God,2002.0,0.5555555555555556,2024-03-12,alexja
Big Fish,2003.0,0.7777777777777778,2024-03-12,alexja
Spider-Man 2,2004.0,0.5555555555555556,2024-03-12,alexja
Catwoman,2004.0,0.1111111111111111,2024-03-12,alexja
Room,2015.0,0.4444444444444444,2024-03-12,alexja
Insidious: Chapter 3,2015.0,0.4444444444444444,2024-03-12,alexja
Before I Wake,2016.0,0.4444444444444444,2024-03-12,alexja
Little Women,2019.0,0.5555555555555556,2024-03-12,alexja
The Blackcoat's Daughter,2015.0,0.4444444444444444,2024-03-12,alexja
Cruella,2021.0,0.4444444444444444,2024-03-12,alexja
The Autopsy of Jane Doe,2016.0,0.5555555555555556,2024-03-12,alexja
Eternal Sunshine of the Spotless Mind,2004.0,0.3333333333333333,2024-03-12,alexja
Citizen Kane,1941.0,0.5555555555555556,2024-03-12,alexja
The Classic,2003.0,0.3333333333333333,2024-03-12,alexja
Spy Kids 3-D: Game Over,2003.0,0.4444444444444444,2024-03-12,alexja
The SpongeBob SquarePants Movie,2004.0,0.4444444444444444,2024-03-12,alexja
The Notebook,2004.0,0.2222222222222222,2024-03-12,alexja
Infernal Affairs,2002.0,0.4444444444444444,2024-03-12,alexja
The Punisher,2004.0,0.3333333333333333,2024-03-12,alexja
Something's Gotta Give,2003.0,0.2222222222222222,2024-03-12,alexja
Howl's Moving Castle,2004.0,0.3333333333333333,2024-03-12,alexja
School of Rock,2003.0,0.5555555555555556,2024-03-12,alexja
Troy,2004.0,0.4444444444444444,2024-03-12,alexja
Casablanca,1942.0,0.2222222222222222,2024-03-12,alexja
X-Men: Apocalypse,2016.0,0.4444444444444444,2024-03-12,alexja
Annabelle,2014.0,0.3333333333333333,2024-03-12,alexja
Captain America: Civil War,2016.0,0.4444444444444444,2024-03-12,alexja
My King,2015.0,0.2222222222222222,2024-03-12,alexja
Hamari Adhuri Kahani,2015.0,0.5555555555555556,2024-03-12,alexja
Scary Stories to Tell in the Dark,2019.0,0.2222222222222222,2024-03-12,alexja
Black Widow,2021.0,0.4444444444444444,2024-03-12,alexja
Blade: Trinity,2004.0,0.4444444444444444,2024-03-12,alexja
Inglourious Basterds,2009.0,0.5555555555555556,2024-03-12,alexja
Memories of Murder,2003.0,0.5555555555555556,2024-03-12,alexja
Mysterious Skin,2004.0,0.5555555555555556,2024-03-12,alexja
The Princess Diaries 2: Royal Engagement,2004.0,0.4444444444444444,2024-03-12,alexja
Chicken Little,2005.0,0.4444444444444444,2024-03-12,alexja
Elektra,2005.0,0.2222222222222222,2024-03-12,alexja
Robots,2005.0,0.4444444444444444,2024-03-12,alexja
Garfield,2004.0,0.4444444444444444,2024-03-12,alexja
A Tale of Two Sisters,2003.0,0.6666666666666666,2024-03-12,alexja
Shaun of the Dead,2004.0,0.4444444444444444,2024-03-12,alexja
Constantine,2005.0,0.4444444444444444,2024-03-12,alexja
"The Chronicles of Narnia: The Lion, the Witch and the Wardrobe",2005.0,0.5555555555555556,2024-03-12,alexja
Charlie and the Chocolate Factory,2005.0,0.4444444444444444,2024-03-12,alexja
A Girl at My Door,2014.0,0.6666666666666666,2024-03-12,alexja
A Hard Day,2014.0,0.4444444444444444,2024-03-12,alexja
Thor: Ragnarok,2017.0,0.4444444444444444,2024-03-12,alexja
Sing Street,2016.0,0.0,2024-03-12,alexja
West Side Story,2021.0,0.5555555555555556,2024-03-12,alexja
Monster House,2006.0,0.5555555555555556,2024-03-12,alexja
The Lovely Bones,2009.0,0.1111111111111111,2024-03-12,alexja
The Chorus,2004.0,0.5555555555555556,2024-03-12,alexja
Closer,2004.0,0.4444444444444444,2024-03-12,alexja
Ratatouille,2007.0,0.4444444444444444,2024-03-12,alexja
Iron Man,2008.0,0.3333333333333333,2024-03-12,alexja
Batman Begins,2005.0,0.6666666666666666,2024-03-12,alexja
A History of Violence,2005.0,0.5555555555555556,2024-03-12,alexja
Pirates of the Caribbean: Dead Man's Chest,2006.0,0.5555555555555556,2024-03-12,alexja
I Am a Hero,2015.0,0.5555555555555556,2024-03-12,alexja
La La Land,2016.0,1.0,2024-03-12,alexja
Malignant,2021.0,0.4444444444444444,2024-03-12,alexja
A Moment to Remember,2004.0,0.5555555555555556,2024-03-12,alexja
Sweeney Todd: The Demon Barber of Fleet Street,2007.0,0.5555555555555556,2024-03-12,alexja
Flushed Away,2006.0,0.4444444444444444,2024-03-12,alexja
Cinderella,1950.0,0.3333333333333333,2024-03-12,alexja
P.S. I Love You,2007.0,0.5555555555555556,2024-03-12,alexja
The Curious Case of Benjamin Button,2008.0,0.4444444444444444,2024-03-12,alexja
Candy,2006.0,0.4444444444444444,2024-03-12,alexja
The Fountain,2006.0,0.5555555555555556,2024-03-12,alexja
3-Iron,2004.0,0.4444444444444444,2024-03-12,alexja
300,2006.0,0.4444444444444444,2024-03-12,alexja
Spider-Man 3,2007.0,0.4444444444444444,2024-03-12,alexja
Avengers: Endgame,2019.0,0.5555555555555556,2024-03-12,alexja
Captain Marvel,2019.0,0.5555555555555556,2024-03-12,alexja
Don't Breathe,2016.0,0.5555555555555556,2024-03-12,alexja
Green Room,2015.0,0.5555555555555556,2024-03-12,alexja
Manchester by the Sea,2016.0,0.4444444444444444,2024-03-12,alexja
Terrifier,2016.0,0.3333333333333333,2024-03-12,alexja
The Time Traveler's Wife,2009.0,0.2222222222222222,2024-03-12,alexja
Cirque du Freak: The Vampire's Assistant,2009.0,0.4444444444444444,2024-03-12,alexja
Shutter,2004.0,0.5555555555555556,2024-03-12,alexja
Punisher: War Zone,2008.0,0.5555555555555556,2024-03-12,alexja
Slither,2006.0,0.4444444444444444,2024-03-12,alexja
Lady Vengeance,2005.0,0.4444444444444444,2024-03-12,alexja
Eragon,2006.0,0.3333333333333333,2024-03-12,alexja
The Pursuit of Happyness,2006.0,0.6666666666666666,2024-03-12,alexja
V for Vendetta,2005.0,0.3333333333333333,2024-03-12,alexja
Pirates of the Caribbean: At World's End,2007.0,0.5555555555555556,2024-03-12,alexja
Life of Pi,2012.0,0.4444444444444444,2024-03-12,alexja
Before We Go,2014.0,0.2222222222222222,2024-03-12,alexja
Shazam!,2019.0,0.2222222222222222,2024-03-12,alexja
Wonder Woman,2017.0,0.4444444444444444,2024-03-12,alexja
The Greasy Strangler,2016.0,0.5555555555555556,2024-03-12,alexja
The Oath,2016.0,0.5555555555555556,2024-03-12,alexja
The Book of Henry,2017.0,0.2222222222222222,2024-03-12,alexja
Darkest Hour,2017.0,0.5555555555555556,2024-03-12,alexja
Puss in Boots,2011.0,0.4444444444444444,2024-03-12,alexja
The Simpsons Movie,2007.0,0.5555555555555556,2024-03-12,alexja
Alone,2007.0,0.5555555555555556,2024-03-12,alexja
The Losers,2010.0,0.4444444444444444,2024-03-12,alexja
Exit,2006.0,0.4444444444444444,2024-03-12,alexja
I Am Legend,2007.0,0.5555555555555556,2024-03-12,alexja
The Night of the Hunter,1955.0,0.4444444444444444,2024-03-12,alexja
X-Men Origins: Wolverine,2009.0,0.5555555555555556,2024-03-12,alexja
Captain America: The First Avenger,2011.0,0.2222222222222222,2024-03-12,alexja
Night at the Museum,2006.0,0.4444444444444444,2024-03-12,alexja
The Prestige,2006.0,0.5555555555555556,2024-03-12,alexja
Rear Window,1954.0,0.4444444444444444,2024-03-12,alexja
The Dark Knight,2008.0,0.5555555555555556,2024-03-12,alexja
Ant-Man,2015.0,0.4444444444444444,2024-03-12,alexja
Spider-Man: Into the Spider-Verse,2018.0,0.5555555555555556,2024-03-12,alexja
The New Mutants,2020.0,0.2222222222222222,2024-03-12,alexja
The Meg,2018.0,0.1111111111111111,2024-03-12,alexja
"Right Now, Wrong Then",2015.0,0.4444444444444444,2024-03-12,alexja
Hidden Figures,2016.0,0.5555555555555556,2024-03-12,alexja
Joe Bell,2020.0,0.5555555555555556,2024-03-12,alexja
Avatar,2009.0,0.4444444444444444,2024-03-12,alexja
Vicky Cristina Barcelona,2008.0,0.6666666666666666,2024-03-12,alexja
The Chronicles of Narnia: Prince Caspian,2008.0,0.4444444444444444,2024-03-12,alexja
Stardust,2007.0,0.5555555555555556,2024-03-12,alexja
Fantastic Four: Rise of the Silver Surfer,2007.0,0.3333333333333333,2024-03-12,alexja
12 Angry Men,1957.0,0.6666666666666666,2024-03-12,alexja
Saw III,2006.0,0.5555555555555556,2024-03-12,alexja
Jurassic World: Fallen Kingdom,2018.0,0.3333333333333333,2024-03-12,alexja
"Three Billboards Outside Ebbing, Missouri",2017.0,0.5555555555555556,2024-03-12,alexja
Ant-Man and the Wasp,2018.0,0.3333333333333333,2024-03-12,alexja
"I, Daniel Blake",2016.0,0.5555555555555556,2024-03-12,alexja
Hush,2016.0,0.4444444444444444,2024-03-12,alexja
Split,2016.0,0.4444444444444444,2024-03-12,alexja
Raw,2016.0,0.2222222222222222,2024-03-12,alexja
Annabelle: Creation,2017.0,0.4444444444444444,2024-03-12,alexja
Godzilla vs. Kong,2021.0,0.3333333333333333,2024-03-12,alexja
Minions: The Rise of Gru,2022.0,0.5555555555555556,2024-03-12,alexja
The Curse of La Llorona,2019.0,0.1111111111111111,2024-03-12,alexja
Morbius,2022.0,0.3333333333333333,2024-03-12,alexja
Color Out of Space,2019.0,0.5555555555555556,2024-03-12,alexja
Yojimbo,1961.0,0.5555555555555556,2024-03-12,alexja
Village of the Damned,1960.0,0.4444444444444444,2024-03-12,alexja
Peeping Tom,1960.0,0.4444444444444444,2024-03-12,alexja
Deadpool 2,2018.0,0.5555555555555556,2024-03-12,alexja
"I, Tonya",2017.0,0.4444444444444444,2024-03-12,alexja
The Florida Project,2017.0,0.5555555555555556,2024-03-12,alexja
Wind River,2017.0,0.5555555555555556,2024-03-12,alexja
Under the Silver Lake,2018.0,0.1111111111111111,2024-03-12,alexja
Train to Busan,2016.0,0.5555555555555556,2024-03-12,alexja
You Were Never Really Here,2017.0,0.3333333333333333,2024-03-12,alexja
Call Me by Your Name,2017.0,0.3333333333333333,2024-03-12,alexja
The Shape of Water,2017.0,0.6666666666666666,2024-03-12,alexja
The Killing of a Sacred Deer,2017.0,0.5555555555555556,2024-03-12,alexja
The Ritual,2017.0,0.3333333333333333,2024-03-12,alexja
Slender Man,2018.0,0.2222222222222222,2024-03-12,alexja
Border,2018.0,0.5555555555555556,2024-03-12,alexja
The Jungle Book,1967.0,0.4444444444444444,2024-03-12,alexja
The Sword in the Stone,1963.0,0.3333333333333333,2024-03-12,alexja
Persona,1966.0,0.6666666666666666,2024-03-12,alexja
Mary Poppins,1964.0,0.3333333333333333,2024-03-12,alexja
"The Good, the Bad and the Ugly",1966.0,0.6666666666666666,2024-03-12,alexja
2001: A Space Odyssey,1968.0,0.4444444444444444,2024-03-12,alexja
Thelma,2017.0,0.6666666666666666,2024-03-12,alexja
Blue Jay,2016.0,0.2222222222222222,2024-03-12,alexja
Yourself and Yours,2016.0,0.3333333333333333,2024-03-12,alexja
A Ghost Story,2017.0,0.4444444444444444,2024-03-12,alexja
Possessor,2020.0,0.5555555555555556,2024-03-12,alexja
The Nun,2018.0,0.3333333333333333,2024-03-12,alexja
Life Itself,2018.0,0.6666666666666666,2024-03-12,alexja
The Little Mermaid,2023.0,0.4444444444444444,2024-03-12,alexja
The Angry Birds Movie 2,2019.0,0.4444444444444444,2024-03-12,alexja
The Kitchen,2019.0,0.2222222222222222,2024-03-12,alexja
Escape Room,2019.0,0.4444444444444444,2024-03-12,alexja
Free Guy,2021.0,0.3333333333333333,2024-03-12,alexja
Wonka,2023.0,0.5555555555555556,2024-03-12,alexja
Night of the Living Dead,1968.0,0.4444444444444444,2024-03-12,alexja
Love Story,1970.0,0.5555555555555556,2024-03-12,alexja
Beneath the Planet of the Apes,1970.0,0.4444444444444444,2024-03-12,alexja
Rosemary's Baby,1968.0,0.4444444444444444,2024-03-12,alexja
Harold and Maude,1971.0,0.4444444444444444,2024-03-12,alexja
Dark Phoenix,2019.0,0.3333333333333333,2024-03-12,alexja
Wonder Park,2019.0,0.4444444444444444,2024-03-12,alexja
The Table,2016.0,0.5555555555555556,2024-03-12,alexja
Spider-Man: Far From Home,2019.0,0.4444444444444444,2024-03-12,alexja
Black Adam,2022.0,0.5555555555555556,2024-03-12,alexja
The Suicide Squad,2021.0,0.6666666666666666,2024-03-12,alexja
Champions,2018.0,0.4444444444444444,2024-03-12,alexja
The Guilty,2018.0,0.5555555555555556,2024-03-12,alexja
The Boy and the Heron,2023.0,0.5555555555555556,2024-03-12,alexja
Haunt,2019.0,0.4444444444444444,2024-03-12,alexja
Fear Street: 1994,2021.0,0.4444444444444444,2024-03-12,alexja
The Last House on the Left,1972.0,0.2222222222222222,2024-03-12,alexja
Deliverance,1972.0,0.4444444444444444,2024-03-12,alexja
The Way We Were,1973.0,0.5555555555555556,2024-03-12,alexja
The Exorcist,1973.0,0.4444444444444444,2024-03-12,alexja
Monty Python and the Holy Grail,1975.0,0.5555555555555556,2024-03-12,alexja
Willy Wonka & the Chocolate Factory,1971.0,0.4444444444444444,2024-03-12,alexja
A Taxi Driver,2017.0,0.5555555555555556,2024-03-12,alexja
Us,2019.0,0.4444444444444444,2024-03-12,alexja
Resident Evil: Welcome to Raccoon City,2021.0,0.4444444444444444,2024-03-12,alexja
Mandy,2018.0,0.3333333333333333,2024-03-12,alexja
Wonder Woman 1984,2020.0,0.0,2024-03-12,alexja
Forgotten,2017.0,0.5555555555555556,2024-03-12,alexja
Venom: Let There Be Carnage,2021.0,0.5555555555555556,2024-03-12,alexja
The Black Phone,2021.0,0.4444444444444444,2024-03-12,alexja
Star Wars,1977.0,0.4444444444444444,2024-03-12,alexja
Man of Steel,2013.0,0.4444444444444444,2024-03-12,alexja
The Rocky Horror Picture Show,1975.0,0.4444444444444444,2024-03-12,alexja
Thirst,2009.0,0.4444444444444444,2024-03-12,alexja
Suspiria,1977.0,0.5555555555555556,2024-03-12,alexja
The Tenant,1976.0,0.4444444444444444,2024-03-12,alexja
Into the Wild,2007.0,0.5555555555555556,2024-03-12,alexja
Barry Lyndon,1975.0,0.5555555555555556,2024-03-12,alexja
Eraserhead,1977.0,0.4444444444444444,2024-03-12,alexja
The Omen,1976.0,0.4444444444444444,2024-03-12,alexja
Annie Hall,1977.0,0.1111111111111111,2024-03-12,alexja
Grease,1978.0,0.5555555555555556,2024-03-12,alexja
Jaws,1975.0,0.4444444444444444,2024-03-12,alexja
One Flew Over the Cuckoo's Nest,1975.0,0.5555555555555556,2024-03-12,alexja
Ron's Gone Wrong,2021.0,0.4444444444444444,2024-03-12,alexja
Anna,2019.0,0.2222222222222222,2024-03-12,alexja
Marriage Story,2019.0,0.5555555555555556,2024-03-12,alexja
Saint Maud,2019.0,0.4444444444444444,2024-03-12,alexja
Apocalypse Now,1979.0,0.4444444444444444,2024-03-12,alexja
Su-ki-da,2005.0,0.1111111111111111,2024-03-12,alexja
The Changeling,1980.0,0.4444444444444444,2024-03-12,alexja
Midnight Express,1978.0,0.4444444444444444,2024-03-12,alexja
Thor,2011.0,0.4444444444444444,2024-03-12,alexja
Cannibal Holocaust,1980.0,0.4444444444444444,2024-03-12,alexja
The Elephant Man,1980.0,0.4444444444444444,2024-03-12,alexja
The Empire Strikes Back,1980.0,0.2222222222222222,2024-03-12,alexja
The Incredible Hulk,2008.0,0.3333333333333333,2024-03-12,alexja
The Fog,1980.0,0.4444444444444444,2024-03-12,alexja
Life of Brian,1979.0,0.4444444444444444,2024-03-12,alexja
Alien,1979.0,0.4444444444444444,2024-03-12,alexja
I'm Thinking of Ending Things,2020.0,0.5555555555555556,2024-03-12,alexja
The Lighthouse,2019.0,0.4444444444444444,2024-03-12,alexja
Ready or Not,2019.0,0.3333333333333333,2024-03-12,alexja
Come Play,2020.0,0.4444444444444444,2024-03-12,alexja
Nobody,2021.0,0.5555555555555556,2024-03-12,alexja
Basket Case,1982.0,0.3333333333333333,2024-03-12,alexja
The Girl Who Leapt Through Time,2006.0,0.5555555555555556,2024-03-12,alexja
Friday the 13th,1980.0,0.5555555555555556,2024-03-12,alexja
Pet Sematary,2019.0,0.3333333333333333,2024-03-12,alexja
A Tiger in Winter,2017.0,0.4444444444444444,2024-03-12,alexja
Be With You,2018.0,0.3333333333333333,2024-03-12,alexja
Turning Red,2022.0,0.3333333333333333,2024-03-12,alexja
Andhadhun,2018.0,0.5555555555555556,2024-03-12,alexja
Ghostbusters,1984.0,0.2222222222222222,2024-03-12,alexja
The Avengers,2012.0,0.4444444444444444,2024-03-12,alexja
Trick 'r Treat,2007.0,0.3333333333333333,2024-03-12,alexja
Swamp Thing,1982.0,0.4444444444444444,2024-03-12,alexja
Antichrist,2009.0,0.4444444444444444,2024-03-12,alexja
Inside,2007.0,0.3333333333333333,2024-03-12,alexja
Children of the Corn,1984.0,0.3333333333333333,2024-03-12,alexja
Christine,1983.0,0.5555555555555556,2024-03-12,alexja
Gremlins,1984.0,0.3333333333333333,2024-03-12,alexja
Poltergeist,1982.0,0.4444444444444444,2024-03-12,alexja
Eerie,2018.0,0.2222222222222222,2024-03-12,alexja
1917,2019.0,0.3333333333333333,2024-03-12,alexja
Portrait of a Lady on Fire,2019.0,0.4444444444444444,2024-03-12,alexja
Secrets in the Hot Spring,2018.0,0.4444444444444444,2024-03-12,alexja
A Land Imagined,2018.0,0.2222222222222222,2024-03-12,alexja
Eat Pray Love,2010.0,0.1111111111111111,2024-03-12,alexja
The NeverEnding Story,1984.0,0.5555555555555556,2024-03-12,alexja
The Road,2009.0,0.3333333333333333,2024-03-12,alexja
Fright Night,1985.0,0.4444444444444444,2024-03-12,alexja
Once,2007.0,0.5555555555555556,2024-03-12,alexja
The Breakfast Club,1985.0,0.6666666666666666,2024-03-12,alexja
Blue Velvet,1986.0,0.4444444444444444,2024-03-12,alexja
Out of Africa,1985.0,0.5555555555555556,2024-03-12,alexja
Once Upon a Time in America,1984.0,0.5555555555555556,2024-03-12,alexja
The Terminator,1984.0,0.5555555555555556,2024-03-12,alexja
Indiana Jones and the Temple of Doom,1984.0,0.5555555555555556,2024-03-12,alexja
M3GAN,2022.0,0.4444444444444444,2024-03-12,alexja
Relic,2020.0,0.6666666666666666,2024-03-12,alexja
Knives Out,2019.0,0.5555555555555556,2024-03-12,alexja
TerrorVision,1986.0,0.3333333333333333,2024-03-12,alexja
Creepshow 2,1987.0,0.4444444444444444,2024-03-12,alexja
The Boy in the Striped Pyjamas,2008.0,0.5555555555555556,2024-03-12,alexja
Howard the Duck,1986.0,0.4444444444444444,2024-03-12,alexja
Hellraiser,1987.0,0.3333333333333333,2024-03-12,alexja
Prince of Darkness,1987.0,0.4444444444444444,2024-03-12,alexja
The Amazing Spider-Man,2012.0,0.5555555555555556,2024-03-12,alexja
Akira,1988.0,0.4444444444444444,2024-03-12,alexja
Black Panther: Wakanda Forever,2022.0,0.4444444444444444,2024-03-12,alexja
Candyman,2021.0,0.4444444444444444,2024-03-12,alexja
Shang-Chi and the Legend of the Ten Rings,2021.0,0.5555555555555556,2024-03-12,alexja
The Guilty,2021.0,0.5555555555555556,2024-03-12,alexja
Weathering with You,2019.0,0.0,2024-03-12,alexja
Mary and Max,2009.0,0.4444444444444444,2024-03-12,alexja
Dear John,2010.0,0.3333333333333333,2024-03-12,alexja
Trouble at Timpetill,2008.0,0.4444444444444444,2024-03-12,alexja
The Return of Swamp Thing,1989.0,0.2222222222222222,2024-03-12,alexja
The Land Before Time,1988.0,0.4444444444444444,2024-03-12,alexja
Steel Magnolias,1989.0,0.5555555555555556,2024-03-12,alexja
Child's Play,1988.0,0.4444444444444444,2024-03-12,alexja
The Punisher,1989.0,0.4444444444444444,2024-03-12,alexja
Who Framed Roger Rabbit,1988.0,0.4444444444444444,2024-03-12,alexja
When Harry Met Sally...,1989.0,0.4444444444444444,2024-03-12,alexja
Dead Poets Society,1989.0,0.4444444444444444,2024-03-12,alexja
Justice League,2017.0,0.4444444444444444,2024-03-12,alexja
Last Night in Soho,2021.0,0.4444444444444444,2024-03-12,alexja
The Menu,2022.0,0.6666666666666666,2024-03-12,alexja
Lamb,2021.0,0.4444444444444444,2024-03-12,alexja
Ghost,1990.0,0.3333333333333333,2024-03-12,alexja
The Godfather Part III,1990.0,0.8888888888888888,2024-03-12,alexja
Dune: Part Two,2024.0,1.0,2024-03-12,alexja
A Clockwork Orange,1971.0,1.0,2024-03-12,alexja
The Silence of the Lambs,1991.0,0.8888888888888888,2024-03-12,alexja
The Godfather Part II,1974.0,1.0,2024-03-12,alexja
The Godfather,1972.0,1.0,2024-03-12,alexja
Her,2013.0,0.7777777777777778,2024-03-12,alexja
Despicable Me,2010.0,0.6666666666666666,2024-03-12,alexja
Perfect Days,2023.0,0.7777777777777778,2024-03-12,alexja
The Dark Crystal,1982.0,0.8888888888888888,2024-03-12,alexja
Blade Runner 2049,2017.0,0.8888888888888888,2024-03-12,alexja
Scream VI,2023.0,0.7777777777777778,2024-03-12,alexja
The Holdovers,2023.0,0.6666666666666666,2024-03-12,alexja
The Muppets,2011.0,0.8888888888888888,2024-03-12,alexja
Monster,2023.0,0.7777777777777778,2024-03-12,alexja
Big Trouble in Little China,1986.0,0.7777777777777778,2024-03-12,alexja
Past Lives,2023.0,0.7777777777777778,2024-03-12,alexja
Saw X,2023.0,0.7777777777777778,2024-03-12,alexja
Love Gets a Room,2021.0,0.4444444444444444,2024-03-12,alexja
Taxi Driver,1976.0,1.0,2024-03-12,alexja
The Thing,1982.0,1.0,2024-03-12,alexja
The Strangers,2008.0,0.8888888888888888,2024-03-12,alexja
Funny Games,1997.0,0.7777777777777778,2024-03-12,alexja
El verano que vivimos,2020.0,0.7777777777777778,2024-03-12,alexja
Dark City,1998.0,0.6666666666666666,2024-03-12,alexja
The Descent,2005.0,0.8888888888888888,2024-03-12,alexja
In the Mouth of Madness,1994.0,0.6666666666666666,2024-03-12,alexja
Evil Dead Rise,2023.0,0.8888888888888888,2024-03-12,alexja
Guardians of the Galaxy Vol. 3,2023.0,0.8888888888888888,2024-03-12,alexja
John Wick: Chapter 4,2023.0,1.0,2024-03-12,alexja
Back to the Future Part III,1990.0,0.4444444444444444,2024-03-12,alexja
The Quiet Girl,2022.0,0.8888888888888888,2024-03-12,alexja
Speak No Evil,2022.0,0.8888888888888888,2024-03-12,alexja
Everything Everywhere All at Once,2022.0,0.7777777777777778,2024-03-12,alexja
Aftersun,2022.0,1.0,2024-03-12,alexja
Pearl,2022.0,0.8888888888888888,2024-03-12,alexja
Chhichhore,2019.0,1.0,2024-03-12,alexja
Grave of the Fireflies,1988.0,0.6666666666666666,2024-03-12,alexja
My Neighbor Totoro,1988.0,0.6666666666666666,2024-03-12,alexja
I Want to Eat Your Pancreas,2018.0,0.8888888888888888,2024-03-12,alexja
A Silent Voice: The Movie,2016.0,0.8888888888888888,2024-03-12,alexja
When Marnie Was There,2014.0,0.8888888888888888,2024-03-12,alexja
Spirited Away,2001.0,0.8888888888888888,2024-03-12,alexja
The Wind Rises,2013.0,0.8888888888888888,2024-03-12,alexja
Colorful,2010.0,1.0,2024-03-12,alexja
Perfect Blue,1997.0,1.0,2024-03-12,alexja
Whisper of the Heart,1995.0,0.6666666666666666,2024-03-12,alexja
Close,2022.0,0.8888888888888888,2024-03-12,alexja
Bad Taste,1987.0,0.6666666666666666,2024-03-12,alexja
Smile,2022.0,0.8888888888888888,2024-03-12,alexja
Metro Manila,2013.0,0.7777777777777778,2024-03-12,alexja
Flipped,2010.0,0.6666666666666666,2024-03-12,alexja
The Man in the Moon,1991.0,0.8888888888888888,2024-03-12,alexja
Little Miss Sunshine,2006.0,0.7777777777777778,2024-03-12,alexja
The Fifth Element,1997.0,0.6666666666666666,2024-03-12,alexja
Tumbbad,2018.0,0.8888888888888888,2024-03-12,alexja
Stree,2018.0,0.6666666666666666,2024-03-12,alexja
Miracle in Cell No. 7,2013.0,0.7777777777777778,2024-03-12,alexja
Doctor Strange in the Multiverse of Madness,2022.0,0.8888888888888888,2024-03-12,alexja
X,2022.0,0.8888888888888888,2024-03-12,alexja
War for the Planet of the Apes,2017.0,1.0,2024-03-12,alexja
Hope,2013.0,0.7777777777777778,2024-03-12,alexja
Billy Elliot,2000.0,0.6666666666666666,2024-03-12,alexja
Ju-on: The Grudge,2002.0,0.6666666666666666,2024-03-12,alexja
The Batman,2022.0,0.6666666666666666,2024-03-12,alexja
Marrowbone,2017.0,0.7777777777777778,2024-03-12,alexja
Eternals,2021.0,0.6666666666666666,2024-03-12,alexja
Scream,2022.0,0.6666666666666666,2024-03-12,alexja
Vertigo,1958.0,0.7777777777777778,2024-03-12,alexja
The Wailing,2016.0,0.7777777777777778,2024-03-12,alexja
Spider-Man: Homecoming,2017.0,0.0,2024-03-12,alexja
Stand by Me,1986.0,0.6666666666666666,2024-03-12,alexja
Green Book,2018.0,0.7777777777777778,2024-03-12,alexja
Blade II,2002.0,1.0,2024-03-12,alexja
WarGames,1983.0,0.6666666666666666,2024-03-12,alexja
Birds of Prey (and the Fantabulous Emancipation of One Harley Quinn),2020.0,0.6666666666666666,2024-03-12,alexja
Watchmen,2009.0,0.7777777777777778,2024-03-12,alexja
Raging Bull,1980.0,0.6666666666666666,2024-03-12,alexja
"Monsters, Inc.",2001.0,0.6666666666666666,2024-03-12,alexja
Hercules,1997.0,0.6666666666666666,2024-03-12,alexja
A Bug's Life,1998.0,0.6666666666666666,2024-03-12,alexja
West Side Story,1961.0,1.0,2024-03-12,alexja
Cinema Paradiso,1988.0,0.8888888888888888,2024-03-12,alexja
Kill Bill: Vol. 1,2003.0,0.8888888888888888,2024-03-12,alexja
Kill Bill: Vol. 2,2004.0,0.6666666666666666,2024-03-12,alexja
Braindead,1992.0,0.6666666666666666,2024-03-12,alexja
Escape from New York,1981.0,0.6666666666666666,2024-03-12,alexja
Dogville,2003.0,1.0,2024-03-12,alexja
The Apartment,1960.0,0.6666666666666666,2024-03-12,alexja
Poetry,2010.0,0.7777777777777778,2024-03-12,alexja
Han Gong-ju,2013.0,0.7777777777777778,2024-03-12,alexja
Cape Fear,1991.0,0.6666666666666666,2024-03-12,alexja
The Collector,1965.0,0.6666666666666666,2024-03-12,alexja
Muppets Haunted Mansion,2021.0,0.5555555555555556,2024-03-12,alexja
Videodrome,1983.0,0.6666666666666666,2024-03-12,alexja
Back to the Future Part II,1989.0,0.6666666666666666,2024-03-12,alexja
Back to the Future,1985.0,0.7777777777777778,2024-03-12,alexja
They Live,1988.0,1.0,2024-03-12,alexja
Little Shop of Horrors,1986.0,0.8888888888888888,2024-03-12,alexja
Creepshow,1982.0,0.7777777777777778,2024-03-12,alexja
The Texas Chain Saw Massacre,1974.0,0.8888888888888888,2024-03-12,alexja
Halloween II,1981.0,0.6666666666666666,2024-03-12,alexja
The Warriors,1979.0,1.0,2024-03-12,alexja
Dune,2021.0,0.7777777777777778,2024-03-12,alexja
Dune,1984.0,0.6666666666666666,2024-03-12,alexja
mother!,2017.0,0.8888888888888888,2024-03-12,alexja
Lost Highway,1997.0,0.8888888888888888,2024-03-12,alexja
My Girl,1991.0,0.8888888888888888,2024-03-12,alexja
Planet of the Apes,1968.0,0.7777777777777778,2024-03-12,alexja
The Conjuring: The Devil Made Me Do It,2021.0,0.6666666666666666,2024-03-12,alexja
The Muppet Christmas Carol,1992.0,0.7777777777777778,2024-03-12,alexja
Coco,2017.0,0.8888888888888888,2024-03-12,alexja
Monsters University,2013.0,0.6666666666666666,2024-03-12,alexja
Wallace & Gromit: The Curse of the Were-Rabbit,2005.0,0.8888888888888888,2024-03-12,alexja
Unforgiven,1992.0,0.6666666666666666,2024-03-12,alexja
Mystic River,2003.0,0.7777777777777778,2024-03-12,alexja
Brazil,1985.0,1.0,2024-03-12,alexja
The Mist,2007.0,0.6666666666666666,2024-03-12,alexja
A Monster Calls,2016.0,0.6666666666666666,2024-03-12,alexja
Identity,2003.0,0.7777777777777778,2024-03-12,alexja
Les Misérables,2012.0,0.6666666666666666,2024-03-12,alexja
The Muppet Movie,1979.0,0.6666666666666666,2024-03-12,alexja
The Evil Dead,1981.0,0.7777777777777778,2024-03-12,alexja
Blade Runner,1982.0,0.6666666666666666,2024-03-12,alexja
Drive,2011.0,0.7777777777777778,2024-03-12,alexja
The Conjuring 2,2016.0,0.7777777777777778,2024-03-12,alexja
Saw,2004.0,0.6666666666666666,2024-03-12,alexja
Castaway on the Moon,2009.0,1.0,2024-03-12,alexja
My Sassy Girl,2001.0,0.8888888888888888,2024-03-12,alexja
Mother,2009.0,0.8888888888888888,2024-03-12,alexja
Black Christmas,1974.0,0.8888888888888888,2024-03-12,alexja
Mulholland Drive,2001.0,1.0,2024-03-12,alexja
Lady Bird,2017.0,0.7777777777777778,2024-03-12,alexja
Where the Wild Things Are,2009.0,0.6666666666666666,2024-03-12,alexja
Seven Pounds,2008.0,0.6666666666666666,2024-03-12,alexja
John Wick: Chapter 3 – Parabellum,2019.0,0.8888888888888888,2024-03-12,alexja
John Wick: Chapter 2,2017.0,0.7777777777777778,2024-03-12,alexja
Million Dollar Baby,2004.0,0.7777777777777778,2024-03-12,alexja
John Wick,2014.0,0.6666666666666666,2024-03-12,alexja
Singin' in the Rain,1952.0,0.7777777777777778,2024-03-12,alexja
Corpse Bride,2005.0,0.5555555555555556,2024-03-12,alexja
The Goonies,1985.0,0.5555555555555556,2024-03-12,alexja
The Wicker Man,1973.0,1.0,2024-03-12,alexja
The Birds,1963.0,0.6666666666666666,2024-03-12,alexja
The Handmaiden,2016.0,0.8888888888888888,2024-03-12,alexja
Burning,2018.0,0.8888888888888888,2024-03-12,alexja
I Saw the Devil,2010.0,0.7777777777777778,2024-03-12,alexja
Oldboy,2003.0,1.0,2024-03-12,alexja
Never Let Me Go,2010.0,0.8888888888888888,2024-03-12,alexja
Evil Dead II,1987.0,0.6666666666666666,2024-03-12,alexja
Army of Darkness,1992.0,0.5555555555555556,2024-03-12,alexja
Hereditary,2018.0,0.7777777777777778,2024-03-12,alexja
Parasite,2019.0,0.8888888888888888,2024-03-12,alexja
The Witch,2015.0,0.7777777777777778,2024-03-12,alexja
Midsommar,2019.0,1.0,2024-03-12,alexja
Misery,1990.0,0.7777777777777778,2024-03-12,alexja
It Follows,2014.0,0.8888888888888888,2024-03-12,alexja
The Babadook,2014.0,0.7777777777777778,2024-03-12,alexja
A Nightmare on Elm Street,1984.0,0.6666666666666666,2024-03-12,alexja
The Shining,1980.0,1.0,2024-03-12,alexja
Psycho,1960.0,1.0,2024-03-12,alexja
Halloween,1978.0,1.0,2024-03-12,alexja
GoodFellas,1990.0,0.6666666666666666,2024-03-12,alexja
American Beauty,1999.0,0.7777777777777778,2024-03-12,alexja
Pulp Fiction,1994.0,1.0,2024-03-12,alexja
Before Sunrise,1995.0,0.7777777777777778,2024-03-12,alexja
Before Sunset,2004.0,0.6666666666666666,2024-03-12,alexja
Joker,2019.0,0.7777777777777778,2024-03-12,alexja
Dunkirk,2017.0,0.8888888888888888,2024-03-12,alexja
Bridge to Terabithia,2007.0,0.6666666666666666,2024-03-12,alexja
Guardians of the Galaxy Vol. 2,2017.0,0.7777777777777778,2024-03-12,alexja
Lost in Translation,2003.0,0.6666666666666666,2024-03-12,alexja
Guardians of the Galaxy,2014.0,0.7777777777777778,2024-03-12,alexja
Deadpool,2016.0,0.6666666666666666,2024-03-12,alexja
Doctor Strange,2016.0,0.7777777777777778,2024-03-12,alexja
(500) Days of Summer,2009.0,1.0,2024-03-12,alexja
Slumdog Millionaire,2008.0,0.5555555555555556,2024-03-12,alexja
Eden Lake,2008.0,0.5555555555555556,2024-04-21,alexja
Totally Killer,2023.0,0.4444444444444444,2024-04-21,alexja
Slaxx,2020.0,0.4444444444444444,2024-04-21,alexja
Dolls,2002.0,0.3333333333333333,2024-04-21,alexja
First Love,2019.0,0.4444444444444444,2024-04-21,alexja
Possum,2018.0,0.7777777777777778,2024-04-21,alexja
Happiness,1998.0,0.6666666666666666,2024-04-21,alexja
Godzilla × Kong: The New Empire,2024.0,0.6666666666666666,2024-04-21,alexja
Late Night with the Devil,2023.0,0.7777777777777778,2024-04-21,alexja
After Hours,1985.0,0.5555555555555556,2024-04-27,alexja
Halloween Kills,2021.0,0.6666666666666666,2024-04-27,alexja
Supernova,2020.0,0.4444444444444444,2024-04-28,alexja
All the Bright Places,2020.0,0.7777777777777778,2024-04-28,alexja
Monkey Man,2024.0,0.7777777777777778,2024-05-01,alexja
Riki-Oh: The Story of Ricky,1991.0,0.8888888888888888,2024-05-02,alexja
Teenage Mutant Ninja Turtles,1990.0,0.6666666666666666,2024-05-05,alexja
Possession,1981.0,0.6666666666666666,2024-05-05,alexja
Being John Malkovich,1999.0,0.7777777777777778,2024-05-05,alexja
Godzilla Minus One,2023.0,0.5555555555555556,2024-05-11,alexja
The Straight Story,1999.0,0.6666666666666666,2024-05-11,alexja
The Zone of Interest,2023.0,0.3333333333333333,2024-05-25,alexja
Babyteeth,2019.0,0.7777777777777778,2024-05-25,alexja
The Coffee Table,2022.0,0.5555555555555556,2024-05-25,alexja
Manjummel Boys,2024.0,0.4444444444444444,2024-05-26,alexja
Chithha,2023.0,0.6666666666666666,2024-05-26,alexja
Shaitaan,2024.0,0.4444444444444444,2024-06-01,alexja
Wild at Heart,1990.0,1.0,2024-06-01,alexja
Abigail,2024.0,0.4444444444444444,2024-06-08,alexja
The First Omen,2024.0,0.5555555555555556,2024-06-09,alexja
Antrum,2018.0,0.5555555555555556,2024-06-09,alexja
Panic Room,2002.0,0.6666666666666666,2024-06-15,alexja
Lucky,2017.0,1.0,2024-06-15,alexja
The Fall Guy,2024.0,0.6666666666666666,2024-06-16,alexja
Rebel Without a Cause,1955.0,0.5555555555555556,2024-06-16,alexja
Frankenhooker,1990.0,0.3333333333333333,2024-06-16,alexja
Climax,2018.0,0.3333333333333333,2024-06-16,alexja
The Gingerdead Man,2005.0,0.3333333333333333,2024-06-16,alexja
Romeo + Juliet,1996.0,0.5555555555555556,2024-06-16,alexja
Mississippi Burning,1988.0,0.5555555555555556,2024-06-16,alexja
Arrival,2016.0,0.6666666666666666,2024-06-16,alexja
A Letter to Momo,2011.0,0.5555555555555556,2024-06-16,alexja
The Blair Witch Project,1999.0,0.5555555555555556,2024-06-16,alexja
Suzume,2022.0,0.3333333333333333,2024-06-16,alexja
Cyclo,1995.0,0.1111111111111111,2024-06-16,alexja
Attack of the Killer Tomatoes!,1978.0,0.2222222222222222,2024-06-16,alexja
Twilight,2008.0,0.2222222222222222,2024-06-16,alexja
The Crow,1994.0,0.6666666666666666,2024-06-16,alexja
Men,2022.0,0.6666666666666666,2024-06-16,alexja
Creep,2014.0,0.6666666666666666,2024-06-16,alexja
Meet the Feebles,1989.0,0.6666666666666666,2024-06-16,alexja
Starman,1984.0,0.6666666666666666,2024-06-16,alexja
Phantom of the Paradise,1974.0,0.6666666666666666,2024-06-16,alexja
The Village,2004.0,0.6666666666666666,2024-06-16,alexja
Insidious,2010.0,0.6666666666666666,2024-06-16,alexja
The Fabelmans,2022.0,0.6666666666666666,2024-06-16,alexja
10 Things I Hate About You,1999.0,0.6666666666666666,2024-06-16,alexja
Candyman,1992.0,0.6666666666666666,2024-06-16,alexja
Miller's Crossing,1990.0,0.6666666666666666,2024-06-16,alexja
Gran Torino,2008.0,0.6666666666666666,2024-06-16,alexja
True Romance,1993.0,0.7777777777777778,2024-06-16,alexja
The Nightmare Before Christmas,1993.0,0.7777777777777778,2024-06-16,alexja
[REC],2007.0,0.7777777777777778,2024-06-16,alexja
Pink Flamingos,1972.0,0.7777777777777778,2024-06-16,alexja
Cry-Baby,1990.0,0.7777777777777778,2024-06-16,alexja
Ex Machina,2015.0,0.7777777777777778,2024-06-16,alexja
Carrie,1976.0,0.8888888888888888,2024-06-16,alexja
Dark Night of the Scarecrow,1981.0,0.8888888888888888,2024-06-16,alexja
American Psycho,2000.0,0.8888888888888888,2024-06-16,alexja
Impetigore,2019.0,0.8888888888888888,2024-06-16,alexja
The Dark and the Wicked,2020.0,0.8888888888888888,2024-06-16,alexja
Elemental,2023.0,0.7777777777777778,2024-06-16,alexja
The House That Jack Built,2018.0,0.8888888888888888,2024-06-16,alexja
The Visit,2015.0,0.8888888888888888,2024-06-16,alexja
The Beasts,2022.0,0.7777777777777778,2024-06-16,alexja
One Day,2011.0,0.6666666666666666,2024-06-16,alexja
Léon: The Professional,1994.0,0.6666666666666666,2024-06-16,alexja
Reservoir Dogs,1992.0,0.6666666666666666,2024-06-16,alexja
Love Actually,2003.0,0.6666666666666666,2024-06-16,alexja
Ebola Syndrome,1996.0,0.3333333333333333,2024-07-07,alexja
The Watchers,2024.0,0.6666666666666666,2024-07-07,alexja
On the Beach at Night Alone,2017.0,0.4444444444444444,2024-07-08,alexja
Last Child,2017.0,0.6666666666666666,2024-07-08,alexja
Incendies,2010.0,0.8888888888888888,2024-07-08,alexja
The Day of the Beast,1995.0,0.5555555555555556,2024-07-09,alexja
Kingdom of the Planet of the Apes,2024.0,0.6666666666666666,2024-07-20,alexja
"Paris, Texas",1984.0,0.7777777777777778,2024-07-21,alexja
Fallen Leaves,2023.0,0.5555555555555556,2024-07-21,alexja
No Country for Old Men,2007.0,0.8888888888888888,2024-07-22,alexja
Deadpool & Wolverine,2024.0,0.7777777777777778,2024-07-27,alexja
It Happened One Night,1934.0,0.7777777777777778,2024-07-28,alexja
Broker,2022.0,0.7777777777777778,2024-07-28,alexja
The Whale,2022.0,0.6666666666666666,2024-07-28,alexja
The Vanishing,1988.0,0.6666666666666666,2024-07-28,alexja
Interstellar,2014.0,0.6666666666666666,2024-07-28,alexja
The Princess and the Frog,2009.0,0.6666666666666666,2024-07-28,alexja
The Banshees of Inisherin,2022.0,0.6666666666666666,2024-07-28,alexja
Summer of 84,2018.0,0.6666666666666666,2024-07-28,alexja
The Collector,2009.0,0.6666666666666666,2024-07-28,alexja
Your Name.,2016.0,0.6666666666666666,2024-07-28,alexja
Upgrade,2018.0,0.6666666666666666,2024-07-28,alexja
The Innocents,2021.0,0.6666666666666666,2024-07-28,alexja
It's a Wonderful Life,1946.0,0.6666666666666666,2024-07-28,alexja
Brokeback Mountain,2005.0,0.6666666666666666,2024-07-28,alexja
Logan,2017.0,0.6666666666666666,2024-07-28,alexja
Pee Mak,2013.0,0.6666666666666666,2024-07-28,alexja
The Kings of Summer,2013.0,0.6666666666666666,2024-07-28,alexja
A Beautiful Mind,2001.0,0.6666666666666666,2024-07-28,alexja
Amélie,2001.0,0.6666666666666666,2024-07-28,alexja
Good Boy,2022.0,0.6666666666666666,2024-07-28,alexja
Memento,2000.0,0.6666666666666666,2024-07-28,alexja
X-Men: The Last Stand,2006.0,0.6666666666666666,2024-07-28,alexja
Big Hero 6,2014.0,0.6666666666666666,2024-07-28,alexja
Dancer in the Dark,2000.0,0.6666666666666666,2024-07-28,alexja
The Kid with a Bike,2011.0,0.6666666666666666,2024-07-28,alexja
Guillermo del Toro's Pinocchio,2022.0,0.6666666666666666,2024-07-28,alexja
Shutter Island,2010.0,0.6666666666666666,2024-07-28,alexja
Twin Peaks: Fire Walk with Me,1992.0,0.6666666666666666,2024-07-28,alexja
Delicatessen,1991.0,0.6666666666666666,2024-07-28,alexja
The Fly,1986.0,0.3333333333333333,2024-07-28,alexja
From Up on Poppy Hill,2011.0,0.3333333333333333,2024-07-28,alexja
5 Centimeters per Second,2007.0,0.5555555555555556,2024-07-28,alexja
The Super Mario Bros. Movie,2023.0,0.5555555555555556,2024-07-28,alexja
The Host,2006.0,0.5555555555555556,2024-07-28,alexja
Pan's Labyrinth,2006.0,0.5555555555555556,2024-07-28,alexja
Goodnight Mommy,2014.0,0.5555555555555556,2024-07-28,alexja
The Butterfly Effect,2004.0,0.5555555555555556,2024-07-28,alexja
Steins;Gate: The Movie - Load Region of Déjà Vu,2013.0,0.5555555555555556,2024-07-28,alexja
Hannibal,2001.0,0.5555555555555556,2024-07-28,alexja
Amour,2012.0,0.5555555555555556,2024-07-28,alexja
Moonrise Kingdom,2012.0,0.5555555555555556,2024-07-28,alexja
Heavenly Creatures,1994.0,0.5555555555555556,2024-07-28,alexja
Twelve Monkeys,1995.0,0.5555555555555556,2024-07-28,alexja
Edward Scissorhands,1990.0,0.5555555555555556,2024-07-28,alexja
The Wolf of Wall Street,2013.0,0.5555555555555556,2024-07-28,alexja
Gretel & Hansel,2020.0,0.5555555555555556,2024-07-28,alexja
WALL·E,2008.0,0.5555555555555556,2024-07-28,alexja
Scarface,1983.0,0.5555555555555556,2024-07-28,alexja
Rumble Fish,1983.0,0.5555555555555556,2024-07-28,alexja
The Great Muppet Caper,1981.0,0.5555555555555556,2024-07-28,alexja
Wrath of Silence,2017.0,0.5555555555555556,2024-07-28,alexja
A Fistful of Dollars,1964.0,0.5555555555555556,2024-07-28,alexja
The Orphanage,2007.0,0.5555555555555556,2024-07-28,alexja
Extremely Loud & Incredibly Close,2011.0,0.5555555555555556,2024-07-28,alexja
Hostel,2005.0,0.5555555555555556,2024-07-28,alexja
Wolf Creek,2005.0,0.5555555555555556,2024-07-28,alexja
Pride & Prejudice,2005.0,0.5555555555555556,2024-07-28,alexja
Moonlight,2016.0,0.5555555555555556,2024-07-28,alexja
No One Will Save You,2023.0,0.5555555555555556,2024-07-28,alexja
[REC]²,2009.0,0.5555555555555556,2024-07-28,alexja
The Grandmother,2021.0,0.5555555555555556,2024-07-28,alexja
Martyrs,2008.0,0.5555555555555556,2024-07-28,alexja
The Conjuring,2013.0,0.5555555555555556,2024-07-28,alexja
Okja,2017.0,0.5555555555555556,2024-07-28,alexja
The Lobster,2015.0,0.5555555555555556,2024-07-28,alexja
A Quiet Place,2018.0,0.6666666666666666,2024-07-28,alexja
A Quiet Place: Day One,2024.0,0.8888888888888888,2024-07-28,alexja
Infinity Pool,2023.0,0.8888888888888888,2024-07-28,alexja
MaXXXine,2024.0,0.4444444444444444,2024-08-03,alexja
Infested,2023.0,0.5555555555555556,2024-08-04,alexja
Sometimes I Think About Dying,2023.0,0.5555555555555556,2024-08-04,alexja
Robot Dreams,2023.0,0.6666666666666666,2024-08-31,alexja
The Frighteners,1996.0,0.5555555555555556,2024-09-01,alexja
V/H/S,2012.0,0.4444444444444444,2024-09-01,alexja
A Grand Day Out,1989.0,0.4444444444444444,2024-09-07,alexja
The Wrong Trousers,1993.0,0.8888888888888888,2024-09-07,alexja
A Close Shave,1995.0,0.8888888888888888,2024-09-08,alexja
A Matter of Loaf and Death,2008.0,0.7777777777777778,2024-09-08,alexja
Trap,2024.0,0.5555555555555556,2024-09-08,alexja
Dìdi (弟弟),2024.0,0.7777777777777778,2024-09-08,alexja
How to Make Millions Before Grandma Dies,2024.0,1.0,2024-09-14,alexja
Lake Mungo,2008.0,0.5555555555555556,2024-09-14,alexja
Winnie-the-Pooh: Blood and Honey 2,2024.0,0.4444444444444444,2024-09-15,alexja
Furiosa: A Mad Max Saga,2024.0,0.7777777777777778,2024-09-15,alexja
Dancing Village: The Curse Begins,2024.0,0.5555555555555556,2024-09-16,alexja
2012,2009.0,0.3333333333333333,2024-09-16,alexja
Challengers,2024.0,0.4444444444444444,2024-09-16,alexja
Hotarubi no Mori e,2011.0,0.6666666666666666,2024-09-16,alexja
Metropolis,1927.0,0.5555555555555556,2024-09-16,alexja
Saw II,2005.0,0.5555555555555556,2024-09-16,alexja
Beetlejuice Beetlejuice,2024.0,0.8888888888888888,2024-09-16,alexja
Beetlejuice,1988.0,0.8888888888888888,2024-09-16,alexja
Kikujiro,1999.0,0.6666666666666666,2024-09-16,alexja
The Platform,2019.0,0.6666666666666666,2024-09-16,alexja
Another Round,2020.0,0.7777777777777778,2024-09-16,alexja
A Quiet Place Part II,2020.0,0.5555555555555556,2024-09-16,alexja
Ghostland,2018.0,0.5555555555555556,2024-09-16,alexja
War of the Worlds,2005.0,0.5555555555555556,2024-09-16,alexja
The Machinist,2004.0,0.5555555555555556,2024-09-16,alexja
Before Midnight,2013.0,0.5555555555555556,2024-09-16,alexja
In a Better World,2010.0,0.5555555555555556,2024-09-16,alexja
Stalker,1979.0,0.7777777777777778,2024-09-16,alexja
Avengers: Infinity War,2018.0,0.8888888888888888,2024-09-16,alexja
Doctor Sleep,2019.0,0.8888888888888888,2024-09-16,alexja
Rise of the Planet of the Apes,2011.0,0.8888888888888888,2024-09-16,alexja
Dawn of the Planet of the Apes,2014.0,0.8888888888888888,2024-09-16,alexja
Blade,1998.0,0.8888888888888888,2024-09-16,alexja
Cure,1997.0,0.4444444444444444,2024-09-17,alexja
Repo Man,1984.0,0.5555555555555556,2024-09-17,alexja
From Beyond,1986.0,0.5555555555555556,2024-09-18,alexja
Prisoners,2013.0,0.8888888888888888,2024-09-21,alexja
Cuckoo,2024.0,0.2222222222222222,2024-09-21,alexja
Eyes Wide Shut,1999.0,0.7777777777777778,2024-09-22,alexja
Picnic at Hanging Rock,1975.0,0.6666666666666666,2024-09-22,alexja
Heavy Trip,2018.0,0.5555555555555556,2024-09-22,alexja
Pulse,2001.0,0.4444444444444444,2024-09-23,alexja
Sing Sing,2023.0,0.7777777777777778,2024-09-28,alexja
Wolfwalkers,2020.0,0.7777777777777778,2024-09-28,alexja
Rabbits,2002.0,0.4444444444444444,2024-09-29,alexja
Once Upon a Time... in Hollywood,2019.0,0.5555555555555556,2024-09-29,alexja
Percy Jackson & the Olympians: The Lightning Thief,2010.0,0.5555555555555556,2024-09-29,alexja
Labyrinth,1986.0,0.5555555555555556,2024-09-29,alexja
Porky's,1981.0,0.5555555555555556,2024-09-29,alexja
The Day After Tomorrow,2004.0,0.5555555555555556,2024-09-29,alexja
You Won't Be Alone,2022.0,0.6666666666666666,2024-09-29,alexja
Oddity,2024.0,0.7777777777777778,2024-09-29,alexja
Kung Fu Hustle,2004.0,0.6666666666666666,2024-09-29,alexja
Joker: Folie à Deux,2024.0,0.4444444444444444,2024-10-05,alexja
Speak No Evil,2024.0,0.4444444444444444,2024-10-05,alexja
Inland Empire,2006.0,0.7777777777777778,2024-10-05,alexja
Take Shelter,2011.0,0.7777777777777778,2024-10-06,alexja
Salem's Lot,2024.0,0.4444444444444444,2024-10-06,alexja
Scooby-Doo on Zombie Island,1998.0,0.4444444444444444,2024-10-08,alexja
Cats,1998.0,0.5555555555555556,2024-10-09,alexja
The Substance,2024.0,0.7777777777777778,2024-10-12,alexja
Bramayugam,2024.0,0.7777777777777778,2024-10-13,alexja
Streets of Fire,1984.0,0.8888888888888888,2024-10-13,alexja
Fiddler on the Roof,1971.0,0.7777777777777778,2024-10-14,alexja
Satan's Slaves,2017.0,0.4444444444444444,2024-10-14,alexja
Dinner in America,2020.0,0.7777777777777778,2024-10-15,alexja
Black Swan,2010.0,0.7777777777777778,2024-10-16,alexja
When Evil Lurks,2023.0,0.7777777777777778,2024-10-16,alexja
Full Metal Jacket,1987.0,0.6666666666666666,2024-10-16,alexja
Invasion of the Body Snatchers,1978.0,0.6666666666666666,2024-10-16,alexja
Get Out,2017.0,0.6666666666666666,2024-10-16,alexja
The Hills Have Eyes,2006.0,0.6666666666666666,2024-10-16,alexja
One Cut of the Dead,2017.0,0.6666666666666666,2024-10-16,alexja
The Secret in Their Eyes,2009.0,0.6666666666666666,2024-10-16,alexja
The Eight Mountains,2022.0,0.6666666666666666,2024-10-16,alexja
The Talented Mr. Ripley,1999.0,0.6666666666666666,2024-10-16,alexja
A Prophet,2009.0,0.6666666666666666,2024-10-16,alexja
The Usual Suspects,1995.0,0.6666666666666666,2024-10-16,alexja
Paper Moon,1973.0,0.5555555555555556,2024-10-16,alexja
The Purge,2013.0,0.5555555555555556,2024-10-16,alexja
Edge of Tomorrow,2014.0,0.5555555555555556,2024-10-16,alexja
The Virgin Suicides,1999.0,0.5555555555555556,2024-10-16,alexja
The Greatest Showman,2017.0,0.5555555555555556,2024-10-16,alexja
Men in Black II,2002.0,0.5555555555555556,2024-10-16,alexja
Sleepaway Camp,1983.0,0.6666666666666666,2024-10-16,alexja
Whiplash,2014.0,0.6666666666666666,2024-10-16,alexja
Licorice Pizza,2021.0,0.3333333333333333,2024-10-17,alexja
The Holiday,2006.0,0.6666666666666666,2024-10-18,alexja
Smile 2,2024.0,0.6666666666666666,2024-10-19,alexja
The Wild Robot,2024.0,0.6666666666666666,2024-10-19,alexja
Kill,2023.0,0.7777777777777778,2024-10-21,alexja
Maharaja,2024.0,0.8888888888888888,2024-10-21,alexja
Assault on Precinct 13,1976.0,0.6666666666666666,2024-10-25,alexja
Alien: Romulus,2024.0,0.6666666666666666,2024-10-26,alexja
The Driver,1978.0,0.6666666666666666,2024-10-26,alexja
Terrifier 3,2024.0,0.5555555555555556,2024-10-27,alexja
3 Idiots,2009.0,0.8888888888888888,2024-10-27,alexja
Werckmeister Harmonies,2000.0,0.7777777777777778,2024-10-28,alexja
A Woman Under the Influence,1974.0,0.7777777777777778,2024-10-28,alexja
Coraline,2009.0,0.7777777777777778,2024-11-01,alexja
Opera,1987.0,0.6666666666666666,2024-11-01,alexja
The Muppets Take Manhattan,1984.0,0.6666666666666666,2024-11-02,alexja
Gone Girl,2014.0,0.6666666666666666,2024-11-02,alexja
Fantastic Mr. Fox,2009.0,0.7777777777777778,2024-11-02,alexja
Strings,2004.0,0.7777777777777778,2024-11-02,alexja
Kantara,2022.0,0.3333333333333333,2024-11-03,alexja
Muppets from Space,1999.0,0.5555555555555556,2024-11-03,alexja
Capernaum,2018.0,0.5555555555555556,2024-11-22,alexja
Torrente: The Dumb Arm of the Law,1998.0,0.3333333333333333,2024-11-23,alexja
Torrente 2: Mission in Marbella,2001.0,0.3333333333333333,2024-11-23,alexja
A Different Man,2024.0,0.4444444444444444,2024-11-24,alexja
The City of Lost Children,1995.0,0.6666666666666666,2024-11-24,alexja
Emmet Otter's Jug-Band Christmas,1977.0,0.6666666666666666,2024-11-25,alexja
First Reformed,2017.0,0.7777777777777778,2024-11-30,alexja
El Sur,1983.0,0.8888888888888888,2024-11-30,alexja
A Muppet Family Christmas,1987.0,0.7777777777777778,2024-12-01,alexja
Muppet Treasure Island,1996.0,0.7777777777777778,2024-12-01,alexja
Jim Henson Idea Man,2024.0,1.0,2024-12-01,alexja
Look Back,2024.0,0.5555555555555556,2024-12-01,alexja
Alice,1988.0,0.4444444444444444,2024-12-02,alexja
The Adventures of Elmo in Grouchland,1999.0,0.6666666666666666,2024-12-03,alexja
An American Werewolf in London,1981.0,0.6666666666666666,2024-12-07,alexja
Top Gun,1986.0,0.4444444444444444,2024-12-08,alexja
Ichi the Killer,2001.0,0.6666666666666666,2024-12-08,alexja
The Lost Boys,1987.0,0.5555555555555556,2024-12-08,alexja
Deep Red,1975.0,0.5555555555555556,2024-12-09,alexja
Heretic,2024.0,0.8888888888888888,2024-12-14,alexja
Venom: The Last Dance,2024.0,0.3333333333333333,2024-12-15,alexja
The Farewell,2019.0,0.4444444444444444,2024-12-15,alexja
The Seventh Curse,1986.0,0.6666666666666666,2024-12-21,alexja
The Cat,1992.0,0.5555555555555556,2024-12-22,alexja
Wallace & Gromit: Vengeance Most Fowl,2024.0,0.8888888888888888,2025-01-04,alexja
Wicked,2024.0,0.7777777777777778,2025-01-05,alexja
Emilia Pérez,2024.0,0.5555555555555556,2025-01-25,alexja
Sonic the Hedgehog 3,2024.0,0.6666666666666666,2025-01-26,alexja
Top Gun: Maverick,2022.0,0.8888888888888888,2025-01-26,alexja
Flow,2024.0,0.5555555555555556,2025-01-26,alexja
We Live in Time,2024.0,0.6666666666666666,2025-02-01,alexja
Nosferatu,2024.0,0.5555555555555556,2025-02-01,alexja
Interview with the Vampire,1994.0,0.5555555555555556,2025-02-02,alexja
Fresh,2022.0,0.5555555555555556,2025-02-02,alexja
A Nightmare on Elm Street Part 2: Freddy's Revenge,1985.0,0.4444444444444444,2025-02-08,alexja
Anora,2024.0,0.6666666666666666,2025-02-09,alexja
Elvira: Mistress of the Dark,1988.0,0.4444444444444444,2025-02-09,alexja
Columbus,2017.0,0.7777777777777778,2025-02-09,alexja
Better Man,2024.0,0.4444444444444444,2025-02-15,alexja
A Nightmare on Elm Street 3: Dream Warriors,1987.0,0.5555555555555556,2025-02-17,alexja
Paterson,2016.0,0.6666666666666666,2025-02-22,alexja
The Spirit of the Beehive,1973.0,0.4444444444444444,2025-02-23,alexja
The Brutalist,2024.0,0.6666666666666666,2025-02-23,alexja
Dog Man,2025.0,0.7777777777777778,2025-02-23,alexja
The Monkey,2025.0,0.3333333333333333,2025-02-28,alexja
The Rider,2017.0,0.7777777777777778,2025-03-01,alexja
Conclave,2024.0,0.6666666666666666,2025-03-02,alexja
Inside Llewyn Davis,2013.0,0.6666666666666666,2025-03-02,alexja
Punch-Drunk Love,2002.0,0.6666666666666666,2025-03-15,alexja
Mommy,2014.0,0.7777777777777778,2025-03-17,alexja
Paddington,2014.0,0.4444444444444444,2025-03-17,alexja
A Shaun the Sheep Movie: Farmageddon,2019.0,0.6666666666666666,2025-03-19,alexja
The Wizard of Oz,1939.0,0.6666666666666666,2025-03-23,alexja
Close Your Eyes,2023.0,0.3333333333333333,2025-03-24,alexja
Companion,2025.0,0.5555555555555556,2025-03-30,alexja
Dragon,2025.0,0.3333333333333333,2025-04-04,alexja
Kumbalangi Nights,2019.0,0.5555555555555556,2025-04-06,alexja
The Edge of Seventeen,2016.0,0.7777777777777778,2025-04-06,alexja
Shaun the Sheep Movie,2015.0,0.7777777777777778,2025-04-08,alexja
Pretty in Pink,1986.0,0.6666666666666666,2025-04-11,alexja
Freaked,1993.0,0.6666666666666666,2025-04-12,alexja
About Time,2013.0,0.7777777777777778,2025-04-12,alexja
Badlands,1973.0,0.6666666666666666,2025-04-13,alexja
The Life List,2025.0,0.3333333333333333,2025-04-16,alexja
Titane,2021.0,0.7777777777777778,2025-04-17,alexja
Novocaine,2025.0,0.4444444444444444,2025-04-19,alexja
Kill List,2011.0,0.7777777777777778,2025-04-19,alexja
Almost Famous,2000.0,0.7777777777777778,2025-04-20,alexja
Children of Men,2006.0,0.6666666666666666,2025-04-20,alexja
Messiah of Evil,1974.0,0.3333333333333333,2025-04-20,alexja
Dirty Dancing,1987.0,0.6666666666666666,2025-04-21,alexja
Notting Hill,1999.0,0.4444444444444444,2025-04-21,alexja
Until Dawn,2025.0,0.2222222222222222,2025-04-26,alexja
Sinners,2025.0,0.6666666666666666,2025-05-04,alexja
Wild Tales,2014.0,0.6666666666666666,2025-05-06,alexja
Us and Them,2018.0,0.5555555555555556,2025-05-09,alexja
The House of Us,2019.0,0.5555555555555556,2025-05-16,alexja
Our Little Sister,2015.0,0.8888888888888888,2025-05-16,alexja
"So Long, My Son",2019.0,0.7777777777777778,2025-05-17,alexja
Brooklyn,2015.0,0.7777777777777778,2025-05-18,alexja
The Surrender,2025.0,0.4444444444444444,2025-05-25,alexja
Nonnas,2025.0,0.6666666666666666,2025-05-26,alexja
The Reader,2008.0,0.5555555555555556,2025-06-08,alexja
Caché,2005.0,0.3333333333333333,2025-06-14,alexja
The Ugly Stepsister,2025.0,0.5555555555555556,2025-06-14,alexja
A Sun,2019.0,0.7777777777777778,2025-06-15,alexja
Bring Her Back,2025.0,0.7777777777777778,2025-07-12,alexja
Strange Darling,2023.0,0.4444444444444444,2025-07-13,alexja
Dora and the Search for Sol Dorado,2025.0,0.4444444444444444,2025-07-13,alexja
Ballerina,2025.0,0.6666666666666666,2025-07-14,alexja
Thunderbolts*,2025.0,0.7777777777777778,2025-07-14,alexja
G.I. Joe: The Movie,1987.0,0.1111111111111111,2025-07-15,alexja
Submarine,2010.0,0.5555555555555556,2025-07-16,alexja
Superman,2025.0,0.5555555555555556,2025-07-17,alexja
Under the Shadow,2016.0,0.6666666666666666,2025-07-19,alexja
How to Train Your Dragon,2025.0,0.6666666666666666,2025-07-20,alexja
F1,2025.0,0.5555555555555556,2025-07-23,alexja
Point Break,1991.0,0.6666666666666666,2025-07-26,alexja
There Will Be Blood,2007.0,0.7777777777777778,2025-07-27,alexja
Landscape in the Mist,1988.0,0.7777777777777778,2025-07-27,alexja
The Life of Chuck,2024.0,1.0,2025-08-02,alexja
House of Hummingbird,2018.0,0.8888888888888888,2025-08-03,alexja
Halloween III: Season of the Witch,1982.0,0.5555555555555556,2025-08-03,alexja
"Sorry, Baby",2025.0,0.5555555555555556,2025-08-09,alexja
Weapons,2025.0,0.7777777777777778,2025-08-10,alexja
Three Colours: Blue,1993.0,0.6666666666666666,2025-08-10,alexja
Godland,2022.0,0.5555555555555556,2025-08-11,alexja
Tourist Family,2025.0,0.6666666666666666,2025-08-12,alexja
Rocky Aur Rani Kii Prem Kahaani,2023.0,0.5555555555555556,2025-08-13,alexja
Ne Zha 2,2025.0,0.8888888888888888,2025-08-17,alexja
28 Years Later,2025.0,0.4444444444444444,2025-08-17,alexja
Three Colours: White,1994.0,0.7777777777777778,2025-08-18,alexja
Three Colours: Red,1994.0,0.7777777777777778,2025-08-18,alexja
Megamind,2010.0,0.5555555555555556,2025-08-23,alexja
Beautiful Beings,2022.0,0.6666666666666666,2025-08-23,alexja
Longlegs,2024.0,0.8888888888888888,2025-08-24,alexja
Lost Ladies,2023.0,0.7777777777777778,2025-08-24,alexja
KPop Demon Hunters,2025.0,0.6666666666666666,2025-08-24,alexja
"YUNGBLUD. Are You Ready, Boy?",2025.0,1.0,2025-08-25,alexja
Together,2025.0,0.5555555555555556,2025-08-30,alexja
Machine Gun Kelly's Life In Pink,2022.0,0.4444444444444444,2025-09-01,alexja
The Conjuring: Last Rites,2025.0,0.5555555555555556,2025-09-06,alexja
Mickey 17,2025.0,0.5555555555555556,2025-09-07,alexja
"As Above, So Below",2014.0,0.6666666666666666,2025-09-07,alexja
Come and See,1985.0,0.5555555555555556,2025-09-08,alexja
About Endlessness,2019.0,0.5555555555555556,2025-09-14,alexja
Night on Earth,1991.0,0.6666666666666666,2025-09-15,alexja
Bitter Moon,1992.0,0.6666666666666666,2025-09-15,alexja
Demon Slayer: Kimetsu no Yaiba Infinity Castle,2025.0,0.7777777777777778,2025-09-18,alexja
Still Walking,2008.0,0.2222222222222222,2025-09-21,alexja
The Road Home,1999.0,0.5555555555555556,2025-09-21,alexja
Where Is the Friend's House?,1987.0,0.5555555555555556,2025-09-21,alexja
Bambi: The Reckoning,2025.0,0.2222222222222222,2025-09-28,alexja
The Fantastic 4: First Steps,2025.0,0.6666666666666666,2025-09-28,alexja
Ghostlight,2024.0,0.7777777777777778,2025-10-04,alexja
Office Space,1999.0,0.5555555555555556,2025-10-04,alexja
How to Lose a Guy in 10 Days,2003.0,0.7777777777777778,2025-10-20,alexja
The Lunchbox,2013.0,0.7777777777777778,2025-10-20,alexja
Sleepless in Seattle,1993.0,0.4444444444444444,2025-10-21,alexja
The Long Walk,2025.0,0.6666666666666666,2025-10-23,alexja
A Big Bold Beautiful Journey,2025.0,0.5555555555555556,2025-10-25,alexja
The Vigil,2019.0,0.3333333333333333,2025-10-25,alexja
The Night House,2020.0,0.6666666666666666,2025-10-26,alexja
Good Boy,2025.0,0.5555555555555556,2025-10-26,alexja
V/H/S/Halloween,2025.0,0.6666666666666666,2025-10-30,alexja
The Taking of Deborah Logan,2014.0,0.4444444444444444,2025-11-01,alexja
Predator: Badlands,2025.0,0.7777777777777778,2025-11-08,alexja
Frankenstein,2025.0,0.6666666666666666,2025-11-09,alexja
The Girl with the Needle,2024.0,0.8888888888888888,2025-11-09,alexja
Black Phone 2,2025.0,0.1111111111111111,2025-11-09,alexja
Predator: Killer of Killers,2025.0,0.7777777777777778,2025-11-20,alexja
Deathstalker,2025.0,0.4444444444444444,2025-11-21,alexja
Train Dreams,2025.0,0.8888888888888888,2025-11-22,alexja
Serendipity,2001.0,0.4444444444444444,2025-11-23,alexja
Lars and the Real Girl,2007.0,0.5555555555555556,2025-11-23,alexja
Wicked: For Good,2025.0,0.7777777777777778,2025-11-27,alexja
Home Sweet Home,2025.0,0.8888888888888888,2025-11-29,alexja
The Killer,1989.0,0.6666666666666666,2025-11-30,alexja
The First Snow of Fraggle Rock,2025.0,0.4444444444444444,2025-12-13,alexja
Carol,2015.0,0.7777777777777778,2025-12-13,alexja
Frances Ha,2012.0,0.5555555555555556,2025-12-13,alexja
The Double Life of Véronique,1991.0,0.4444444444444444,2025-12-20,alexja
Jackie Brown,1997.0,0.6666666666666666,2025-12-25,alexja
The SpongeBob Movie: Search for SquarePants,2025.0,0.5555555555555556,2025-12-26,alexja
Land's End,2025.0,0.6666666666666666,2025-12-26,alexja
Eternity,2025.0,0.7777777777777778,2025-12-27,alexja
Demolition,2015.0,0.5555555555555556,2025-12-27,alexja
V/H/S/Beyond,2024.0,0.5555555555555556,2025-12-28,alexja
Song of the Sea,2014.0,0.7777777777777778,2025-12-28,alexja
It Ends,2025.0,0.5555555555555556,2025-12-29,alexja
Marty,1955.0,0.3333333333333333,2025-12-30,alexja
It's a Very Merry Muppet Christmas Movie,2002.0,0.5555555555555556,2026-01-01,alexja
No Other Choice,2025.0,0.7777777777777778,2026-01-03,alexja
Rust and Bone,2012.0,0.5555555555555556,2026-01-04,alexja
Magazine Dreams,2023.0,0.5555555555555556,2026-01-06,alexja
The Annihilation of Fish,1999.0,0.3333333333333333,2026-01-07,alexja
Sentimental Value,2025.0,0.5555555555555556,2026-01-10,alexja
Hamnet,2025.0,0.8888888888888888,2026-02-09,alexja
Wuthering Heights,2026.0,0.7777777777777778,2026-02-15,alexja
The Muppet Show,2026.0,0.6666666666666666,2026-02-16,alexja
High Fidelity,2000.0,0.4444444444444444,2026-02-21,alexja
Rental Family,2025.0,0.7777777777777778,2026-02-22,alexja
28 Years Later: The Bone Temple,2026.0,0.7777777777777778,2026-03-14,alexja
Sundays,2025.0,0.5555555555555556,2026-03-16,alexja
Peaky Blinders: The Immortal Man,2026.0,0.2222222222222222,2026-03-28,alexja
Send Help,2026.0,0.5555555555555556,2026-04-05,alexja
Boiling Point,2021.0,0.6666666666666666,2026-04-05,alexja
The Super Mario Galaxy Movie,2026.0,0.5555555555555556,2026-04-06,alexja
Scream 7,2026.0,0.3333333333333333,2026-04-06,alexja
V/H/S/94,2021.0,0.6666666666666666,2026-04-11,alexja
Big World,2024.0,0.8888888888888888,2026-04-12,alexja
Predator,1987.0,0.5555555555555556,2026-04-12,alexja
Lootera,2013.0,0.3333333333333333,2026-04-25,alexja
Resurrection,2025.0,0.6666666666666666,2026-04-26,alexja
Animal Crossing: The Movie,2006.0,0.4444444444444444,2026-05-01,alexja
Hoppers,2026.0,0.7777777777777778,2026-05-02,alexja
Even If This Love Disappears Tonight,2025.0,0.7777777777777778,2026-05-02,alexja
Cha Cha Real Smooth,2022.0,0.5555555555555556,2026-05-03,alexja
Remarkably Bright Creatures,2026.0,0.8888888888888888,2026-05-11,alexja
Bring Me the Horizon: L.I.V.E. in São Paulo,2026.0,1.0,2026-05-11,alexja
The Irishman,2019.0,1.0,2023-10-29,amestoy
GoodFellas,1990.0,1.0,2023-10-29,amestoy
The Godfather,1972.0,0.7777777777777778,2023-10-29,amestoy
Spider-Man: Across the Spider-Verse,2023.0,0.7777777777777778,2023-10-29,amestoy
The Dark Knight,2008.0,1.0,2023-10-29,amestoy
Spider-Man: Into the Spider-Verse,2018.0,1.0,2023-10-29,amestoy
Se7en,1995.0,1.0,2023-10-29,amestoy
Fight Club,1999.0,1.0,2023-10-29,amestoy
Dune,2021.0,0.5555555555555556,2023-10-29,amestoy
Barbie,2023.0,0.5555555555555556,2023-10-29,amestoy
Joker,2019.0,0.7777777777777778,2023-10-29,amestoy
Knives Out,2019.0,0.5555555555555556,2023-10-29,amestoy
Pulp Fiction,1994.0,0.7777777777777778,2023-10-29,amestoy
Inception,2010.0,0.5555555555555556,2023-10-29,amestoy
Spider-Man: No Way Home,2021.0,0.3333333333333333,2023-10-29,amestoy
American Psycho,2000.0,1.0,2023-10-29,amestoy
The Wolf of Wall Street,2013.0,0.5555555555555556,2023-10-29,amestoy
Once Upon a Time... in Hollywood,2019.0,0.7777777777777778,2023-10-29,amestoy
Inglourious Basterds,2009.0,0.7777777777777778,2023-10-29,amestoy
Glass Onion,2022.0,0.5555555555555556,2023-10-29,amestoy
Avengers: Endgame,2019.0,0.5555555555555556,2023-10-29,amestoy
Avengers: Infinity War,2018.0,0.7777777777777778,2023-10-29,amestoy
Django Unchained,2012.0,0.7777777777777778,2023-10-29,amestoy
Blade Runner 2049,2017.0,0.7777777777777778,2023-10-29,amestoy
Don't Look Up,2021.0,0.7777777777777778,2023-10-29,amestoy
Drive,2011.0,1.0,2023-10-29,amestoy
2001: A Space Odyssey,1968.0,0.7777777777777778,2023-10-29,amestoy
John Wick,2014.0,0.5555555555555556,2023-10-29,amestoy
The Killer,2023.0,0.7777777777777778,2023-10-30,amestoy
Cowboy Bebop,1998.0,1.0,2023-10-30,amestoy
God's Crooked Lines,2022.0,0.7777777777777778,2023-10-31,amestoy
8 Mile,2002.0,0.4444444444444444,2023-10-31,amestoy
Split,2016.0,0.6666666666666666,2023-10-31,amestoy
Spirited Away,2001.0,0.5555555555555556,2023-10-31,amestoy
Taxi Driver,1976.0,0.7777777777777778,2023-10-31,amestoy
Parasite,2019.0,1.0,2023-10-31,amestoy
The Nun II,2023.0,0.0,2023-11-02,amestoy
Five Nights at Freddy's,2023.0,0.4444444444444444,2023-11-02,amestoy
Hereditary,2018.0,0.5555555555555556,2023-11-05,amestoy
Logan,2017.0,0.7777777777777778,2023-11-17,amestoy
The Hunger Games: The Ballad of Songbirds & Snakes,2023.0,1.0,2023-11-18,amestoy
The Batman,2022.0,0.8888888888888888,2023-11-18,amestoy
Aquaman and the Lost Kingdom,2023.0,0.0,2023-12-23,amestoy
Gone Girl,2014.0,0.8888888888888888,2024-01-15,amestoy
Stalker,1979.0,0.6666666666666666,2024-01-15,amestoy
"Crazy, Stupid, Love.",2011.0,0.4444444444444444,2024-01-24,amestoy
Society of the Snow,2023.0,0.8888888888888888,2024-01-29,amestoy
Napoleon,2023.0,0.5555555555555556,2024-01-29,amestoy
Argylle,2024.0,0.6666666666666666,2024-02-10,amestoy
Chicago,2002.0,0.5555555555555556,2024-02-17,amestoy
Dune: Part Two,2024.0,1.0,2024-03-02,amestoy
The King,2019.0,0.7777777777777778,2024-03-22,amestoy
Death Note,2017.0,0.0,2024-03-24,amestoy
Death Note,2006.0,1.0,2024-03-24,amestoy
Tokyo Ghoul,2014.0,0.7777777777777778,2024-03-24,amestoy
Oppenheimer,2023.0,0.7777777777777778,2024-03-30,amestoy
Mystic River,2003.0,0.6666666666666666,2024-04-01,amestoy
The Gentlemen,2019.0,0.7777777777777778,2024-04-03,amestoy
No Country for Old Men,2007.0,0.7777777777777778,2024-04-07,amestoy
Monkey Man,2024.0,0.7777777777777778,2024-04-15,amestoy
Oldboy,2003.0,0.8888888888888888,2024-04-20,amestoy
Sympathy for Mr. Vengeance,2002.0,0.6666666666666666,2024-04-22,amestoy
The House That Jack Built,2018.0,1.0,2024-04-27,amestoy
Zip & Zap and the Captain's Island,2016.0,0.0,2024-05-12,amestoy
A Quiet Place: Day One,2024.0,0.4444444444444444,2024-07-01,amestoy
Twilight,2008.0,0.1111111111111111,2024-07-03,amestoy
Trespass,2011.0,0.3333333333333333,2024-07-19,amestoy
Color Out of Space,2019.0,0.6666666666666666,2024-07-21,amestoy
Over the Garden Wall,2014.0,1.0,2024-07-22,amestoy
Smiling Friends,2020.0,0.7777777777777778,2024-07-23,amestoy
Tengoku Daimakyo,2023.0,0.5555555555555556,2024-07-27,amestoy
Deadpool & Wolverine,2024.0,1.0,2024-07-28,amestoy
La La Land,2016.0,1.0,2024-07-29,amestoy
Taken,2008.0,0.4444444444444444,2024-07-31,amestoy
Longlegs,2024.0,0.7777777777777778,2024-08-05,amestoy
One Million K(l)icks,2015.0,0.3333333333333333,2024-08-05,amestoy
Road House,2024.0,0.5555555555555556,2024-08-07,amestoy
Trap,2024.0,0.4444444444444444,2024-08-11,amestoy
Puss in Boots: The Last Wish,2022.0,0.7777777777777778,2024-08-11,amestoy
Despicable Me 4,2024.0,0.3333333333333333,2024-08-15,amestoy
The Nice Guys,2016.0,0.6666666666666666,2024-08-15,amestoy
Alien,1979.0,0.7777777777777778,2024-08-17,amestoy
Aliens,1986.0,0.5555555555555556,2024-08-23,amestoy
Alien³,1992.0,0.5555555555555556,2024-08-24,amestoy
Alien: Romulus,2024.0,0.7777777777777778,2024-08-25,amestoy
Alien Resurrection,1997.0,0.4444444444444444,2024-08-28,amestoy
Prometheus,2012.0,0.7777777777777778,2024-09-04,amestoy
Alien: Covenant,2017.0,0.6666666666666666,2024-09-04,amestoy
Interstellar,2014.0,1.0,2024-09-28,amestoy
Joker: Folie à Deux,2024.0,0.3333333333333333,2024-10-07,amestoy
The Substance,2024.0,0.7777777777777778,2024-10-13,amestoy
Venom: The Last Dance,2024.0,0.3333333333333333,2024-10-28,amestoy
Anora,2024.0,0.7777777777777778,2024-11-03,amestoy
Wicked,2024.0,0.6666666666666666,2024-11-25,amestoy
Beautiful Boy,2018.0,0.6666666666666666,2024-12-08,amestoy
Nosferatu,2024.0,0.6666666666666666,2024-12-19,amestoy
Sonic the Hedgehog 3,2024.0,0.4444444444444444,2024-12-26,amestoy
Transformers: Dark of the Moon,2011.0,0.3333333333333333,2024-12-30,amestoy
Whiplash,2014.0,1.0,2025-01-18,amestoy
Spider-Man: Homecoming,2017.0,0.5555555555555556,2025-01-20,amestoy
Neon Genesis Evangelion,1995.0,0.8888888888888888,2025-01-23,amestoy
Thesis,1996.0,0.4444444444444444,2025-01-23,amestoy
The Brutalist,2024.0,0.8888888888888888,2025-01-26,amestoy
The Dark Knight Rises,2012.0,1.0,2025-01-27,amestoy
"Synecdoche, New York",2008.0,0.4444444444444444,2025-01-30,amestoy
Little Women,2019.0,0.5555555555555556,2025-02-02,amestoy
Neon Genesis Evangelion: The End of Evangelion,1997.0,0.8888888888888888,2025-02-04,amestoy
Lost Highway,1997.0,0.7777777777777778,2025-02-07,amestoy
Climax,2018.0,0.5555555555555556,2025-02-08,amestoy
Teenage Mutant Ninja Turtles: Mutant Mayhem,2023.0,0.7777777777777778,2025-02-08,amestoy
The Truman Show,1998.0,1.0,2025-02-09,amestoy
Burning,2018.0,0.6666666666666666,2025-03-16,amestoy
High School Musical,2006.0,1.0,2025-03-20,amestoy
High School Musical 2,2007.0,1.0,2025-03-22,amestoy
American Gangster,2007.0,0.8888888888888888,2025-03-24,amestoy
The Handmaiden,2016.0,0.8888888888888888,2025-04-19,amestoy
Camp Rock,2008.0,0.5555555555555556,2025-04-22,amestoy
Camp Rock 2: The Final Jam,2010.0,0.4444444444444444,2025-04-22,amestoy
Mulholland Drive,2001.0,0.3333333333333333,2025-06-14,amestoy
Jurassic Park,1993.0,0.5555555555555556,2025-06-30,amestoy
The Lost World: Jurassic Park,1997.0,0.4444444444444444,2025-06-30,amestoy
Superman,2025.0,0.6666666666666666,2025-07-13,amestoy
Donnie Darko,2001.0,1.0,2025-07-17,amestoy
Bloodshot,2020.0,0.2222222222222222,2025-07-21,amestoy
Mamma Mia!,2008.0,0.6666666666666666,2025-08-02,amestoy
The Fantastic 4: First Steps,2025.0,0.5555555555555556,2025-08-03,amestoy
Funny Games,1997.0,0.4444444444444444,2025-08-04,amestoy
KPop Demon Hunters,2025.0,1.0,2025-08-09,amestoy
Weapons,2025.0,0.5555555555555556,2025-08-13,amestoy
All in Favor,2025.0,0.1111111111111111,2025-08-24,amestoy
Bookworm,2024.0,0.4444444444444444,2025-09-01,amestoy
The Conjuring: Last Rites,2025.0,0.4444444444444444,2025-09-07,amestoy
Gran Turismo,2023.0,0.5555555555555556,2025-09-22,amestoy
One Battle After Another,2025.0,0.6666666666666666,2025-09-29,amestoy
Springsteen: Deliver Me from Nowhere,2025.0,0.6666666666666666,2025-10-26,amestoy
Apocalypse Now,1979.0,0.7777777777777778,2025-11-10,amestoy
BLUE EYE SAMURAI,2023.0,0.8888888888888888,2025-11-16,amestoy
Wicked: For Good,2025.0,0.6666666666666666,2025-11-24,amestoy
Man of Steel,2013.0,0.2222222222222222,2025-12-01,amestoy
Morbius,2022.0,0.0,2025-12-01,amestoy
Five Nights at Freddy's 2,2025.0,0.3333333333333333,2025-12-07,amestoy
Polar,2019.0,0.4444444444444444,2025-12-14,amestoy
Avatar: Fire and Ash,2025.0,0.3333333333333333,2025-12-22,amestoy
Snatch,2000.0,0.7777777777777778,2025-12-23,amestoy
The Grand Budapest Hotel,2014.0,1.0,2025-12-29,amestoy
Shutter Island,2010.0,0.6666666666666666,2025-12-30,amestoy
El Juego del Camelar,2025.0,1.0,2026-01-01,amestoy
Hamnet,2025.0,0.7777777777777778,2026-02-01,amestoy
Marty Supreme,2025.0,0.8888888888888888,2026-02-02,amestoy
The Big Boss,1971.0,0.5555555555555556,2026-02-09,amestoy
Alita: Battle Angel,2019.0,0.5555555555555556,2026-02-09,amestoy
The Killer,1989.0,0.8888888888888888,2026-02-16,amestoy
Citizen Kane,1941.0,0.4444444444444444,2026-03-08,amestoy
12 Years a Slave,2013.0,1.0,2026-03-09,amestoy
Madame Web,2024.0,0.0,2026-03-09,amestoy
Torrente for President,2026.0,0.0,2026-03-16,amestoy
Project Hail Mary,2026.0,0.8888888888888888,2026-03-29,amestoy
Sirāt,2025.0,0.0,2026-03-30,amestoy
The Menu,2022.0,0.4444444444444444,2026-03-31,amestoy
Devilman Crybaby,2018.0,0.7777777777777778,2026-04-02,amestoy
Anatomy of a Fall,2023.0,0.6666666666666666,2026-04-03,amestoy
Michael,2026.0,1.0,2026-05-04,amestoy
Oppenheimer,2023.0,1.0,2023-07-26,danidc938
Barbie,2023.0,0.8888888888888888,2023-07-26,danidc938
Interstellar,2014.0,1.0,2023-07-26,danidc938
Guardians of the Galaxy Vol. 3,2023.0,0.7777777777777778,2023-07-26,danidc938
Inception,2010.0,1.0,2023-07-26,danidc938
Fight Club,1999.0,0.8888888888888888,2023-07-26,danidc938
Parasite,2019.0,0.7777777777777778,2023-07-26,danidc938
The Truman Show,1998.0,0.7777777777777778,2023-07-26,danidc938
Prisoners,2013.0,0.8888888888888888,2023-07-26,danidc938
The Queen's Gambit,2020.0,0.8888888888888888,2023-07-26,danidc938
Wonder Woman 1984,2020.0,0.5555555555555556,2023-07-26,danidc938
Sonic the Hedgehog,2020.0,0.6666666666666666,2023-07-26,danidc938
The Social Dilemma,2020.0,0.7777777777777778,2023-07-26,danidc938
Euphoria: Trouble Don't Last Always,2020.0,0.7777777777777778,2023-07-26,danidc938
Euphoria: F*ck Anyone Who’s Not a Sea Blob,2021.0,0.7777777777777778,2023-07-26,danidc938
Veneno,2020.0,0.5555555555555556,2023-07-26,danidc938
Soul,2020.0,0.8888888888888888,2023-07-26,danidc938
Patria,2020.0,0.7777777777777778,2023-07-26,danidc938
The Hangover,2009.0,0.7777777777777778,2023-07-26,danidc938
Bright,2017.0,0.5555555555555556,2023-07-27,danidc938
Ex Machina,2015.0,0.7777777777777778,2023-07-29,danidc938
Top Gun: Maverick,2022.0,0.7777777777777778,2023-07-31,danidc938
Venom,2018.0,0.6666666666666666,2023-08-01,danidc938
Bumblebee,2018.0,0.5555555555555556,2023-08-01,danidc938
Zodiac,2007.0,1.0,2023-08-02,danidc938
Coach Carter,2005.0,0.7777777777777778,2023-08-06,danidc938
Paradise,2023.0,0.7777777777777778,2023-08-10,danidc938
Prometheus,2012.0,0.8888888888888888,2023-08-11,danidc938
Alien: Covenant,2017.0,0.6666666666666666,2023-08-11,danidc938
AVP: Alien vs. Predator,2004.0,0.5555555555555556,2023-08-11,danidc938
The Conjuring 2,2016.0,0.6666666666666666,2023-10-04,danidc938
The Conjuring: The Devil Made Me Do It,2021.0,0.7777777777777778,2023-10-04,danidc938
Saturday Night Fever,1977.0,0.7777777777777778,2023-10-25,danidc938
Five Nights at Freddy's,2023.0,0.6666666666666666,2023-11-06,danidc938
Venom: Let There Be Carnage,2021.0,0.6666666666666666,2023-11-06,danidc938
The Hunger Games: The Ballad of Songbirds & Snakes,2023.0,0.7777777777777778,2023-11-23,danidc938
The Hunger Games,2012.0,0.8888888888888888,2023-11-23,danidc938
Leave the World Behind,2023.0,0.5555555555555556,2023-12-17,danidc938
Rush Hour,1998.0,0.6666666666666666,2023-12-17,danidc938
Inglourious Basterds,2009.0,1.0,2023-12-17,danidc938
Django Unchained,2012.0,1.0,2023-12-29,danidc938
Neon Genesis Evangelion,1995.0,0.8888888888888888,2024-01-05,danidc938
Ocean's Thirteen,2007.0,1.0,2024-01-07,danidc938
Ocean's Eleven,2001.0,0.8888888888888888,2024-01-26,danidc938
Society of the Snow,2023.0,0.8888888888888888,2024-01-27,danidc938
The Creator,2023.0,0.7777777777777778,2024-02-18,danidc938
Three Steps Above Heaven,2010.0,0.4444444444444444,2024-03-02,danidc938
I Want You,2012.0,0.3333333333333333,2024-03-02,danidc938
Dune,2021.0,1.0,2024-03-08,danidc938
Wonka,2023.0,0.5555555555555556,2024-03-11,danidc938
La La Land,2016.0,1.0,2024-03-16,danidc938
My Neighbor Totoro,1988.0,1.0,2024-03-18,danidc938
Howl's Moving Castle,2004.0,1.0,2024-03-21,danidc938
Pacific Rim,2013.0,0.7777777777777778,2024-03-21,danidc938
Hunger,2023.0,0.6666666666666666,2024-03-21,danidc938
The Conjuring,2013.0,0.8888888888888888,2024-03-21,danidc938
Source Code,2011.0,0.6666666666666666,2024-03-21,danidc938
The Hangover Part II,2011.0,0.6666666666666666,2024-03-21,danidc938
The Wonderful Story of Henry Sugar,2023.0,0.8888888888888888,2024-03-22,danidc938
The Swan,2023.0,0.6666666666666666,2024-03-22,danidc938
The Rat Catcher,2023.0,0.5555555555555556,2024-03-22,danidc938
Poison,2023.0,0.6666666666666666,2024-03-22,danidc938
Spirited Away,2001.0,0.7777777777777778,2024-03-24,danidc938
Kingdom of Heaven,2005.0,0.7777777777777778,2024-04-21,danidc938
Quantum of Solace,2008.0,0.6666666666666666,2024-05-08,danidc938
Spectre,2015.0,0.6666666666666666,2024-05-20,danidc938
Tenet,2020.0,0.8888888888888888,2024-05-25,danidc938
John Wick: Chapter 3 – Parabellum,2019.0,0.4444444444444444,2024-08-08,danidc938
Se7en,1995.0,0.8888888888888888,2024-08-14,danidc938
Beetlejuice Beetlejuice,2024.0,0.7777777777777778,2024-09-14,danidc938
Beetlejuice,1988.0,0.6666666666666666,2024-09-14,danidc938
The Penguin,2024.0,0.8888888888888888,2024-09-25,danidc938
Harry Potter and the Order of the Phoenix,2007.0,0.8888888888888888,2024-09-30,danidc938
The Last Duel,2021.0,0.6666666666666666,2024-10-13,danidc938
Harry Potter and the Deathly Hallows: Part 1,2010.0,0.7777777777777778,2024-10-24,danidc938
Harry Potter and the Deathly Hallows: Part 2,2011.0,0.8888888888888888,2024-10-25,danidc938
Kingsman: The Secret Service,2014.0,0.7777777777777778,2024-10-26,danidc938
Kick-Ass,2010.0,0.5555555555555556,2024-10-27,danidc938
Her,2013.0,0.8888888888888888,2024-11-02,danidc938
Chernobyl,2019.0,1.0,2025-01-08,danidc938
The Boy and the Heron,2023.0,0.7777777777777778,2025-01-14,danidc938
Neon Genesis Evangelion: The End of Evangelion,1997.0,0.8888888888888888,2025-02-10,danidc938
Vampire Hunter D: Bloodlust,2000.0,0.6666666666666666,2025-02-10,danidc938
Evangelion: 1.0 You Are (Not) Alone,2007.0,0.8888888888888888,2025-03-15,danidc938
Evangelion: 2.0 You Can (Not) Advance,2009.0,1.0,2025-03-21,danidc938
Princess Mononoke,1997.0,1.0,2025-03-30,danidc938
Air,2023.0,0.6666666666666666,2025-04-07,danidc938
Sinners,2025.0,0.8888888888888888,2025-05-01,danidc938
65,2023.0,0.5555555555555556,2025-05-09,danidc938
Porco Rosso,1992.0,0.7777777777777778,2025-05-14,danidc938
Ponyo,2008.0,1.0,2025-05-22,danidc938
Mickey 17,2025.0,0.6666666666666666,2025-06-03,danidc938
F1,2025.0,0.6666666666666666,2025-07-03,danidc938
Rogue One: A Star Wars Story,2016.0,1.0,2025-07-10,danidc938
City of God,2002.0,1.0,2025-07-12,danidc938
The Invisible Guest,2016.0,0.6666666666666666,2025-07-17,danidc938
Sinister,2012.0,1.0,2025-08-03,danidc938
The Fantastic 4: First Steps,2025.0,0.6666666666666666,2025-08-07,danidc938
Superman,2025.0,0.7777777777777778,2025-08-08,danidc938
The Prestige,2006.0,0.8888888888888888,2025-08-09,danidc938
Minority Report,2002.0,0.7777777777777778,2025-08-11,danidc938
Bullet Train,2022.0,0.7777777777777778,2025-08-15,danidc938
Cars 2,2011.0,1.0,2025-08-23,danidc938
The Big Short,2015.0,0.8888888888888888,2025-08-30,danidc938
Dune: Part Two,2024.0,1.0,2025-08-31,danidc938
The Realm,2018.0,0.7777777777777778,2025-09-06,danidc938
2001: A Space Odyssey,1968.0,0.4444444444444444,2025-09-14,danidc938
BlacKkKlansman,2018.0,0.7777777777777778,2025-09-19,danidc938
The Conjuring: Last Rites,2025.0,0.7777777777777778,2025-10-03,danidc938
Star Wars: Episode III – Revenge of the Sith,2005.0,0.8888888888888888,2025-10-06,danidc938
Return of the Jedi,1983.0,0.7777777777777778,2025-10-06,danidc938
The Empire Strikes Back,1980.0,0.6666666666666666,2025-10-06,danidc938
Star Wars,1977.0,0.5555555555555556,2025-10-06,danidc938
Star Wars: Episode I – The Phantom Menace,1999.0,0.7777777777777778,2025-10-06,danidc938
Star Wars: Episode II – Attack of the Clones,2002.0,0.7777777777777778,2025-10-06,danidc938
Dark Waters,2019.0,0.6666666666666666,2025-10-27,danidc938
Blade,1998.0,0.6666666666666666,2025-11-02,danidc938
Frankenstein,2025.0,0.8888888888888888,2025-11-17,danidc938
Blade II,2002.0,0.5555555555555556,2025-11-24,danidc938
Gladiator,2000.0,1.0,2025-11-25,danidc938
Blade: Trinity,2004.0,0.4444444444444444,2025-11-28,danidc938
Criminal,2016.0,0.7777777777777778,2025-11-29,danidc938
Avatar,2009.0,0.8888888888888888,2025-12-07,danidc938
Avatar: The Way of Water,2022.0,0.7777777777777778,2025-12-07,danidc938
Léon: The Professional,1994.0,0.6666666666666666,2025-12-14,danidc938
Wake Up Dead Man,2025.0,0.8888888888888888,2025-12-14,danidc938
Cowboy Bebop,1998.0,1.0,2025-12-21,danidc938
Avatar: Fire and Ash,2025.0,0.7777777777777778,2025-12-31,danidc938
Project Hail Mary,2026.0,0.8888888888888888,2026-04-12,danidc938
Michael,2026.0,0.6666666666666666,2026-04-28,danidc938
Gran Torino,2008.0,0.6666666666666666,2026-05-02,danidc938
Parasite,2019.0,1.0,2023-01-02,ddaniel4u
Guillermo del Toro's Pinocchio,2022.0,0.8888888888888888,2023-01-24,ddaniel4u
Pan's Labyrinth,2006.0,0.8888888888888888,2023-02-03,ddaniel4u
Nope,2022.0,0.8888888888888888,2023-03-30,ddaniel4u
Perfect Blue,1997.0,1.0,2023-04-02,ddaniel4u
Jennifer's Body,2009.0,0.6666666666666666,2023-05-09,ddaniel4u
Memento,2000.0,0.8888888888888888,2023-06-21,ddaniel4u
Black Swan,2010.0,1.0,2023-06-24,ddaniel4u
Mommy,2014.0,0.8888888888888888,2023-06-27,ddaniel4u
Boyhood,2014.0,1.0,2023-06-28,ddaniel4u
Requiem for a Dream,2000.0,1.0,2023-06-28,ddaniel4u
The Perks of Being a Wallflower,2012.0,1.0,2023-06-28,ddaniel4u
Pearl,2022.0,0.7777777777777778,2023-06-30,ddaniel4u
NANA,2006.0,1.0,2023-06-30,ddaniel4u
Fight Club,1999.0,1.0,2023-06-30,ddaniel4u
Get Out,2017.0,0.7777777777777778,2023-07-13,ddaniel4u
mother!,2017.0,0.7777777777777778,2023-07-15,ddaniel4u
Blade Runner 2049,2017.0,0.7777777777777778,2023-07-16,ddaniel4u
When Marnie Was There,2014.0,0.8888888888888888,2023-07-22,ddaniel4u
Little Miss Sunshine,2006.0,1.0,2023-07-22,ddaniel4u
Elephant,2003.0,0.6666666666666666,2023-07-23,ddaniel4u
But I'm a Cheerleader,1999.0,0.7777777777777778,2023-07-23,ddaniel4u
All About My Mother,1999.0,0.8888888888888888,2023-07-27,ddaniel4u
Still Alice,2014.0,1.0,2023-07-28,ddaniel4u
Russian Ark,2002.0,0.5555555555555556,2023-07-29,ddaniel4u
Barbie as The Princess & the Pauper,2004.0,0.7777777777777778,2023-07-31,ddaniel4u
Oppenheimer,2023.0,0.8888888888888888,2023-08-03,ddaniel4u
Babylon,2022.0,0.6666666666666666,2023-08-08,ddaniel4u
Paradise,2023.0,0.2222222222222222,2023-09-17,ddaniel4u
The Little Mermaid,2023.0,0.5555555555555556,2023-09-17,ddaniel4u
Suzume,2022.0,0.6666666666666666,2023-09-17,ddaniel4u
Glass Onion,2022.0,0.6666666666666666,2023-09-17,ddaniel4u
X,2022.0,0.6666666666666666,2023-09-17,ddaniel4u
Malcolm & Marie,2021.0,0.4444444444444444,2023-09-17,ddaniel4u
Teen Beach Movie,2013.0,0.6666666666666666,2023-09-17,ddaniel4u
Goat Story,2008.0,0.0,2023-09-17,ddaniel4u
The Devil Wears Prada,2006.0,0.7777777777777778,2023-09-17,ddaniel4u
Freaky Friday,2003.0,0.5555555555555556,2023-09-17,ddaniel4u
Nico and Dani,2000.0,0.4444444444444444,2023-09-17,ddaniel4u
Grave of the Fireflies,1988.0,0.7777777777777778,2023-09-17,ddaniel4u
Seven Years in Tibet,1997.0,0.5555555555555556,2023-09-17,ddaniel4u
Where the Heart Is,2000.0,0.4444444444444444,2023-09-17,ddaniel4u
The Silence of the Lambs,1991.0,0.8888888888888888,2023-09-17,ddaniel4u
Mysterious Skin,2004.0,0.8888888888888888,2023-09-18,ddaniel4u
Totally F***ed Up,1993.0,0.7777777777777778,2023-09-19,ddaniel4u
The Doom Generation,1995.0,0.6666666666666666,2023-09-19,ddaniel4u
Nowhere,1997.0,0.7777777777777778,2023-09-19,ddaniel4u
Elemental,2023.0,0.7777777777777778,2023-09-19,ddaniel4u
Birds of Prey (and the Fantabulous Emancipation of One Harley Quinn),2020.0,0.3333333333333333,2023-09-23,ddaniel4u
Barbie: A Fashion Fairytale,2010.0,0.6666666666666666,2023-09-26,ddaniel4u
Starstruck,2010.0,0.0,2023-09-27,ddaniel4u
Barbie and the Magic of Pegasus,2005.0,0.7777777777777778,2023-10-11,ddaniel4u
Choose Love,2023.0,0.0,2023-10-15,ddaniel4u
Barbie and the Diamond Castle,2008.0,0.8888888888888888,2023-11-13,ddaniel4u
The Messiah,2023.0,0.8888888888888888,2023-11-17,ddaniel4u
The Hunger Games,2012.0,0.6666666666666666,2023-11-20,ddaniel4u
The Hunger Games: Mockingjay – Part 1,2014.0,0.5555555555555556,2023-11-25,ddaniel4u
The Hunger Games: Mockingjay – Part 2,2015.0,0.6666666666666666,2023-11-29,ddaniel4u
Little Women,2019.0,0.6666666666666666,2023-12-09,ddaniel4u
Last Night in Soho,2021.0,0.6666666666666666,2023-12-09,ddaniel4u
Moonrise Kingdom,2012.0,0.7777777777777778,2023-12-13,ddaniel4u
"Red, White & Royal Blue",2023.0,0.3333333333333333,2023-12-17,ddaniel4u
Snow White and the Seven Dwarfs,1937.0,0.6666666666666666,2023-12-17,ddaniel4u
No Hard Feelings,2023.0,0.7777777777777778,2023-12-19,ddaniel4u
Love Actually,2003.0,0.7777777777777778,2023-12-23,ddaniel4u
The Suicide Squad,2021.0,0.3333333333333333,2023-12-23,ddaniel4u
Harley Quinn: A Very Problematic Valentine's Day Special,2023.0,0.5555555555555556,2023-12-23,ddaniel4u
Spiderhead,2022.0,0.2222222222222222,2023-12-23,ddaniel4u
Kong: Skull Island,2017.0,0.1111111111111111,2023-12-23,ddaniel4u
Puss in Boots: The Last Wish,2022.0,0.7777777777777778,2023-12-24,ddaniel4u
The Croods: A New Age,2020.0,0.2222222222222222,2023-12-24,ddaniel4u
Strange World,2022.0,0.3333333333333333,2023-12-24,ddaniel4u
Forgotten,2017.0,0.4444444444444444,2023-12-24,ddaniel4u
Somebody I Used to Know,2023.0,0.0,2023-12-24,ddaniel4u
Rainbow Magic: Return to Rainspell Island,2010.0,0.0,2023-12-24,ddaniel4u
10 Things I Hate About You,1999.0,0.7777777777777778,2023-12-27,ddaniel4u
This Is How the World Ends,2000.0,0.6666666666666666,2023-12-28,ddaniel4u
La La Land,2016.0,1.0,2023-12-29,ddaniel4u
Marie Antoinette,2006.0,0.7777777777777778,2024-01-04,ddaniel4u
May December,2023.0,0.7777777777777778,2024-01-05,ddaniel4u
The Handmaiden,2016.0,1.0,2024-01-05,ddaniel4u
Ghost World,2001.0,0.5555555555555556,2024-01-05,ddaniel4u
Scott Pilgrim vs. the World,2010.0,0.8888888888888888,2024-01-08,ddaniel4u
Whiplash,2014.0,1.0,2024-01-08,ddaniel4u
The Virgin Suicides,1999.0,0.7777777777777778,2024-01-13,ddaniel4u
Marriage Story,2019.0,0.8888888888888888,2024-01-15,ddaniel4u
Smiley Face,2007.0,1.0,2024-01-17,ddaniel4u
Shiva Baby,2020.0,0.6666666666666666,2024-01-17,ddaniel4u
Paprika,2006.0,0.8888888888888888,2024-01-19,ddaniel4u
Talk to Me,2022.0,0.5555555555555556,2024-01-21,ddaniel4u
The Hunger Games: The Ballad of Songbirds & Snakes,2023.0,0.6666666666666666,2024-01-22,ddaniel4u
Women on the Verge of a Nervous Breakdown,1988.0,0.8888888888888888,2024-01-22,ddaniel4u
The Cat Returns,2002.0,0.5555555555555556,2024-01-23,ddaniel4u
Marcel the Shell with Shoes On,2021.0,0.7777777777777778,2024-01-23,ddaniel4u
Secret of the Wings,2012.0,0.6666666666666666,2024-01-25,ddaniel4u
Peter Pan,1953.0,0.5555555555555556,2024-01-25,ddaniel4u
Return to Never Land,2002.0,0.2222222222222222,2024-01-26,ddaniel4u
The Princess and the Frog,2009.0,0.7777777777777778,2024-01-27,ddaniel4u
The Secret World of Arrietty,2010.0,0.7777777777777778,2024-01-27,ddaniel4u
Poor Things,2023.0,0.8888888888888888,2024-01-28,ddaniel4u
Saltburn,2023.0,0.6666666666666666,2024-01-29,ddaniel4u
The Menu,2022.0,0.6666666666666666,2024-01-29,ddaniel4u
Avatar: The Way of Water,2022.0,0.5555555555555556,2024-01-29,ddaniel4u
Shutter Island,2010.0,0.8888888888888888,2024-01-29,ddaniel4u
Society of the Snow,2023.0,0.8888888888888888,2024-01-29,ddaniel4u
Mamma Mia!,2008.0,1.0,2024-01-30,ddaniel4u
Barbie Mariposa & the Fairy Princess,2013.0,0.2222222222222222,2024-01-30,ddaniel4u
Barbie Mariposa,2008.0,0.6666666666666666,2024-01-30,ddaniel4u
The Living End,1992.0,0.7777777777777778,2024-01-31,ddaniel4u
Kiki's Delivery Service,1989.0,0.7777777777777778,2024-02-03,ddaniel4u
Arrival,2016.0,1.0,2024-02-04,ddaniel4u
Interstellar,2014.0,1.0,2024-02-05,ddaniel4u
Barbie,2023.0,0.7777777777777778,2024-02-06,ddaniel4u
Monster High: 13 Wishes,2013.0,0.7777777777777778,2024-02-08,ddaniel4u
Professor Layton and the Eternal Diva,2009.0,0.7777777777777778,2024-02-10,ddaniel4u
Monster High: Why Do Ghouls Fall in Love?,2012.0,0.5555555555555556,2024-02-10,ddaniel4u
The Whale,2022.0,0.7777777777777778,2024-02-10,ddaniel4u
Aftersun,2022.0,0.8888888888888888,2024-02-10,ddaniel4u
"Miraculous: Ladybug & Cat Noir, The Movie",2023.0,0.4444444444444444,2024-02-10,ddaniel4u
In Front of Your Face,2021.0,0.4444444444444444,2024-02-10,ddaniel4u
Piggy,2022.0,0.4444444444444444,2024-02-10,ddaniel4u
Nimona,2023.0,0.5555555555555556,2024-02-10,ddaniel4u
Bride Wars,2009.0,0.5555555555555556,2024-02-10,ddaniel4u
Mickey's Twice Upon a Christmas,2004.0,0.3333333333333333,2024-02-10,ddaniel4u
Monster High: Ghouls Rule,2012.0,0.7777777777777778,2024-02-11,ddaniel4u
"Monster High: Boo York, Boo York",2015.0,0.5555555555555556,2024-02-11,ddaniel4u
Monster High: Haunted,2015.0,0.5555555555555556,2024-02-11,ddaniel4u
Monster High: Scaris City of Frights,2013.0,0.7777777777777778,2024-02-11,ddaniel4u
Monster High: Freaky Fusion,2014.0,0.4444444444444444,2024-02-11,ddaniel4u
Monster High: Friday Night Frights,2012.0,0.4444444444444444,2024-02-11,ddaniel4u
Monster High: Great Scarrier Reef,2016.0,0.2222222222222222,2024-02-11,ddaniel4u
Monster High: Escape from Skull Shores,2012.0,0.5555555555555556,2024-02-11,ddaniel4u
Enchanted,2007.0,1.0,2024-02-12,ddaniel4u
The Favourite,2018.0,0.7777777777777778,2024-02-13,ddaniel4u
Kids,1995.0,0.6666666666666666,2024-02-13,ddaniel4u
Easy A,2010.0,1.0,2024-02-13,ddaniel4u
Fantastic Mr. Fox,2009.0,0.6666666666666666,2024-02-13,ddaniel4u
Barbie in A Mermaid Tale,2010.0,0.5555555555555556,2024-02-14,ddaniel4u
Barbie: A Fairy Secret,2011.0,0.4444444444444444,2024-02-14,ddaniel4u
Barbie: The Pearl Princess,2014.0,0.1111111111111111,2024-02-14,ddaniel4u
Barbie in A Mermaid Tale 2,2012.0,0.2222222222222222,2024-02-14,ddaniel4u
Pride & Prejudice,2005.0,0.6666666666666666,2024-02-15,ddaniel4u
Julie & Julia,2009.0,0.8888888888888888,2024-02-15,ddaniel4u
"Girl, Interrupted",1999.0,0.6666666666666666,2024-02-16,ddaniel4u
Despicable Me,2010.0,0.5555555555555556,2024-02-16,ddaniel4u
Despicable Me 3,2017.0,0.2222222222222222,2024-02-18,ddaniel4u
Despicable Me 2,2013.0,0.5555555555555556,2024-02-18,ddaniel4u
Minions,2015.0,0.3333333333333333,2024-02-18,ddaniel4u
Holy Camp!,2017.0,0.7777777777777778,2024-02-18,ddaniel4u
Shrek,2001.0,0.8888888888888888,2024-02-19,ddaniel4u
Shrek 2,2004.0,1.0,2024-02-19,ddaniel4u
Shrek the Third,2007.0,0.4444444444444444,2024-02-20,ddaniel4u
Beautiful Boy,2018.0,0.6666666666666666,2024-02-21,ddaniel4u
National Theatre Live: Fleabag,2019.0,1.0,2024-02-22,ddaniel4u
Barbie as the Island Princess,2007.0,0.7777777777777778,2024-02-23,ddaniel4u
Barbie of Swan Lake,2003.0,0.7777777777777778,2024-02-23,ddaniel4u
Barbie in the 12 Dancing Princesses,2006.0,0.8888888888888888,2024-02-23,ddaniel4u
Barbie and the Three Musketeers,2009.0,0.6666666666666666,2024-02-24,ddaniel4u
Barbie Fairytopia: Mermaidia,2006.0,0.6666666666666666,2024-02-24,ddaniel4u
Barbie Fairytopia: Magic of the Rainbow,2007.0,0.5555555555555556,2024-02-24,ddaniel4u
Fallen Angels,1995.0,0.8888888888888888,2024-02-26,ddaniel4u
Barbie: The Princess & the Popstar,2012.0,0.4444444444444444,2024-02-27,ddaniel4u
The Others,2001.0,0.7777777777777778,2024-02-28,ddaniel4u
Barbie in the Nutcracker,2001.0,0.6666666666666666,2024-02-28,ddaniel4u
"Monster High: Frights, Camera, Action!",2014.0,0.6666666666666666,2024-02-28,ddaniel4u
The Vault,2021.0,0.3333333333333333,2024-02-28,ddaniel4u
The Bling Ring,2013.0,0.3333333333333333,2024-02-28,ddaniel4u
Tinker Bell and the Pirate Fairy,2014.0,0.4444444444444444,2024-02-28,ddaniel4u
Barbie as Rapunzel,2002.0,0.4444444444444444,2024-02-28,ddaniel4u
The Kings of Summer,2013.0,0.5555555555555556,2024-02-28,ddaniel4u
Of an Age,2022.0,0.5555555555555556,2024-02-28,ddaniel4u
Past Lives,2023.0,1.0,2024-02-28,ddaniel4u
Big Fish,2003.0,1.0,2024-02-28,ddaniel4u
Eternal Sunshine of the Spotless Mind,2004.0,1.0,2024-02-28,ddaniel4u
"Crazy, Stupid, Love.",2011.0,0.5555555555555556,2024-02-28,ddaniel4u
Don't Worry Darling,2022.0,0.5555555555555556,2024-02-28,ddaniel4u
Barbie: Fairytopia,2005.0,0.5555555555555556,2024-02-28,ddaniel4u
Just My Luck,2006.0,0.5555555555555556,2024-03-01,ddaniel4u
The Witch,2015.0,0.7777777777777778,2024-03-02,ddaniel4u
Suspiria,1977.0,0.7777777777777778,2024-03-04,ddaniel4u
12 Angry Men,1957.0,1.0,2024-03-05,ddaniel4u
Hercules,1997.0,0.7777777777777778,2024-03-05,ddaniel4u
Bottoms,2023.0,0.7777777777777778,2024-03-05,ddaniel4u
Tinker Bell and the Lost Treasure,2009.0,0.8888888888888888,2024-03-05,ddaniel4u
The Help,2011.0,0.7777777777777778,2024-03-05,ddaniel4u
Tinker Bell,2008.0,0.7777777777777778,2024-03-05,ddaniel4u
The Super Mario Bros. Movie,2023.0,0.6666666666666666,2024-03-05,ddaniel4u
Ocean's Eight,2018.0,0.6666666666666666,2024-03-05,ddaniel4u
Tinker Bell and the Legend of the NeverBeast,2014.0,0.4444444444444444,2024-03-05,ddaniel4u
Bird Box Barcelona,2023.0,0.3333333333333333,2024-03-05,ddaniel4u
Reality,2023.0,0.3333333333333333,2024-03-05,ddaniel4u
Tinker Bell and the Great Fairy Rescue,2010.0,0.3333333333333333,2024-03-05,ddaniel4u
Mainstream,2020.0,0.2222222222222222,2024-03-05,ddaniel4u
The Jungle Book 2,2003.0,0.3333333333333333,2024-03-06,ddaniel4u
The Jungle Book,1967.0,0.3333333333333333,2024-03-06,ddaniel4u
Suicide Squad,2016.0,0.2222222222222222,2024-03-06,ddaniel4u
M3GAN,2022.0,0.5555555555555556,2024-03-06,ddaniel4u
White Chicks,2004.0,0.5555555555555556,2024-03-06,ddaniel4u
Mean Girls,2004.0,0.6666666666666666,2024-03-06,ddaniel4u
The Holdovers,2023.0,0.8888888888888888,2024-03-07,ddaniel4u
Unicorn Wars,2022.0,0.5555555555555556,2024-03-07,ddaniel4u
Something Is About to Happen,2023.0,0.5555555555555556,2024-03-08,ddaniel4u
"I, Tonya",2017.0,0.7777777777777778,2024-03-09,ddaniel4u
The Grand Budapest Hotel,2014.0,0.7777777777777778,2024-03-09,ddaniel4u
Dune,2021.0,0.6666666666666666,2024-03-09,ddaniel4u
Children of Men,2006.0,0.8888888888888888,2024-03-09,ddaniel4u
American Fiction,2023.0,0.6666666666666666,2024-03-10,ddaniel4u
The Truman Show,1998.0,0.7777777777777778,2024-03-10,ddaniel4u
Anatomy of a Fall,2023.0,0.7777777777777778,2024-03-11,ddaniel4u
Entergalactic,2022.0,0.5555555555555556,2024-03-12,ddaniel4u
Tangled,2010.0,0.8888888888888888,2024-03-15,ddaniel4u
Frozen II,2019.0,0.5555555555555556,2024-03-15,ddaniel4u
Isle of Dogs,2018.0,0.7777777777777778,2024-03-15,ddaniel4u
Noah,2014.0,0.4444444444444444,2024-03-16,ddaniel4u
American Beauty,1999.0,0.7777777777777778,2024-03-17,ddaniel4u
Veronica,2017.0,0.2222222222222222,2024-03-17,ddaniel4u
The Incredibles,2004.0,0.8888888888888888,2024-03-18,ddaniel4u
Incredibles 2,2018.0,0.6666666666666666,2024-03-18,ddaniel4u
Damsel,2024.0,0.3333333333333333,2024-03-19,ddaniel4u
Wendell & Wild,2022.0,0.6666666666666666,2024-03-22,ddaniel4u
In the Mood for Love,2000.0,0.7777777777777778,2024-03-23,ddaniel4u
Enter the Void,2009.0,0.5555555555555556,2024-03-23,ddaniel4u
American Psycho,2000.0,0.8888888888888888,2024-03-24,ddaniel4u
Coraline,2009.0,0.8888888888888888,2024-03-24,ddaniel4u
One Day,2011.0,0.7777777777777778,2024-03-26,ddaniel4u
Morbius,2022.0,0.1111111111111111,2024-03-27,ddaniel4u
In Time,2011.0,0.5555555555555556,2024-03-27,ddaniel4u
Anastasia,1997.0,0.7777777777777778,2024-03-28,ddaniel4u
The Hobbit: An Unexpected Journey,2012.0,0.7777777777777778,2024-03-28,ddaniel4u
The Hobbit: The Desolation of Smaug,2013.0,0.5555555555555556,2024-03-29,ddaniel4u
The Hobbit: The Battle of the Five Armies,2014.0,0.6666666666666666,2024-03-29,ddaniel4u
The Lord of the Rings: The Fellowship of the Ring,2001.0,0.8888888888888888,2024-03-30,ddaniel4u
The Intern,2015.0,0.6666666666666666,2024-03-30,ddaniel4u
The Greatest Showman,2017.0,0.4444444444444444,2024-03-30,ddaniel4u
The Lord of the Rings: The Two Towers,2002.0,1.0,2024-03-30,ddaniel4u
The Lord of the Rings: The Return of the King,2003.0,1.0,2024-03-31,ddaniel4u
Song of the Sea,2014.0,0.8888888888888888,2024-03-31,ddaniel4u
The Martian,2015.0,0.6666666666666666,2024-04-03,ddaniel4u
Nerve,2016.0,0.3333333333333333,2024-04-03,ddaniel4u
Dune: Part Two,2024.0,0.8888888888888888,2024-04-07,ddaniel4u
Harry Potter and the Philosopher's Stone,2001.0,0.6666666666666666,2024-04-08,ddaniel4u
Mulan,1998.0,0.7777777777777778,2024-04-09,ddaniel4u
Mulan II,2004.0,0.3333333333333333,2024-04-09,ddaniel4u
Harry Potter and the Chamber of Secrets,2002.0,0.5555555555555556,2024-04-10,ddaniel4u
Manuelita,1999.0,0.3333333333333333,2024-04-10,ddaniel4u
Harry Potter and the Prisoner of Azkaban,2004.0,0.8888888888888888,2024-04-15,ddaniel4u
All of Us Strangers,2023.0,0.7777777777777778,2024-04-15,ddaniel4u
"Love, Divided",2024.0,0.3333333333333333,2024-04-16,ddaniel4u
Harry Potter and the Goblet of Fire,2005.0,0.7777777777777778,2024-04-17,ddaniel4u
Harry Potter and the Order of the Phoenix,2007.0,0.6666666666666666,2024-04-18,ddaniel4u
Harry Potter and the Half-Blood Prince,2009.0,0.5555555555555556,2024-04-19,ddaniel4u
Harry Potter and the Deathly Hallows: Part 1,2010.0,0.6666666666666666,2024-04-21,ddaniel4u
Harry Potter and the Deathly Hallows: Part 2,2011.0,0.6666666666666666,2024-04-24,ddaniel4u
Brokeback Mountain,2005.0,0.7777777777777778,2024-04-25,ddaniel4u
The Maze Runner,2014.0,0.5555555555555556,2024-04-26,ddaniel4u
Robot Dreams,2023.0,0.7777777777777778,2024-04-27,ddaniel4u
Challengers,2024.0,0.8888888888888888,2024-04-28,ddaniel4u
Maze Runner: The Scorch Trials,2015.0,0.2222222222222222,2024-04-29,ddaniel4u
Chungking Express,1994.0,0.6666666666666666,2024-04-30,ddaniel4u
Spider-Man: Into the Spider-Verse,2018.0,0.7777777777777778,2024-05-01,ddaniel4u
Beauty and the Beast,1991.0,0.7777777777777778,2024-05-01,ddaniel4u
The Wizard of Oz,1939.0,0.7777777777777778,2024-05-01,ddaniel4u
We Need to Talk About Kevin,2011.0,0.7777777777777778,2024-05-07,ddaniel4u
The Social Network,2010.0,0.6666666666666666,2024-05-08,ddaniel4u
Her,2013.0,1.0,2024-05-08,ddaniel4u
Mars Needs Moms,2011.0,0.1111111111111111,2024-05-11,ddaniel4u
The Wolf of Wall Street,2013.0,0.6666666666666666,2024-05-12,ddaniel4u
The Lighthouse,2019.0,0.7777777777777778,2024-05-14,ddaniel4u
Sleeping Beauty,1959.0,0.5555555555555556,2024-05-15,ddaniel4u
Ocean Waves,1993.0,0.7777777777777778,2024-05-15,ddaniel4u
Don't Look Up,2021.0,0.6666666666666666,2024-05-16,ddaniel4u
The Platform,2019.0,0.5555555555555556,2024-05-17,ddaniel4u
Knives Out,2019.0,0.7777777777777778,2024-05-17,ddaniel4u
Abigail,2024.0,0.5555555555555556,2024-05-18,ddaniel4u
Alice in Wonderland,1951.0,0.6666666666666666,2024-05-19,ddaniel4u
Ex Machina,2015.0,0.6666666666666666,2024-05-19,ddaniel4u
The Firemen's Ball,1967.0,0.2222222222222222,2024-05-21,ddaniel4u
Barbie: Princess Charm School,2011.0,0.5555555555555556,2024-05-22,ddaniel4u
The Fox and the Hound,1981.0,0.5555555555555556,2024-05-22,ddaniel4u
Winx Club: The Secret of the Lost Kingdom,2007.0,0.4444444444444444,2024-05-22,ddaniel4u
Killers of the Flower Moon,2023.0,0.3333333333333333,2024-05-22,ddaniel4u
Alice in Wonderland,2010.0,0.7777777777777778,2024-05-23,ddaniel4u
Miracle Mile,1988.0,0.8888888888888888,2024-05-23,ddaniel4u
Return to Seoul,2022.0,0.6666666666666666,2024-05-24,ddaniel4u
Bodies Bodies Bodies,2022.0,0.6666666666666666,2024-05-24,ddaniel4u
Upgraded,2024.0,0.5555555555555556,2024-05-24,ddaniel4u
Fire Island,2022.0,0.6666666666666666,2024-05-25,ddaniel4u
My Little Pony: A Very Minty Christmas,2005.0,0.3333333333333333,2024-05-26,ddaniel4u
Winx Club - Magic Adventure,2010.0,0.3333333333333333,2024-05-26,ddaniel4u
Pocahontas,1995.0,0.5555555555555556,2024-05-28,ddaniel4u
The Zone of Interest,2023.0,0.6666666666666666,2024-05-30,ddaniel4u
Letters to Juliet,2010.0,0.6666666666666666,2024-05-31,ddaniel4u
Millennium Actress,2001.0,0.7777777777777778,2024-06-03,ddaniel4u
El Bola,2000.0,0.7777777777777778,2024-06-06,ddaniel4u
The Idea of You,2024.0,0.3333333333333333,2024-06-08,ddaniel4u
Divergent,2014.0,0.5555555555555556,2024-06-09,ddaniel4u
The Hunger Games: Catching Fire,2013.0,0.8888888888888888,2024-06-09,ddaniel4u
Maestro,2023.0,0.2222222222222222,2024-06-09,ddaniel4u
Insurgent,2015.0,0.3333333333333333,2024-06-09,ddaniel4u
Allegiant,2016.0,0.2222222222222222,2024-06-09,ddaniel4u
7 Virgins,2005.0,0.6666666666666666,2024-06-09,ddaniel4u
Good Will Hunting,1997.0,0.7777777777777778,2024-06-10,ddaniel4u
Cinderella,1950.0,0.6666666666666666,2024-06-12,ddaniel4u
The Cheetah Girls,2003.0,0.3333333333333333,2024-06-14,ddaniel4u
Inside Out,2015.0,0.7777777777777778,2024-06-15,ddaniel4u
Inside Out 2,2024.0,0.7777777777777778,2024-06-20,ddaniel4u
Zootopia,2016.0,0.7777777777777778,2024-06-21,ddaniel4u
(500) Days of Summer,2009.0,0.8888888888888888,2024-06-22,ddaniel4u
Spirit: Stallion of the Cimarron,2002.0,0.7777777777777778,2024-06-22,ddaniel4u
The Man from Earth,2007.0,0.8888888888888888,2024-06-25,ddaniel4u
Anyone But You,2023.0,0.4444444444444444,2024-06-27,ddaniel4u
The Road to El Dorado,2000.0,0.6666666666666666,2024-06-28,ddaniel4u
Mary and The Witch's Flower,2017.0,0.5555555555555556,2024-07-01,ddaniel4u
Roald Dahl's The Witches,2020.0,0.1111111111111111,2024-07-01,ddaniel4u
Do Revenge,2022.0,0.5555555555555556,2024-07-03,ddaniel4u
Bullet Train,2022.0,0.7777777777777778,2024-07-04,ddaniel4u
Mamma Mia! Here We Go Again,2018.0,0.6666666666666666,2024-07-04,ddaniel4u
Bones and All,2022.0,0.7777777777777778,2024-07-05,ddaniel4u
A Fish Called Wanda,1988.0,0.5555555555555556,2024-07-05,ddaniel4u
Burning,2018.0,0.5555555555555556,2024-07-05,ddaniel4u
"Night Is Short, Walk On Girl",2017.0,1.0,2024-07-10,ddaniel4u
The Father,2020.0,0.8888888888888888,2024-07-14,ddaniel4u
A Family Affair,2024.0,0.1111111111111111,2024-07-18,ddaniel4u
The Fundamentals of Caring,2016.0,0.6666666666666666,2024-07-19,ddaniel4u
Fried Green Tomatoes,1991.0,0.7777777777777778,2024-07-20,ddaniel4u
Once Upon a Time... in Hollywood,2019.0,0.6666666666666666,2024-07-21,ddaniel4u
Howl's Moving Castle,2004.0,1.0,2024-07-23,ddaniel4u
The Talented Mr. Ripley,1999.0,0.8888888888888888,2024-07-24,ddaniel4u
Eat Pray Love,2010.0,0.4444444444444444,2024-07-28,ddaniel4u
Vacation,2015.0,0.5555555555555556,2024-07-28,ddaniel4u
Red Eye,2005.0,0.6666666666666666,2024-08-06,ddaniel4u
Splendor,1999.0,0.7777777777777778,2024-08-07,ddaniel4u
Lost in Translation,2003.0,0.7777777777777778,2024-08-08,ddaniel4u
Before Sunset,2004.0,1.0,2024-08-08,ddaniel4u
Before Midnight,2013.0,1.0,2024-08-10,ddaniel4u
Bring It On,2000.0,0.7777777777777778,2024-08-10,ddaniel4u
A Rainy Day in New York,2019.0,0.6666666666666666,2024-08-10,ddaniel4u
Bros,2022.0,0.6666666666666666,2024-08-12,ddaniel4u
Breakfast at Tiffany's,1961.0,0.7777777777777778,2024-08-12,ddaniel4u
Castle in the Sky,1986.0,0.5555555555555556,2024-08-12,ddaniel4u
Climax,2018.0,0.5555555555555556,2024-08-14,ddaniel4u
Trainspotting,1996.0,1.0,2024-08-14,ddaniel4u
The Devil All the Time,2020.0,0.4444444444444444,2024-08-19,ddaniel4u
Vicky Cristina Barcelona,2008.0,0.7777777777777778,2024-08-21,ddaniel4u
Zodiac,2007.0,0.7777777777777778,2024-08-21,ddaniel4u
Ready Player One,2018.0,0.5555555555555556,2024-08-22,ddaniel4u
Closer,2004.0,0.5555555555555556,2024-08-23,ddaniel4u
Cocaine Bear,2023.0,0.3333333333333333,2024-08-23,ddaniel4u
Inglourious Basterds,2009.0,0.8888888888888888,2024-08-29,ddaniel4u
Tomboy,2011.0,0.7777777777777778,2024-08-30,ddaniel4u
Immaculate,2024.0,0.6666666666666666,2024-08-31,ddaniel4u
Clueless,1995.0,1.0,2024-08-31,ddaniel4u
Lucy,2014.0,0.3333333333333333,2024-09-01,ddaniel4u
Joy Ride,2023.0,0.7777777777777778,2024-09-03,ddaniel4u
Fear and Loathing in Las Vegas,1998.0,0.5555555555555556,2024-09-04,ddaniel4u
The Dreamers,2003.0,0.7777777777777778,2024-09-04,ddaniel4u
Carmen & Lola,2018.0,0.6666666666666666,2024-09-05,ddaniel4u
Chinas,2023.0,0.5555555555555556,2024-09-05,ddaniel4u
The Boss Baby,2017.0,0.5555555555555556,2024-09-09,ddaniel4u
Mirror Mirror,2012.0,0.3333333333333333,2024-09-09,ddaniel4u
The Experiment,2001.0,0.8888888888888888,2024-09-10,ddaniel4u
The Lego Movie,2014.0,0.7777777777777778,2024-09-12,ddaniel4u
The Lego Movie 2: The Second Part,2019.0,0.5555555555555556,2024-09-12,ddaniel4u
Uglies,2024.0,0.2222222222222222,2024-09-15,ddaniel4u
Ferdinand,2017.0,0.6666666666666666,2024-09-16,ddaniel4u
Booksmart,2019.0,0.8888888888888888,2024-09-18,ddaniel4u
Pi,1998.0,0.2222222222222222,2024-09-18,ddaniel4u
Primer,2004.0,0.1111111111111111,2024-09-18,ddaniel4u
Spring Breakers,2012.0,0.2222222222222222,2024-09-18,ddaniel4u
Love & Other Drugs,2010.0,0.7777777777777778,2024-09-19,ddaniel4u
Daisies,1966.0,0.7777777777777778,2024-09-23,ddaniel4u
Silver Linings Playbook,2012.0,0.7777777777777778,2024-09-30,ddaniel4u
When Harry Met Sally...,1989.0,0.8888888888888888,2024-10-08,ddaniel4u
Notting Hill,1999.0,0.7777777777777778,2024-10-09,ddaniel4u
Memoirs of a Geisha,2005.0,0.5555555555555556,2024-10-13,ddaniel4u
The Substance,2024.0,0.7777777777777778,2024-10-20,ddaniel4u
Normal People,2020.0,0.8888888888888888,2024-10-22,ddaniel4u
Sharp Objects,2018.0,0.8888888888888888,2024-10-24,ddaniel4u
Call Me by Your Name,2017.0,0.7777777777777778,2024-10-30,ddaniel4u
I Saw the TV Glow,2024.0,0.6666666666666666,2024-10-30,ddaniel4u
Coco,2017.0,0.7777777777777778,2024-11-01,ddaniel4u
La Haine,1995.0,1.0,2024-11-01,ddaniel4u
Palo Alto,2013.0,0.6666666666666666,2024-11-07,ddaniel4u
The Worst Person in the World,2021.0,0.8888888888888888,2024-11-13,ddaniel4u
Close,2022.0,0.7777777777777778,2024-11-13,ddaniel4u
Nocturnal Animals,2016.0,0.8888888888888888,2024-11-26,ddaniel4u
Thirteen,2003.0,0.8888888888888888,2024-11-27,ddaniel4u
Navajeros,1980.0,0.7777777777777778,2024-11-28,ddaniel4u
Bully,2001.0,0.5555555555555556,2024-12-01,ddaniel4u
The Notebook,2004.0,0.8888888888888888,2024-12-02,ddaniel4u
I Used to Be Funny,2023.0,0.7777777777777778,2024-12-04,ddaniel4u
Devilman - Volume 1: The Birth,1987.0,0.6666666666666666,2024-12-04,ddaniel4u
Woman of the Hour,2023.0,0.6666666666666666,2024-12-07,ddaniel4u
The Fault in Our Stars,2014.0,0.6666666666666666,2024-12-08,ddaniel4u
Lady Bird,2017.0,1.0,2024-12-08,ddaniel4u
After Yang,2021.0,1.0,2024-12-09,ddaniel4u
Hereditary,2018.0,0.7777777777777778,2024-12-10,ddaniel4u
MaXXXine,2024.0,0.6666666666666666,2024-12-18,ddaniel4u
American Hustle,2013.0,0.5555555555555556,2024-12-18,ddaniel4u
Devilman - Volume 2: Demon Bird,1990.0,0.3333333333333333,2024-12-18,ddaniel4u
Barbie in 'A Christmas Carol',2008.0,0.6666666666666666,2024-12-20,ddaniel4u
Barbie: A Perfect Christmas,2011.0,0.1111111111111111,2024-12-20,ddaniel4u
Holidate,2020.0,0.6666666666666666,2024-12-20,ddaniel4u
Four Christmases,2008.0,0.2222222222222222,2024-12-21,ddaniel4u
Anora,2024.0,0.7777777777777778,2024-12-22,ddaniel4u
Plus One,2019.0,0.6666666666666666,2024-12-24,ddaniel4u
Princess Mononoke,1997.0,1.0,2024-12-24,ddaniel4u
"Good Luck Charlie, It's Christmas!",2011.0,0.7777777777777778,2024-12-24,ddaniel4u
The Wild Robot,2024.0,1.0,2024-12-26,ddaniel4u
Devilman - Volume 3: Devilman Apocalypse,2000.0,0.2222222222222222,2024-12-26,ddaniel4u
Look Back,2024.0,0.7777777777777778,2024-12-26,ddaniel4u
Spirited Away,2001.0,1.0,2024-12-26,ddaniel4u
How the Grinch Stole Christmas,2000.0,0.3333333333333333,2024-12-27,ddaniel4u
Midsommar,2019.0,0.4444444444444444,2024-12-27,ddaniel4u
Brave,2012.0,0.6666666666666666,2024-12-27,ddaniel4u
Maleficent,2014.0,0.5555555555555556,2024-12-27,ddaniel4u
Maleficent: Mistress of Evil,2019.0,0.4444444444444444,2024-12-27,ddaniel4u
Klaus,2019.0,0.7777777777777778,2024-12-28,ddaniel4u
The Holiday,2006.0,0.8888888888888888,2024-12-28,ddaniel4u
Spider-Man: Across the Spider-Verse,2023.0,0.7777777777777778,2024-12-29,ddaniel4u
"Miraculous World: London, At the Edge of Time",2024.0,0.7777777777777778,2024-12-30,ddaniel4u
"Miraculous World: Paris, Tales of Shadybug and Claw Noir",2023.0,0.3333333333333333,2024-12-30,ddaniel4u
Heretic,2024.0,0.6666666666666666,2024-12-30,ddaniel4u
Nightbitch,2024.0,0.7777777777777778,2024-12-30,ddaniel4u
Drop Dead Gorgeous,1999.0,0.8888888888888888,2024-12-31,ddaniel4u
I Believe in Unicorns,2014.0,0.5555555555555556,2025-01-01,ddaniel4u
Wicked,2024.0,0.8888888888888888,2025-01-12,ddaniel4u
Portrait of a Lady on Fire,2019.0,1.0,2025-01-12,ddaniel4u
The Outrun,2024.0,0.7777777777777778,2025-01-18,ddaniel4u
Cloudy with a Chance of Meatballs,2009.0,0.7777777777777778,2025-01-23,ddaniel4u
Nosferatu,2024.0,0.7777777777777778,2025-01-24,ddaniel4u
Queer,2024.0,0.7777777777777778,2025-01-25,ddaniel4u
How to Lose a Guy in 10 Days,2003.0,0.7777777777777778,2025-01-27,ddaniel4u
Goodnight Mommy,2014.0,0.2222222222222222,2025-02-08,ddaniel4u
Y Tu Mamá También,2001.0,0.7777777777777778,2025-02-09,ddaniel4u
Frances Ha,2012.0,0.7777777777777778,2025-02-16,ddaniel4u
Les Misérables,2012.0,0.7777777777777778,2025-02-26,ddaniel4u
Helter Skelter,2012.0,0.6666666666666666,2025-02-26,ddaniel4u
Flow,2024.0,0.8888888888888888,2025-02-28,ddaniel4u
Emilia Pérez,2024.0,0.4444444444444444,2025-03-03,ddaniel4u
Under the Tuscan Sun,2003.0,0.8888888888888888,2025-03-07,ddaniel4u
Beauty and the Beast,2017.0,0.5555555555555556,2025-03-09,ddaniel4u
Brother Bear,2003.0,0.7777777777777778,2025-03-23,ddaniel4u
Adolescence,2025.0,0.8888888888888888,2025-03-30,ddaniel4u
Citizen Kane,1941.0,0.5555555555555556,2025-04-01,ddaniel4u
Frozen,2013.0,0.7777777777777778,2025-04-02,ddaniel4u
Black Mirror: Common People,2025.0,0.6666666666666666,2025-04-16,ddaniel4u
Black Mirror: Bête Noire,2025.0,0.5555555555555556,2025-04-16,ddaniel4u
Black Mirror: Plaything,2025.0,0.4444444444444444,2025-04-16,ddaniel4u
"The Chronicles of Narnia: The Lion, the Witch and the Wardrobe",2005.0,0.7777777777777778,2025-04-18,ddaniel4u
Black Mirror: Eulogy,2025.0,0.8888888888888888,2025-04-18,ddaniel4u
Black Mirror: Hotel Reverie,2025.0,0.7777777777777778,2025-04-18,ddaniel4u
The Chronicles of Narnia: Prince Caspian,2008.0,0.5555555555555556,2025-04-19,ddaniel4u
The Passion of the Christ,2004.0,0.7777777777777778,2025-04-20,ddaniel4u
Before Sunrise,1995.0,1.0,2025-04-20,ddaniel4u
The Day of the Beast,1995.0,0.7777777777777778,2025-04-20,ddaniel4u
Ready or Not,2019.0,0.7777777777777778,2025-04-30,ddaniel4u
Conclave,2024.0,0.8888888888888888,2025-04-30,ddaniel4u
Superbad,2007.0,0.5555555555555556,2025-05-01,ddaniel4u
Another Simple Favor,2025.0,0.6666666666666666,2025-05-03,ddaniel4u
A Simple Favor,2018.0,0.6666666666666666,2025-05-03,ddaniel4u
We're the Millers,2013.0,0.7777777777777778,2025-05-03,ddaniel4u
Everything Everywhere All at Once,2022.0,1.0,2025-05-21,ddaniel4u
The Last Five Years,2014.0,0.6666666666666666,2025-05-28,ddaniel4u
Chicago,2002.0,0.7777777777777778,2025-05-28,ddaniel4u
Talk to Her,2002.0,0.6666666666666666,2025-05-29,ddaniel4u
The Batman,2022.0,0.7777777777777778,2025-05-31,ddaniel4u
Alvin and the Chipmunks,2007.0,0.5555555555555556,2025-06-02,ddaniel4u
Final Destination,2000.0,0.7777777777777778,2025-06-02,ddaniel4u
Final Destination 2,2003.0,0.5555555555555556,2025-06-02,ddaniel4u
Final Destination 3,2006.0,0.8888888888888888,2025-06-02,ddaniel4u
The Final Destination,2009.0,0.2222222222222222,2025-06-02,ddaniel4u
Final Destination 5,2011.0,0.7777777777777778,2025-06-02,ddaniel4u
Final Destination Bloodlines,2025.0,0.8888888888888888,2025-06-03,ddaniel4u
Sinners,2025.0,0.6666666666666666,2025-06-04,ddaniel4u
The Phoenician Scheme,2025.0,0.7777777777777778,2025-06-05,ddaniel4u
Graduation Trip: Mallorca,2025.0,0.2222222222222222,2025-06-06,ddaniel4u
Almost Famous,2000.0,0.8888888888888888,2025-06-09,ddaniel4u
Asteroid City,2023.0,0.7777777777777778,2025-06-11,ddaniel4u
Monte Carlo,2011.0,0.6666666666666666,2025-06-11,ddaniel4u
The Boy and the Heron,2023.0,0.7777777777777778,2025-06-11,ddaniel4u
Lost in Starlight,2025.0,0.6666666666666666,2025-06-11,ddaniel4u
Crazy Rich Asians,2018.0,0.6666666666666666,2025-06-12,ddaniel4u
The Kid,1921.0,0.7777777777777778,2025-06-12,ddaniel4u
Life of Brian,1979.0,1.0,2025-06-17,ddaniel4u
Mickey 17,2025.0,0.7777777777777778,2025-06-17,ddaniel4u
City of God,2002.0,0.8888888888888888,2025-06-18,ddaniel4u
Catch Me If You Can,2002.0,0.8888888888888888,2025-06-18,ddaniel4u
Princesses,2005.0,1.0,2025-06-21,ddaniel4u
KPop Demon Hunters,2025.0,0.7777777777777778,2025-06-23,ddaniel4u
The House Bunny,2008.0,0.7777777777777778,2025-06-25,ddaniel4u
Mean Girls,2024.0,0.3333333333333333,2025-07-03,ddaniel4u
The Autopsy of Jane Doe,2016.0,0.5555555555555556,2025-07-10,ddaniel4u
Ted,2012.0,0.6666666666666666,2025-07-10,ddaniel4u
Ted 2,2015.0,0.5555555555555556,2025-07-12,ddaniel4u
Death Note,2006.0,1.0,2025-07-20,ddaniel4u
Superman,2025.0,0.6666666666666666,2025-08-17,ddaniel4u
Gladiator,2000.0,0.4444444444444444,2025-08-17,ddaniel4u
My Melody & Kuromi,2025.0,0.6666666666666666,2025-08-18,ddaniel4u
Superstar,2025.0,0.7777777777777778,2025-08-20,ddaniel4u
The Rocky Horror Picture Show,1975.0,0.8888888888888888,2025-09-01,ddaniel4u
Materialists,2025.0,0.7777777777777778,2025-09-02,ddaniel4u
The Florida Project,2017.0,0.7777777777777778,2025-09-03,ddaniel4u
Se7en,1995.0,0.8888888888888888,2025-09-07,ddaniel4u
The Butterfly Effect,2004.0,0.6666666666666666,2025-11-03,ddaniel4u
Frankenstein,2025.0,0.7777777777777778,2025-11-16,ddaniel4u
Mulholland Drive,2001.0,0.6666666666666666,2025-11-30,ddaniel4u
The Killing of a Sacred Deer,2017.0,0.6666666666666666,2025-12-01,ddaniel4u
Wicked: For Good,2025.0,0.6666666666666666,2025-12-04,ddaniel4u
Die My Love,2025.0,0.6666666666666666,2025-12-14,ddaniel4u
Wake Up Dead Man,2025.0,1.0,2025-12-14,ddaniel4u
Bugonia,2025.0,0.8888888888888888,2025-12-15,ddaniel4u
Wish,2023.0,0.3333333333333333,2025-12-18,ddaniel4u
Eternity,2025.0,0.7777777777777778,2025-12-28,ddaniel4u
Valerian and the City of a Thousand Planets,2017.0,0.4444444444444444,2025-12-28,ddaniel4u
"The French Dispatch of the Liberty, Kansas Evening Sun",2021.0,0.7777777777777778,2025-12-29,ddaniel4u
Sunrise: A Song of Two Humans,1927.0,0.7777777777777778,2025-12-29,ddaniel4u
BPM (Beats per Minute),2017.0,0.7777777777777778,2026-01-06,ddaniel4u
God's Own Country,2017.0,0.6666666666666666,2026-01-13,ddaniel4u
Your Name.,2016.0,1.0,2026-01-19,ddaniel4u
Hamnet,2025.0,1.0,2026-01-26,ddaniel4u
Sirāt,2025.0,0.3333333333333333,2026-01-28,ddaniel4u
Sentimental Value,2025.0,1.0,2026-01-30,ddaniel4u
One Battle After Another,2025.0,0.8888888888888888,2026-01-31,ddaniel4u
F1,2025.0,0.5555555555555556,2026-02-01,ddaniel4u
Train Dreams,2025.0,0.6666666666666666,2026-02-11,ddaniel4u
Sundays,2025.0,0.7777777777777778,2026-03-08,ddaniel4u
Marty Supreme,2025.0,0.7777777777777778,2026-03-13,ddaniel4u
Death Becomes Her,1992.0,0.8888888888888888,2026-04-20,ddaniel4u
Project Hail Mary,2026.0,1.0,2026-04-26,ddaniel4u
Hoppers,2026.0,0.7777777777777778,2026-04-26,ddaniel4u
The Housemaid,2025.0,0.3333333333333333,2026-04-27,ddaniel4u
Re-Animator,1985.0,1.0,2021-08-04,fat_capybara
The Rocky Horror Picture Show,1975.0,1.0,2021-08-04,fat_capybara
Little Shop of Horrors,1986.0,1.0,2021-08-04,fat_capybara
Hot Fuzz,2007.0,1.0,2021-08-04,fat_capybara
Shaun of the Dead,2004.0,1.0,2021-08-04,fat_capybara
Bride of Re-Animator,1990.0,0.8888888888888888,2021-08-04,fat_capybara
The Adventures of Baron Munchausen,1988.0,0.7777777777777778,2021-08-04,fat_capybara
The Grand Budapest Hotel,2014.0,1.0,2021-08-04,fat_capybara
The Royal Tenenbaums,2001.0,0.6666666666666666,2021-08-04,fat_capybara
Fear Street: 1666,2021.0,0.8888888888888888,2021-08-04,fat_capybara
Willy's Wonderland,2021.0,0.7777777777777778,2021-08-04,fat_capybara
Inglourious Basterds,2009.0,0.6666666666666666,2021-08-04,fat_capybara
Us,2019.0,1.0,2021-08-04,fat_capybara
The Shape of Water,2017.0,1.0,2021-08-04,fat_capybara
Parasite,2019.0,1.0,2021-08-04,fat_capybara
Kill Bill: Vol. 1,2003.0,0.3333333333333333,2021-08-04,fat_capybara
Color Out of Space,2019.0,0.2222222222222222,2021-08-04,fat_capybara
Seven Psychopaths,2012.0,0.5555555555555556,2021-08-04,fat_capybara
Killer Klowns from Outer Space,1988.0,0.7777777777777778,2021-08-04,fat_capybara
Scott Pilgrim vs. the World,2010.0,0.8888888888888888,2021-08-04,fat_capybara
Spider-Man: Into the Spider-Verse,2018.0,1.0,2021-08-04,fat_capybara
Mean Girls,2004.0,1.0,2021-08-04,fat_capybara
The Babadook,2014.0,0.8888888888888888,2021-08-04,fat_capybara
Eurovision Song Contest: The Story of Fire Saga,2020.0,0.5555555555555556,2021-08-04,fat_capybara
Airplane!,1980.0,0.7777777777777778,2021-08-04,fat_capybara
Top Secret!,1984.0,0.8888888888888888,2021-08-04,fat_capybara
Hellboy,2004.0,0.7777777777777778,2021-08-04,fat_capybara
Hellboy II: The Golden Army,2008.0,0.7777777777777778,2021-08-04,fat_capybara
Hereditary,2018.0,0.7777777777777778,2021-08-04,fat_capybara
The Dead Don't Die,2019.0,0.0,2021-08-04,fat_capybara
Luca,2021.0,0.7777777777777778,2021-08-04,fat_capybara
Spirited Away,2001.0,0.7777777777777778,2021-08-04,fat_capybara
My Neighbor Totoro,1988.0,0.7777777777777778,2021-08-04,fat_capybara
Kiki's Delivery Service,1989.0,0.7777777777777778,2021-08-04,fat_capybara
Constantine,2005.0,0.7777777777777778,2021-08-04,fat_capybara
ParaNorman,2012.0,0.7777777777777778,2021-08-04,fat_capybara
American Psycho,2000.0,0.8888888888888888,2021-08-04,fat_capybara
Velvet Buzzsaw,2019.0,0.1111111111111111,2021-08-04,fat_capybara
The Autopsy of Jane Doe,2016.0,0.8888888888888888,2021-08-04,fat_capybara
The Nun,2018.0,0.3333333333333333,2021-08-04,fat_capybara
Jojo Rabbit,2019.0,1.0,2021-08-04,fat_capybara
The Lighthouse,2019.0,0.6666666666666666,2021-08-04,fat_capybara
A Quiet Place,2018.0,0.7777777777777778,2021-08-04,fat_capybara
Zombieland,2009.0,0.7777777777777778,2021-08-04,fat_capybara
The Birds,1963.0,0.5555555555555556,2021-08-04,fat_capybara
School of Rock,2003.0,1.0,2021-08-04,fat_capybara
The Blues Brothers,1980.0,1.0,2021-08-04,fat_capybara
Megamind,2010.0,1.0,2021-08-04,fat_capybara
Birds of Prey (and the Fantabulous Emancipation of One Harley Quinn),2020.0,1.0,2021-08-04,fat_capybara
John Mulaney: New in Town,2012.0,0.7777777777777778,2021-08-04,fat_capybara
John Mulaney: The Comeback Kid,2015.0,0.7777777777777778,2021-08-04,fat_capybara
John Mulaney: Kid Gorgeous at Radio City,2018.0,0.8888888888888888,2021-08-04,fat_capybara
John Mulaney & The Sack Lunch Bunch,2019.0,0.5555555555555556,2021-08-04,fat_capybara
Lady Bird,2017.0,0.5555555555555556,2021-08-04,fat_capybara
Coraline,2009.0,0.7777777777777778,2021-08-04,fat_capybara
Corpse Bride,2005.0,0.7777777777777778,2021-08-04,fat_capybara
Beetlejuice,1988.0,0.7777777777777778,2021-08-04,fat_capybara
Booksmart,2019.0,0.7777777777777778,2021-08-04,fat_capybara
Ferris Bueller's Day Off,1986.0,1.0,2021-08-04,fat_capybara
The Emperor's New Groove,2000.0,1.0,2021-08-04,fat_capybara
Dead Poets Society,1989.0,0.7777777777777778,2021-08-04,fat_capybara
Good Will Hunting,1997.0,0.7777777777777778,2021-08-04,fat_capybara
Tangled,2010.0,0.7777777777777778,2021-08-04,fat_capybara
The Man from U.N.C.L.E.,2015.0,0.5555555555555556,2021-08-04,fat_capybara
Little Women,2019.0,0.6666666666666666,2021-08-04,fat_capybara
(500) Days of Summer,2009.0,0.6666666666666666,2021-08-04,fat_capybara
Singin' in the Rain,1952.0,0.6666666666666666,2021-08-04,fat_capybara
Mamma Mia!,2008.0,0.7777777777777778,2021-08-04,fat_capybara
Mamma Mia! Here We Go Again,2018.0,0.6666666666666666,2021-08-04,fat_capybara
My Big Fat Greek Wedding,2002.0,0.7777777777777778,2021-08-04,fat_capybara
The Princess Bride,1987.0,1.0,2021-08-04,fat_capybara
Stand by Me,1986.0,0.7777777777777778,2021-08-04,fat_capybara
Soul,2020.0,0.7777777777777778,2021-08-04,fat_capybara
The Nightmare Before Christmas,1993.0,0.8888888888888888,2021-08-04,fat_capybara
Paddington,2014.0,0.8888888888888888,2021-08-04,fat_capybara
Paddington 2,2017.0,0.8888888888888888,2021-08-04,fat_capybara
Matilda,1996.0,0.7777777777777778,2021-08-04,fat_capybara
The Shawshank Redemption,1994.0,0.7777777777777778,2021-08-04,fat_capybara
Legally Blonde,2001.0,1.0,2021-08-04,fat_capybara
Veneno,2020.0,1.0,2021-08-04,fat_capybara
Who Framed Roger Rabbit,1988.0,1.0,2021-08-05,fat_capybara
Anna and the Apocalypse,2017.0,0.4444444444444444,2021-08-05,fat_capybara
Midsommar,2019.0,0.5555555555555556,2021-08-05,fat_capybara
The Evil Dead,1981.0,0.5555555555555556,2021-08-05,fat_capybara
Bo Burnham: Inside,2021.0,0.7777777777777778,2021-08-05,fat_capybara
High School Musical,2006.0,0.7777777777777778,2021-08-05,fat_capybara
Gremlins,1984.0,0.7777777777777778,2021-08-05,fat_capybara
Les Misérables,2012.0,0.6666666666666666,2021-08-05,fat_capybara
The Imitation Game,2014.0,0.4444444444444444,2021-08-05,fat_capybara
Hairspray,2007.0,0.5555555555555556,2021-08-05,fat_capybara
Saving Private Ryan,1998.0,0.2222222222222222,2021-08-05,fat_capybara
Snatch,2000.0,0.7777777777777778,2021-08-05,fat_capybara
Ant-Man,2015.0,0.6666666666666666,2021-08-05,fat_capybara
Rent,2005.0,0.0,2021-08-05,fat_capybara
Serenity,2005.0,0.5555555555555556,2021-08-05,fat_capybara
Edward Scissorhands,1990.0,0.8888888888888888,2021-08-05,fat_capybara
Guardians of the Galaxy Vol. 2,2017.0,0.6666666666666666,2021-08-05,fat_capybara
Toy Story 2,1999.0,0.7777777777777778,2021-08-05,fat_capybara
The Incredibles,2004.0,0.8888888888888888,2021-08-05,fat_capybara
Avengers: Infinity War,2018.0,0.2222222222222222,2021-08-05,fat_capybara
A Monster Calls,2016.0,0.8888888888888888,2021-08-05,fat_capybara
Bohemian Rhapsody,2018.0,0.4444444444444444,2021-08-05,fat_capybara
Mary Poppins,1964.0,0.6666666666666666,2021-08-05,fat_capybara
The Goonies,1985.0,0.7777777777777778,2021-08-05,fat_capybara
West Side Story,1961.0,0.5555555555555556,2021-08-05,fat_capybara
Big Hero 6,2014.0,0.8888888888888888,2021-08-05,fat_capybara
Avengers: Endgame,2019.0,0.0,2021-08-05,fat_capybara
Bill & Ted's Excellent Adventure,1989.0,0.7777777777777778,2021-08-05,fat_capybara
How to Train Your Dragon: The Hidden World,2019.0,0.6666666666666666,2021-08-05,fat_capybara
[REC],2007.0,0.8888888888888888,2021-08-05,fat_capybara
Mrs. Doubtfire,1993.0,0.7777777777777778,2021-08-05,fat_capybara
It,2017.0,0.7777777777777778,2021-08-05,fat_capybara
Once Upon a Time... in Hollywood,2019.0,0.0,2021-08-05,fat_capybara
Rocketman,2019.0,0.6666666666666666,2021-08-05,fat_capybara
But I'm a Cheerleader,1999.0,1.0,2021-08-05,fat_capybara
"Monsters, Inc.",2001.0,0.6666666666666666,2021-08-05,fat_capybara
Fear Street: 1978,2021.0,0.8888888888888888,2021-08-05,fat_capybara
Snowpiercer,2013.0,0.8888888888888888,2021-08-05,fat_capybara
Klaus,2019.0,0.8888888888888888,2021-08-05,fat_capybara
Pan's Labyrinth,2006.0,0.8888888888888888,2021-08-05,fat_capybara
The Suicide Squad,2021.0,0.8888888888888888,2021-08-08,fat_capybara
The Phantom Empire,1987.0,0.4444444444444444,2021-08-09,fat_capybara
Over the Garden Wall,2014.0,1.0,2021-08-10,fat_capybara
The Haunting of Hill House,2018.0,1.0,2021-08-12,fat_capybara
The Cabin in the Woods,2011.0,0.7777777777777778,2021-08-17,fat_capybara
The Hidden,1987.0,0.2222222222222222,2021-08-17,fat_capybara
Persepolis,2007.0,0.7777777777777778,2021-08-21,fat_capybara
Evil Dead II,1987.0,0.8888888888888888,2021-08-23,fat_capybara
I'm Thinking of Ending Things,2020.0,0.4444444444444444,2021-08-24,fat_capybara
Train to Busan,2016.0,1.0,2021-08-24,fat_capybara
The Haunting of Bly Manor,2020.0,0.3333333333333333,2021-08-24,fat_capybara
Coco,2017.0,0.6666666666666666,2021-08-24,fat_capybara
Inside Out,2015.0,0.5555555555555556,2021-08-24,fat_capybara
Ratatouille,2007.0,0.7777777777777778,2021-08-24,fat_capybara
Up,2009.0,0.8888888888888888,2021-08-24,fat_capybara
WALL·E,2008.0,0.8888888888888888,2021-08-24,fat_capybara
Toy Story,1995.0,0.6666666666666666,2021-08-24,fat_capybara
Finding Nemo,2003.0,0.5555555555555556,2021-08-24,fat_capybara
Incredibles 2,2018.0,0.6666666666666666,2021-08-24,fat_capybara
Toy Story 3,2010.0,0.5555555555555556,2021-08-24,fat_capybara
Toy Story 4,2019.0,0.4444444444444444,2021-08-24,fat_capybara
Finding Dory,2016.0,0.4444444444444444,2021-08-24,fat_capybara
Onward,2020.0,0.3333333333333333,2021-08-24,fat_capybara
A Bug's Life,1998.0,0.7777777777777778,2021-08-24,fat_capybara
The Good Dinosaur,2015.0,0.3333333333333333,2021-08-24,fat_capybara
Bao,2018.0,0.7777777777777778,2021-08-24,fat_capybara
For the Birds,2000.0,0.8888888888888888,2021-08-24,fat_capybara
Presto,2008.0,1.0,2021-08-24,fat_capybara
Knick Knack,1989.0,0.0,2021-08-24,fat_capybara
Lifted,2006.0,0.8888888888888888,2021-08-24,fat_capybara
Boundin',2003.0,1.0,2021-08-24,fat_capybara
Tin Toy,1988.0,0.0,2021-08-24,fat_capybara
Black Panther,2018.0,0.7777777777777778,2021-08-24,fat_capybara
Thor: Ragnarok,2017.0,0.8888888888888888,2021-08-24,fat_capybara
The Avengers,2012.0,0.4444444444444444,2021-08-24,fat_capybara
Captain America: Civil War,2016.0,0.0,2021-08-24,fat_capybara
Spider-Man: Far From Home,2019.0,0.3333333333333333,2021-08-24,fat_capybara
Spider-Man: Homecoming,2017.0,0.3333333333333333,2021-08-24,fat_capybara
Doctor Strange,2016.0,0.4444444444444444,2021-08-24,fat_capybara
Captain America: The Winter Soldier,2014.0,0.1111111111111111,2021-08-24,fat_capybara
Iron Man,2008.0,0.2222222222222222,2021-08-24,fat_capybara
Captain Marvel,2019.0,0.3333333333333333,2021-08-24,fat_capybara
Avengers: Age of Ultron,2015.0,0.1111111111111111,2021-08-24,fat_capybara
Captain America: The First Avenger,2011.0,0.1111111111111111,2021-08-24,fat_capybara
Iron Man 3,2013.0,0.0,2021-08-24,fat_capybara
Thor,2011.0,0.2222222222222222,2021-08-24,fat_capybara
Iron Man 2,2010.0,0.1111111111111111,2021-08-24,fat_capybara
Ant-Man and the Wasp,2018.0,0.1111111111111111,2021-08-24,fat_capybara
Thor: The Dark World,2013.0,0.0,2021-08-24,fat_capybara
The Falcon and the Winter Soldier,2021.0,0.0,2021-08-24,fat_capybara
Fantastic Four: Rise of the Silver Surfer,2007.0,0.3333333333333333,2021-08-24,fat_capybara
Suicide Squad,2016.0,0.0,2021-08-24,fat_capybara
Batman Returns,1992.0,0.4444444444444444,2021-08-24,fat_capybara
Batman,1989.0,0.7777777777777778,2021-08-24,fat_capybara
The Lego Batman Movie,2017.0,0.7777777777777778,2021-08-24,fat_capybara
Batman & Robin,1997.0,0.0,2021-08-24,fat_capybara
The Mitchells vs. the Machines,2021.0,0.8888888888888888,2021-08-24,fat_capybara
How to Train Your Dragon,2010.0,0.7777777777777778,2021-08-24,fat_capybara
How to Train Your Dragon 2,2014.0,0.6666666666666666,2021-08-24,fat_capybara
Tenet,2020.0,0.1111111111111111,2021-08-24,fat_capybara
Bird Box,2018.0,0.0,2021-08-24,fat_capybara
Maniac,2018.0,1.0,2021-08-24,fat_capybara
A Star Is Born,2018.0,0.0,2021-08-24,fat_capybara
To All the Boys I've Loved Before,2018.0,0.5555555555555556,2021-08-24,fat_capybara
Ocean's Eight,2018.0,0.4444444444444444,2021-08-24,fat_capybara
Solo: A Star Wars Story,2018.0,0.3333333333333333,2021-08-24,fat_capybara
The Greatest Showman,2017.0,0.0,2021-08-24,fat_capybara
Twin Peaks: The Return,2017.0,0.6666666666666666,2021-08-24,fat_capybara
Black Mirror: San Junipero,2016.0,0.6666666666666666,2021-08-24,fat_capybara
Alice Through the Looking Glass,2016.0,0.3333333333333333,2021-08-24,fat_capybara
X-Men: Apocalypse,2016.0,0.3333333333333333,2021-08-24,fat_capybara
"Hail, Caesar!",2016.0,0.3333333333333333,2021-08-24,fat_capybara
Me and Earl and the Dying Girl,2015.0,0.7777777777777778,2021-08-24,fat_capybara
Penguins of Madagascar,2014.0,0.6666666666666666,2021-08-24,fat_capybara
Into the Woods,2014.0,0.0,2021-08-24,fat_capybara
The Book of Life,2014.0,1.0,2021-08-24,fat_capybara
Whiplash,2014.0,0.7777777777777778,2021-08-24,fat_capybara
The Great Gatsby,2013.0,0.3333333333333333,2021-08-24,fat_capybara
Black Mirror: White Bear,2013.0,0.8888888888888888,2021-08-24,fat_capybara
Rise of the Guardians,2012.0,0.6666666666666666,2021-08-24,fat_capybara
Wreck-It Ralph,2012.0,0.4444444444444444,2021-08-24,fat_capybara
Hotel Transylvania,2012.0,0.7777777777777778,2021-08-24,fat_capybara
Sinister,2012.0,0.6666666666666666,2021-08-24,fat_capybara
Puss in Boots,2011.0,0.6666666666666666,2021-08-24,fat_capybara
Hugo,2011.0,0.6666666666666666,2021-08-24,fat_capybara
Rango,2011.0,0.5555555555555556,2021-08-24,fat_capybara
Insidious,2010.0,0.1111111111111111,2021-08-24,fat_capybara
Alice in Wonderland,2010.0,0.7777777777777778,2021-08-24,fat_capybara
Devil,2010.0,0.5555555555555556,2021-08-24,fat_capybara
Doctor Who: The End of Time,2009.0,0.3333333333333333,2021-08-24,fat_capybara
Doctor Who: The Waters of Mars,2009.0,0.5555555555555556,2021-08-24,fat_capybara
Monsters vs Aliens,2009.0,0.8888888888888888,2021-08-24,fat_capybara
Kung Fu Panda,2008.0,0.7777777777777778,2021-08-24,fat_capybara
Futurama: Bender's Big Score,2007.0,0.8888888888888888,2021-08-24,fat_capybara
Shrek the Third,2007.0,0.3333333333333333,2021-08-24,fat_capybara
Flushed Away,2006.0,0.6666666666666666,2021-08-24,fat_capybara
Chicken Little,2005.0,0.7777777777777778,2021-08-24,fat_capybara
Charlie and the Chocolate Factory,2005.0,0.7777777777777778,2021-08-24,fat_capybara
Robots,2005.0,0.7777777777777778,2021-08-24,fat_capybara
Sin City,2005.0,0.0,2021-08-24,fat_capybara
The Grudge,2004.0,0.0,2021-08-24,fat_capybara
Shrek 2,2004.0,1.0,2021-08-24,fat_capybara
Big Fish,2003.0,0.6666666666666666,2021-08-24,fat_capybara
Signs,2002.0,0.6666666666666666,2021-08-24,fat_capybara
Austin Powers in Goldmember,2002.0,0.4444444444444444,2021-08-24,fat_capybara
Men in Black II,2002.0,0.5555555555555556,2021-08-24,fat_capybara
Scooby-Doo,2002.0,0.6666666666666666,2021-08-24,fat_capybara
Zoolander,2001.0,0.7777777777777778,2021-08-24,fat_capybara
Atlantis: The Lost Empire,2001.0,0.7777777777777778,2021-08-24,fat_capybara
Shrek,2001.0,0.8888888888888888,2021-08-24,fat_capybara
Donnie Darko,2001.0,0.1111111111111111,2021-08-24,fat_capybara
"O Brother, Where Art Thou?",2000.0,0.6666666666666666,2021-08-24,fat_capybara
The Matrix,1999.0,0.7777777777777778,2021-08-24,fat_capybara
The Truman Show,1998.0,0.7777777777777778,2021-08-24,fat_capybara
Men in Black,1997.0,0.6666666666666666,2021-08-24,fat_capybara
Trainspotting,1996.0,0.7777777777777778,2021-08-24,fat_capybara
Speed,1994.0,0.6666666666666666,2021-08-24,fat_capybara
Jurassic Park,1993.0,0.7777777777777778,2021-08-24,fat_capybara
Heathers,1989.0,0.7777777777777778,2021-08-24,fat_capybara
The Breakfast Club,1985.0,0.6666666666666666,2021-08-24,fat_capybara
Ghostbusters,1984.0,0.7777777777777778,2021-08-24,fat_capybara
Black Mirror: White Christmas,2014.0,0.7777777777777778,2021-08-24,fat_capybara
Black Mirror: Shut Up and Dance,2016.0,1.0,2021-08-24,fat_capybara
Black Mirror: Bandersnatch,2018.0,0.7777777777777778,2021-08-24,fat_capybara
Split,2016.0,0.0,2021-08-24,fat_capybara
Doctor Who: The Christmas Invasion,2005.0,0.7777777777777778,2021-08-24,fat_capybara
Doctor Who: The Runaway Bride,2006.0,0.8888888888888888,2021-08-24,fat_capybara
Doctor Who: Voyage of the Damned,2007.0,0.5555555555555556,2021-08-24,fat_capybara
Doctor Who: The Next Doctor,2008.0,0.3333333333333333,2021-08-24,fat_capybara
Doctor Who: Planet of the Dead,2009.0,0.6666666666666666,2021-08-24,fat_capybara
Doctor Who: The Snowmen,2012.0,0.5555555555555556,2021-08-24,fat_capybara
Doctor Who: The Day of the Doctor,2013.0,0.6666666666666666,2021-08-24,fat_capybara
Doctor Who: The Husbands of River Song,2015.0,0.7777777777777778,2021-08-24,fat_capybara
Sky High,2005.0,0.7777777777777778,2021-08-24,fat_capybara
Pride,2014.0,0.8888888888888888,2021-09-24,fat_capybara
Chernobyl,2019.0,0.8888888888888888,2021-09-24,fat_capybara
Dune,2021.0,0.4444444444444444,2021-09-26,fat_capybara
Greener Grass,2019.0,0.7777777777777778,2021-10-03,fat_capybara
Midnight Mass,2021.0,0.8888888888888888,2021-10-08,fat_capybara
Brazil,1985.0,1.0,2021-10-13,fat_capybara
Scream,1996.0,0.7777777777777778,2021-10-17,fat_capybara
Ghostbusters II,1989.0,0.6666666666666666,2021-10-24,fat_capybara
"The French Dispatch of the Liberty, Kansas Evening Sun",2021.0,0.6666666666666666,2021-10-30,fat_capybara
The Others,2001.0,0.7777777777777778,2021-11-11,fat_capybara
Austin Powers: International Man of Mystery,1997.0,0.5555555555555556,2021-11-18,fat_capybara
Promising Young Woman,2020.0,0.7777777777777778,2021-11-22,fat_capybara
Lamb,2021.0,0.5555555555555556,2021-12-07,fat_capybara
Pride & Prejudice,2005.0,1.0,2021-12-12,fat_capybara
"Love, Simon",2018.0,0.0,2021-12-19,fat_capybara
Venom,2018.0,0.6666666666666666,2021-12-23,fat_capybara
Encanto,2021.0,0.7777777777777778,2021-12-25,fat_capybara
The Amazing Spider-Man,2012.0,0.6666666666666666,2021-12-25,fat_capybara
"tick, tick... BOOM!",2021.0,0.5555555555555556,2021-12-31,fat_capybara
The Ritual,2017.0,0.5555555555555556,2022-01-17,fat_capybara
Harry Potter and the Prisoner of Azkaban,2004.0,0.7777777777777778,2022-01-27,fat_capybara
Mars Attacks!,1996.0,0.5555555555555556,2022-01-27,fat_capybara
Superbad,2007.0,0.5555555555555556,2022-01-31,fat_capybara
Uncharted,2022.0,0.3333333333333333,2022-02-13,fat_capybara
Kingsman: The Golden Circle,2017.0,0.6666666666666666,2022-02-26,fat_capybara
Kingsman: The Secret Service,2014.0,0.7777777777777778,2022-02-26,fat_capybara
The Batman,2022.0,0.7777777777777778,2022-03-12,fat_capybara
Turning Red,2022.0,0.8888888888888888,2022-03-14,fat_capybara
Okja,2017.0,1.0,2022-03-14,fat_capybara
Little Miss Sunshine,2006.0,1.0,2022-03-14,fat_capybara
Guardians of the Galaxy,2014.0,0.5555555555555556,2022-03-14,fat_capybara
The Darjeeling Limited,2007.0,0.6666666666666666,2022-03-16,fat_capybara
Ruby Sparks,2012.0,0.7777777777777778,2022-03-16,fat_capybara
A Nightmare on Elm Street,1984.0,0.4444444444444444,2022-03-17,fat_capybara
The House That Jack Built,2018.0,0.6666666666666666,2022-03-18,fat_capybara
Swiss Army Man,2016.0,0.6666666666666666,2022-03-18,fat_capybara
WandaVision,2021.0,0.1111111111111111,2022-03-20,fat_capybara
Love Actually,2003.0,0.0,2022-03-20,fat_capybara
The Bélier Family,2014.0,0.8888888888888888,2022-04-03,fat_capybara
Camp Rock,2008.0,0.7777777777777778,2022-04-14,fat_capybara
Crashing,2016.0,1.0,2022-04-23,fat_capybara
X,2022.0,0.7777777777777778,2022-04-30,fat_capybara
Boy,2010.0,1.0,2022-05-03,fat_capybara
Doctor Strange in the Multiverse of Madness,2022.0,0.4444444444444444,2022-05-07,fat_capybara
Moon Knight,2022.0,0.5555555555555556,2022-05-08,fat_capybara
Venom: Let There Be Carnage,2021.0,0.5555555555555556,2022-05-08,fat_capybara
Hunt for the Wilderpeople,2016.0,0.7777777777777778,2022-05-08,fat_capybara
The Hunger Games,2012.0,0.7777777777777778,2022-05-12,fat_capybara
Mayhem,2017.0,0.5555555555555556,2022-05-24,fat_capybara
Camp Rock 2: The Final Jam,2010.0,0.5555555555555556,2022-05-28,fat_capybara
Pitch Perfect,2012.0,0.6666666666666666,2022-05-28,fat_capybara
Everything Everywhere All at Once,2022.0,1.0,2022-06-11,fat_capybara
The Day of the Beast,1995.0,0.7777777777777778,2022-06-26,fat_capybara
It Follows,2014.0,0.5555555555555556,2022-07-02,fat_capybara
Office Space,1999.0,1.0,2022-07-04,fat_capybara
Imagine Me & You,2005.0,0.7777777777777778,2022-07-13,fat_capybara
Lady in the Water,2006.0,0.4444444444444444,2022-07-13,fat_capybara
The Old Guard,2020.0,0.7777777777777778,2022-07-24,fat_capybara
I Love You Phillip Morris,2009.0,0.6666666666666666,2022-07-30,fat_capybara
Bullet Train,2022.0,0.7777777777777778,2022-08-07,fat_capybara
Lilo & Stitch,2002.0,1.0,2022-08-18,fat_capybara
"As Above, So Below",2014.0,0.3333333333333333,2022-08-23,fat_capybara
OPAL,2020.0,1.0,2022-08-26,fat_capybara
Sorry to Bother You,2018.0,0.6666666666666666,2022-08-27,fat_capybara
Inspector Gadget,1999.0,0.4444444444444444,2022-08-27,fat_capybara
Clue,1985.0,1.0,2022-08-27,fat_capybara
Don't Hug Me I'm Scared,2011.0,1.0,2022-08-28,fat_capybara
Don't Hug Me I'm Scared 2,2014.0,1.0,2022-08-28,fat_capybara
Don't Hug Me I'm Scared 3,2014.0,0.7777777777777778,2022-08-28,fat_capybara
Don't Hug Me I'm Scared 4,2015.0,0.7777777777777778,2022-08-28,fat_capybara
Don't Hug Me I'm Scared 5,2015.0,1.0,2022-08-28,fat_capybara
Don't Hug Me I'm Scared 6,2016.0,1.0,2022-08-28,fat_capybara
The Lego Movie,2014.0,0.7777777777777778,2022-08-28,fat_capybara
Twisted: The Untold Story of a Royal Vizier,2013.0,0.7777777777777778,2022-08-28,fat_capybara
The Dirt,2019.0,0.1111111111111111,2022-08-28,fat_capybara
Thor: Love and Thunder,2022.0,0.3333333333333333,2022-08-28,fat_capybara
Minions: The Rise of Gru,2022.0,0.5555555555555556,2022-08-28,fat_capybara
Valley of the Dead,2020.0,0.1111111111111111,2022-08-28,fat_capybara
Pacific Rim,2013.0,0.5555555555555556,2022-08-28,fat_capybara
Free Guy,2021.0,0.3333333333333333,2022-08-28,fat_capybara
Seven Pounds,2008.0,0.0,2022-08-28,fat_capybara
The King's Man,2021.0,0.1111111111111111,2022-08-28,fat_capybara
Shang-Chi and the Legend of the Ten Rings,2021.0,0.4444444444444444,2022-08-28,fat_capybara
Eternals,2021.0,0.1111111111111111,2022-08-28,fat_capybara
The Fundamentals of Caring,2016.0,0.5555555555555556,2022-08-28,fat_capybara
Last Night in Soho,2021.0,0.4444444444444444,2022-08-28,fat_capybara
Sundown: The Vampire in Retreat,1989.0,0.5555555555555556,2022-08-28,fat_capybara
Loki,2021.0,0.0,2022-08-28,fat_capybara
Wonder Woman,2017.0,0.1111111111111111,2022-08-28,fat_capybara
Star Wars: The Last Jedi,2017.0,0.1111111111111111,2022-08-28,fat_capybara
Choose or Die,2022.0,0.2222222222222222,2022-08-28,fat_capybara
The Final Girls,2015.0,0.3333333333333333,2022-08-28,fat_capybara
Ghostbusters: Afterlife,2021.0,0.3333333333333333,2022-08-28,fat_capybara
Silent Hill,2006.0,0.3333333333333333,2022-08-28,fat_capybara
Joker,2019.0,0.3333333333333333,2022-08-28,fat_capybara
Vivarium,2019.0,0.5555555555555556,2022-08-28,fat_capybara
Don't Look Up,2021.0,0.4444444444444444,2022-08-28,fat_capybara
Sweeney Todd: The Demon Barber of Fleet Street,2007.0,0.5555555555555556,2022-08-28,fat_capybara
R.I.P.D.,2013.0,0.6666666666666666,2022-08-28,fat_capybara
Chip 'n Dale: Rescue Rangers,2022.0,0.6666666666666666,2022-08-28,fat_capybara
Squid Game,2021.0,0.5555555555555556,2022-08-28,fat_capybara
Kick-Ass,2010.0,0.4444444444444444,2022-08-28,fat_capybara
Get Out,2017.0,0.6666666666666666,2022-08-28,fat_capybara
The Mask,1994.0,0.7777777777777778,2022-08-28,fat_capybara
The Perfection,2018.0,0.2222222222222222,2022-08-28,fat_capybara
Bad Teacher,2011.0,0.0,2022-08-28,fat_capybara
The Amazingly Aerodynamic Unleaded & Quadro-Cylindrical Fly-O-Mo Car™,2021.0,0.5555555555555556,2022-08-28,fat_capybara
Rob Cantor: Shia LaBeouf Live,2014.0,0.8888888888888888,2022-08-28,fat_capybara
Twins in Paradise,2020.0,0.6666666666666666,2022-08-28,fat_capybara
Tome of the Unknown,2013.0,0.6666666666666666,2022-08-28,fat_capybara
Good Omens,2019.0,0.7777777777777778,2022-08-31,fat_capybara
Scream 2,1997.0,0.7777777777777778,2022-09-11,fat_capybara
Scream 3,2000.0,0.4444444444444444,2022-09-11,fat_capybara
Do Revenge,2022.0,0.3333333333333333,2022-09-17,fat_capybara
Fresh,2022.0,0.7777777777777778,2022-09-18,fat_capybara
Fight Club,1999.0,0.6666666666666666,2022-09-25,fat_capybara
Smile,2022.0,0.6666666666666666,2022-10-09,fat_capybara
Don't Worry Darling,2022.0,0.2222222222222222,2022-10-09,fat_capybara
Sherlock: The Empty Hearse,2014.0,0.6666666666666666,2022-10-13,fat_capybara
Sherlock: A Study in Pink (Unaired Pilot),2011.0,0.7777777777777778,2022-10-13,fat_capybara
Sherlock: The Sign of Three,2014.0,0.6666666666666666,2022-10-17,fat_capybara
A Fish Called Wanda,1988.0,0.5555555555555556,2022-10-22,fat_capybara
The Crimson Permanent Assurance,1983.0,0.7777777777777778,2022-10-24,fat_capybara
Weird: The Al Yankovic Story,2022.0,0.6666666666666666,2022-11-09,fat_capybara
Barbarian,2022.0,0.6666666666666666,2022-11-12,fat_capybara
Pearl,2022.0,0.6666666666666666,2022-11-14,fat_capybara
Bound,1996.0,0.7777777777777778,2022-12-09,fat_capybara
The Outside,2022.0,0.7777777777777778,2022-12-12,fat_capybara
The Fifth Element,1997.0,0.6666666666666666,2022-12-18,fat_capybara
Freaky,2020.0,0.6666666666666666,2022-12-20,fat_capybara
The Menu,2022.0,1.0,2022-12-23,fat_capybara
Glass Onion,2022.0,0.6666666666666666,2022-12-25,fat_capybara
Knives Out,2019.0,0.5555555555555556,2022-12-25,fat_capybara
American Beauty,1999.0,0.6666666666666666,2022-12-26,fat_capybara
From Dusk Till Dawn,1996.0,0.5555555555555556,2022-12-26,fat_capybara
Scream 4,2011.0,0.3333333333333333,2023-01-04,fat_capybara
Scream,2022.0,0.5555555555555556,2023-01-04,fat_capybara
Interview with the Vampire,1994.0,0.7777777777777778,2023-01-06,fat_capybara
Bridget Jones's Diary,2001.0,0.7777777777777778,2023-01-14,fat_capybara
Three Thousand Years of Longing,2022.0,0.7777777777777778,2023-01-15,fat_capybara
Puss in Boots: The Last Wish,2022.0,1.0,2023-01-23,fat_capybara
House on Haunted Hill,1999.0,0.1111111111111111,2023-01-23,fat_capybara
Castle Freak,1995.0,0.6666666666666666,2023-01-23,fat_capybara
House of 1000 Corpses,2003.0,0.5555555555555556,2023-01-23,fat_capybara
Meet the Robinsons,2007.0,0.6666666666666666,2023-01-25,fat_capybara
M3GAN,2022.0,0.7777777777777778,2023-02-04,fat_capybara
The Commitments,1991.0,0.6666666666666666,2023-02-11,fat_capybara
The Host,2006.0,0.7777777777777778,2023-03-07,fat_capybara
Scream VI,2023.0,0.7777777777777778,2023-03-11,fat_capybara
The World's End,2013.0,0.8888888888888888,2023-03-12,fat_capybara
Skinamarink,2022.0,0.5555555555555556,2023-03-16,fat_capybara
"To Wong Foo, Thanks for Everything! Julie Newmar",1995.0,0.8888888888888888,2023-03-21,fat_capybara
Lake Mungo,2008.0,0.5555555555555556,2023-03-24,fat_capybara
Perfect Blue,1997.0,0.7777777777777778,2023-03-25,fat_capybara
Cruella,2021.0,0.4444444444444444,2023-03-26,fat_capybara
TÁR,2022.0,0.8888888888888888,2023-03-28,fat_capybara
The Backrooms (Found Footage),2022.0,1.0,2023-03-29,fat_capybara
Dungeons & Dragons: Honor Among Thieves,2023.0,0.6666666666666666,2023-04-01,fat_capybara
The Pope's Exorcist,2023.0,0.0,2023-04-08,fat_capybara
Beforel Orel: Trust,2012.0,1.0,2023-04-11,fat_capybara
The Nice Guys,2016.0,0.7777777777777778,2023-04-13,fat_capybara
The Mummy,1999.0,0.7777777777777778,2023-04-21,fat_capybara
Addams Family Values,1993.0,0.7777777777777778,2023-04-21,fat_capybara
The Addams Family,1991.0,0.7777777777777778,2023-04-21,fat_capybara
The Naked Gun: From the Files of Police Squad!,1988.0,0.5555555555555556,2023-04-30,fat_capybara
Evil Dead Rise,2023.0,0.7777777777777778,2023-05-01,fat_capybara
Spaced: Skip to the End,2004.0,0.8888888888888888,2023-05-05,fat_capybara
A Very Sunny Christmas,2009.0,1.0,2023-05-18,fat_capybara
Guardians of the Galaxy Vol. 3,2023.0,0.7777777777777778,2023-05-21,fat_capybara
Ace Ventura: Pet Detective,1994.0,0.4444444444444444,2023-05-25,fat_capybara
Strange Way of Life,2023.0,0.5555555555555556,2023-05-27,fat_capybara
Ready or Not,2019.0,0.7777777777777778,2023-05-27,fat_capybara
Spider-Man: Across the Spider-Verse,2023.0,1.0,2023-06-03,fat_capybara
The Full Monty,1997.0,0.6666666666666666,2023-06-04,fat_capybara
Monkeybone,2001.0,0.3333333333333333,2023-06-05,fat_capybara
Palm Springs,2020.0,0.7777777777777778,2023-06-06,fat_capybara
Black Mirror: Joan Is Awful,2023.0,0.2222222222222222,2023-06-18,fat_capybara
High School Musical 2,2007.0,0.7777777777777778,2023-06-20,fat_capybara
Barbie,2023.0,1.0,2023-07-22,fat_capybara
Triangle,2009.0,0.7777777777777778,2023-07-30,fat_capybara
Some Guy Who Kills People,2011.0,0.5555555555555556,2023-07-31,fat_capybara
V/H/S,2012.0,0.1111111111111111,2023-08-05,fat_capybara
Single White Female,1992.0,0.4444444444444444,2023-08-05,fat_capybara
They Cloned Tyrone,2023.0,0.6666666666666666,2023-08-05,fat_capybara
The Thing,1982.0,0.7777777777777778,2023-08-08,fat_capybara
Young Frankenstein,1974.0,0.7777777777777778,2023-08-11,fat_capybara
Dave Made a Maze,2017.0,0.6666666666666666,2023-08-13,fat_capybara
Hell House LLC,2015.0,0.6666666666666666,2023-08-13,fat_capybara
The Exorcist,1973.0,0.7777777777777778,2023-08-14,fat_capybara
The Silence of the Lambs,1991.0,0.8888888888888888,2023-08-16,fat_capybara
Delicatessen,1991.0,0.7777777777777778,2023-08-16,fat_capybara
Talk to Me,2022.0,0.5555555555555556,2023-08-18,fat_capybara
Teenage Mutant Ninja Turtles: Mutant Mayhem,2023.0,0.7777777777777778,2023-09-09,fat_capybara
Election,1999.0,0.7777777777777778,2023-09-18,fat_capybara
Napoleon Dynamite,2004.0,1.0,2023-09-18,fat_capybara
The Producers,1967.0,0.5555555555555556,2023-09-25,fat_capybara
Black Swan,2010.0,0.4444444444444444,2023-09-25,fat_capybara
Sing Street,2016.0,1.0,2023-10-07,fat_capybara
The Swan,2023.0,0.7777777777777778,2023-10-08,fat_capybara
The Rat Catcher,2023.0,0.7777777777777778,2023-10-08,fat_capybara
The Wonderful Story of Henry Sugar,2023.0,0.8888888888888888,2023-10-09,fat_capybara
Raw,2016.0,1.0,2023-10-20,fat_capybara
Junior,2011.0,0.6666666666666666,2023-10-20,fat_capybara
Under Therapy,2023.0,0.5555555555555556,2023-10-22,fat_capybara
The Fall of the House of Usher,2023.0,0.7777777777777778,2023-11-02,fat_capybara
Five Nights at Freddy's,2023.0,1.0,2023-11-05,fat_capybara
Heathers: The Musical,2022.0,0.5555555555555556,2023-11-11,fat_capybara
Scott Pilgrim Takes Off,2023.0,0.7777777777777778,2023-11-20,fat_capybara
Thesis,1996.0,0.7777777777777778,2023-11-23,fat_capybara
Funny Games,1997.0,0.7777777777777778,2023-11-24,fat_capybara
Doctor Who: The Star Beast,2023.0,1.0,2023-11-27,fat_capybara
Doctor Who: Wild Blue Yonder,2023.0,0.8888888888888888,2023-12-08,fat_capybara
Doctor Who: The Giggle,2023.0,1.0,2023-12-10,fat_capybara
Dracula,1931.0,0.5555555555555556,2023-12-12,fat_capybara
Titane,2021.0,1.0,2023-12-18,fat_capybara
How the Grinch Stole Christmas,2000.0,0.7777777777777778,2023-12-31,fat_capybara
Bones and All,2022.0,0.7777777777777778,2024-01-01,fat_capybara
Oldboy,2003.0,0.6666666666666666,2024-01-01,fat_capybara
Doctor Who: The Church on Ruby Road,2023.0,0.8888888888888888,2024-01-01,fat_capybara
Little Women,1994.0,0.7777777777777778,2024-01-07,fat_capybara
Serial Mom,1994.0,0.7777777777777778,2024-01-09,fat_capybara
The Favourite,2018.0,1.0,2024-01-14,fat_capybara
How to Get Ahead in Advertising,1989.0,1.0,2024-01-15,fat_capybara
Parents,1989.0,0.7777777777777778,2024-01-15,fat_capybara
Hot Rod,2007.0,0.8888888888888888,2024-01-16,fat_capybara
Poor Things,2023.0,1.0,2024-01-27,fat_capybara
The Stuff,1985.0,0.5555555555555556,2024-01-31,fat_capybara
Galaxy Quest,1999.0,0.6666666666666666,2024-02-01,fat_capybara
The Voices,2014.0,0.6666666666666666,2024-02-04,fat_capybara
The Messiah,2023.0,1.0,2024-02-07,fat_capybara
The Holdovers,2023.0,0.8888888888888888,2024-02-10,fat_capybara
Spanish Affair,2014.0,0.4444444444444444,2024-02-11,fat_capybara
Ghostwatch,1992.0,0.6666666666666666,2024-02-28,fat_capybara
Eraserhead,1977.0,0.6666666666666666,2024-02-29,fat_capybara
Alien,1979.0,0.7777777777777778,2024-03-03,fat_capybara
Aftersun,2022.0,0.7777777777777778,2024-03-09,fat_capybara
Batman Forever,1995.0,0.5555555555555556,2024-03-12,fat_capybara
D.E.B.S.,2004.0,1.0,2024-03-27,fat_capybara
The Celluloid Closet,1995.0,0.7777777777777778,2024-03-27,fat_capybara
Pierrot le Fou,1965.0,0.7777777777777778,2024-04-07,fat_capybara
Grease,1978.0,0.7777777777777778,2024-05-07,fat_capybara
Lars and the Real Girl,2007.0,0.7777777777777778,2024-05-12,fat_capybara
Shaolin Soccer,2001.0,0.6666666666666666,2024-05-12,fat_capybara
Saw,2004.0,0.7777777777777778,2024-05-18,fat_capybara
Saw III,2006.0,0.5555555555555556,2024-05-20,fat_capybara
Late Night with the Devil,2023.0,0.6666666666666666,2024-05-22,fat_capybara
Spiral: From the Book of Saw,2021.0,0.0,2024-05-28,fat_capybara
Smiling Friends,2020.0,1.0,2024-05-30,fat_capybara
The Smiling Friends Go to Brazil!,2022.0,1.0,2024-05-30,fat_capybara
Dick Tracy,1990.0,0.6666666666666666,2024-05-30,fat_capybara
Cecil B. Demented,2000.0,0.7777777777777778,2024-05-31,fat_capybara
The Lair of the White Worm,1988.0,0.7777777777777778,2024-06-03,fat_capybara
My Mother Likes Women,2002.0,0.6666666666666666,2024-06-05,fat_capybara
Hairspray,1988.0,0.8888888888888888,2024-06-10,fat_capybara
I Saw the TV Glow,2024.0,0.7777777777777778,2024-06-17,fat_capybara
The Coffee Table,2022.0,0.5555555555555556,2024-07-01,fat_capybara
"Excuse Me Darling, But Lucas Loved Me",1997.0,1.0,2024-07-04,fat_capybara
Dicks: The Musical,2023.0,0.6666666666666666,2024-07-04,fat_capybara
Romy and Michele's High School Reunion,1997.0,0.7777777777777778,2024-07-06,fat_capybara
Popeye,1980.0,0.3333333333333333,2024-07-13,fat_capybara
The Hunt,2020.0,0.5555555555555556,2024-07-19,fat_capybara
Deadpool & Wolverine,2024.0,0.6666666666666666,2024-07-27,fat_capybara
MaXXXine,2024.0,0.5555555555555556,2024-08-08,fat_capybara
Carol,2015.0,0.8888888888888888,2024-08-08,fat_capybara
Dog Day Afternoon,1975.0,0.7777777777777778,2024-08-08,fat_capybara
Harold and Maude,1971.0,0.7777777777777778,2024-08-08,fat_capybara
Blazing Saddles,1974.0,0.5555555555555556,2024-08-09,fat_capybara
Being John Malkovich,1999.0,0.7777777777777778,2024-08-12,fat_capybara
Pink Flamingos,1972.0,0.7777777777777778,2024-08-12,fat_capybara
Fargo,1996.0,0.7777777777777778,2024-08-14,fat_capybara
The Hunger Games: The Ballad of Songbirds & Snakes,2023.0,0.6666666666666666,2024-08-16,fat_capybara
Harry Potter and the Order of the Phoenix,2007.0,0.5555555555555556,2024-08-17,fat_capybara
The Hunger Games: Catching Fire,2013.0,0.8888888888888888,2024-08-17,fat_capybara
The Shining,1980.0,0.7777777777777778,2024-08-28,fat_capybara
Secretary,2002.0,0.5555555555555556,2024-08-29,fat_capybara
Death Becomes Her,1992.0,0.7777777777777778,2024-08-29,fat_capybara
This Is Spinal Tap,1984.0,0.6666666666666666,2024-08-31,fat_capybara
Zodiac,2007.0,1.0,2024-09-01,fat_capybara
Beyond the Infinite Two Minutes,2020.0,0.6666666666666666,2024-09-02,fat_capybara
Abigail,2024.0,0.6666666666666666,2024-09-03,fat_capybara
Beetlejuice Beetlejuice,2024.0,0.6666666666666666,2024-09-07,fat_capybara
Inherent Vice,2014.0,0.6666666666666666,2024-09-30,fat_capybara
Crash,1996.0,0.7777777777777778,2024-10-01,fat_capybara
The Substance,2024.0,1.0,2024-10-11,fat_capybara
Cure,1997.0,0.5555555555555556,2024-10-13,fat_capybara
Halloween,1978.0,0.5555555555555556,2024-10-23,fat_capybara
Woman of the Hour,2023.0,0.7777777777777778,2024-10-23,fat_capybara
Revenge,2017.0,0.7777777777777778,2024-10-24,fat_capybara
Uzumaki,2024.0,0.3333333333333333,2024-10-28,fat_capybara
The Sixth Sense,1999.0,0.6666666666666666,2024-11-13,fat_capybara
Saturday Night,2024.0,0.5555555555555556,2024-11-15,fat_capybara
The Haunting,1963.0,0.6666666666666666,2024-11-15,fat_capybara
Brand New Cherry Flavor,2021.0,0.7777777777777778,2024-11-20,fat_capybara
Garth Marenghi's Darkplace,2004.0,0.7777777777777778,2024-11-21,fat_capybara
It's What's Inside,2024.0,1.0,2024-11-22,fat_capybara
Creep 2,2017.0,0.7777777777777778,2024-11-25,fat_capybara
Smile 2,2024.0,0.6666666666666666,2024-11-25,fat_capybara
Creep,2014.0,0.6666666666666666,2024-11-25,fat_capybara
Meet the Feebles,1989.0,0.5555555555555556,2024-11-29,fat_capybara
The Devil's Backbone,2001.0,0.7777777777777778,2024-12-06,fat_capybara
Going Postal,2010.0,0.3333333333333333,2024-12-16,fat_capybara
The Private Life of Sherlock Holmes,1970.0,0.6666666666666666,2024-12-19,fat_capybara
Sherlock Holmes,2009.0,0.5555555555555556,2024-12-19,fat_capybara
Sherlock Holmes: A Game of Shadows,2011.0,0.6666666666666666,2024-12-19,fat_capybara
True Stories,1986.0,0.8888888888888888,2024-12-21,fat_capybara
Sherlock: A Study in Pink,2010.0,0.4444444444444444,2024-12-22,fat_capybara
When Evil Lurks,2023.0,0.6666666666666666,2024-12-25,fat_capybara
The Great Mouse Detective,1986.0,0.7777777777777778,2024-12-25,fat_capybara
The Creep Tapes,2024.0,0.7777777777777778,2024-12-25,fat_capybara
Nosferatu,2024.0,0.7777777777777778,2024-12-27,fat_capybara
Pee-wee's Big Adventure,1985.0,0.7777777777777778,2024-12-30,fat_capybara
Deadpool 2,2018.0,0.6666666666666666,2025-01-13,fat_capybara
What We Do in the Shadows,2014.0,0.8888888888888888,2025-01-13,fat_capybara
Women on the Verge of a Nervous Breakdown,1988.0,0.7777777777777778,2025-01-14,fat_capybara
High Heels,1991.0,0.7777777777777778,2025-01-14,fat_capybara
Rope,1948.0,0.7777777777777778,2025-01-15,fat_capybara
Challengers,2024.0,1.0,2025-01-18,fat_capybara
In the Mouth of Madness,1994.0,0.6666666666666666,2025-01-19,fat_capybara
SLC Punk,1998.0,0.6666666666666666,2025-01-19,fat_capybara
Your Monster,2024.0,0.6666666666666666,2025-01-19,fat_capybara
A Real Pain,2024.0,0.7777777777777778,2025-01-23,fat_capybara
Dark Habits,1983.0,0.5555555555555556,2025-01-28,fat_capybara
"The Adventures of Priscilla, Queen of the Desert",1994.0,0.7777777777777778,2025-02-01,fat_capybara
Phantom of the Paradise,1974.0,0.7777777777777778,2025-02-01,fat_capybara
The Wicker Man,1973.0,0.6666666666666666,2025-02-01,fat_capybara
Sherlock: The Blind Banker,2010.0,0.2222222222222222,2025-02-01,fat_capybara
Cabaret,1972.0,0.7777777777777778,2025-02-01,fat_capybara
Repo! The Genetic Opera,2008.0,0.4444444444444444,2025-02-02,fat_capybara
Companion,2025.0,0.5555555555555556,2025-02-02,fat_capybara
Plan 9 from Outer Space,1957.0,0.3333333333333333,2025-02-03,fat_capybara
The Fly,1986.0,0.8888888888888888,2025-02-07,fat_capybara
Event Horizon,1997.0,0.5555555555555556,2025-02-09,fat_capybara
Hellraiser,1987.0,0.6666666666666666,2025-02-10,fat_capybara
Fallen Leaves,2023.0,0.8888888888888888,2025-02-16,fat_capybara
Gremlins 2: The New Batch,1990.0,0.8888888888888888,2025-02-16,fat_capybara
Asteroid City,2023.0,0.8888888888888888,2025-02-16,fat_capybara
You People,2023.0,0.1111111111111111,2025-02-17,fat_capybara
Frankenhooker,1990.0,0.8888888888888888,2025-02-19,fat_capybara
Invasion of the Body Snatchers,1978.0,0.8888888888888888,2025-02-21,fat_capybara
The Monkey,2025.0,0.6666666666666666,2025-02-24,fat_capybara
Coherence,2013.0,0.7777777777777778,2025-02-26,fat_capybara
The Toxic Avenger,1984.0,0.8888888888888888,2025-02-27,fat_capybara
Space Chimps,2008.0,0.0,2025-02-28,fat_capybara
Cloverfield,2008.0,0.2222222222222222,2025-03-04,fat_capybara
Queer,2024.0,0.6666666666666666,2025-03-04,fat_capybara
Death Karate in Torremolinos,2003.0,0.2222222222222222,2025-03-05,fat_capybara
Mickey 17,2025.0,0.7777777777777778,2025-03-08,fat_capybara
Blue Velvet,1986.0,0.6666666666666666,2025-03-09,fat_capybara
Zero Effect,1998.0,0.1111111111111111,2025-03-14,fat_capybara
Ali G Indahouse,2002.0,0.4444444444444444,2025-03-16,fat_capybara
Horror Express,1972.0,0.5555555555555556,2025-03-20,fat_capybara
Stranger Than Fiction,2006.0,0.7777777777777778,2025-03-26,fat_capybara
Borderline,2025.0,0.5555555555555556,2025-03-26,fat_capybara
Adolescence,2025.0,0.7777777777777778,2025-03-27,fat_capybara
Ice Cream Man,1995.0,0.4444444444444444,2025-03-27,fat_capybara
The Twelve Tasks of Asterix,1976.0,1.0,2025-03-28,fat_capybara
The Adventures of Tintin,2011.0,0.7777777777777778,2025-03-28,fat_capybara
Eternal Sunshine of the Spotless Mind,2004.0,0.7777777777777778,2025-03-30,fat_capybara
Renfield,2023.0,0.3333333333333333,2025-04-02,fat_capybara
"Paris, Texas",1984.0,0.7777777777777778,2025-04-04,fat_capybara
Waltz with Bashir,2008.0,0.0,2025-04-08,fat_capybara
Best in Show,2000.0,0.8888888888888888,2025-04-09,fat_capybara
The VelociPastor,2017.0,0.8888888888888888,2025-04-14,fat_capybara
Bad Taste,1987.0,0.6666666666666666,2025-04-16,fat_capybara
The Stepford Wives,1975.0,1.0,2025-04-17,fat_capybara
Time Bandits,1981.0,0.6666666666666666,2025-04-18,fat_capybara
Monty Python's The Meaning of Life,1983.0,0.7777777777777778,2025-04-18,fat_capybara
The Graduate,1967.0,0.6666666666666666,2025-04-19,fat_capybara
All That Jazz,1979.0,1.0,2025-04-19,fat_capybara
Wicked,2024.0,0.6666666666666666,2025-04-19,fat_capybara
Cat Soup,2001.0,0.7777777777777778,2025-04-20,fat_capybara
Love Is the Devil: Study for a Portrait of Francis Bacon,1998.0,0.6666666666666666,2025-04-28,fat_capybara
Drive-Away Dolls,2024.0,0.7777777777777778,2025-05-07,fat_capybara
Popstar: Never Stop Never Stopping,2016.0,0.7777777777777778,2025-05-07,fat_capybara
Forgotten Silver,1995.0,0.5555555555555556,2025-05-07,fat_capybara
Cry-Baby,1990.0,0.7777777777777778,2025-05-08,fat_capybara
The Muppets,2011.0,0.7777777777777778,2025-05-10,fat_capybara
Monty Python and the Holy Grail,1975.0,0.7777777777777778,2025-05-10,fat_capybara
The Birdcage,1996.0,1.0,2025-05-11,fat_capybara
The Pirates of Penzance,1983.0,0.6666666666666666,2025-05-11,fat_capybara
Kajillionaire,2020.0,1.0,2025-05-12,fat_capybara
Brokeback Mountain,2005.0,1.0,2025-05-13,fat_capybara
Humanist Vampire Seeking Consenting Suicidal Person,2023.0,0.6666666666666666,2025-05-13,fat_capybara
The Vanishing,1988.0,0.6666666666666666,2025-05-13,fat_capybara
"Terror, Sisters!",2019.0,0.6666666666666666,2025-05-17,fat_capybara
Multiple Maniacs,1970.0,0.8888888888888888,2025-05-17,fat_capybara
Pride and Prejudice,1995.0,0.7777777777777778,2025-05-21,fat_capybara
Brain Damage,1988.0,0.8888888888888888,2025-05-21,fat_capybara
The Master Blackmailer,1992.0,0.6666666666666666,2025-05-23,fat_capybara
Sherlock: The Reichenbach Fall,2012.0,0.5555555555555556,2025-05-23,fat_capybara
The Eligible Bachelor,1993.0,0.6666666666666666,2025-05-23,fat_capybara
Audition,1999.0,0.6666666666666666,2025-05-24,fat_capybara
Tremors,1990.0,0.6666666666666666,2025-05-24,fat_capybara
Deep Red,1975.0,0.6666666666666666,2025-05-25,fat_capybara
Lilo & Stitch,2025.0,0.1111111111111111,2025-05-26,fat_capybara
Longlegs,2024.0,0.6666666666666666,2025-05-29,fat_capybara
The Super Mario Bros. Movie,2023.0,0.6666666666666666,2025-05-29,fat_capybara
Seconds,1966.0,0.6666666666666666,2025-05-30,fat_capybara
The Skeleton of Mrs. Morales,1960.0,0.5555555555555556,2025-05-30,fat_capybara
Mountainhead,2025.0,0.4444444444444444,2025-06-03,fat_capybara
Saving Face,2004.0,0.8888888888888888,2025-06-04,fat_capybara
The Phoenician Scheme,2025.0,0.8888888888888888,2025-06-05,fat_capybara
Suspiria,1977.0,0.7777777777777778,2025-06-09,fat_capybara
Suspiria,2018.0,0.7777777777777778,2025-06-09,fat_capybara
Stopmotion,2023.0,0.5555555555555556,2025-06-09,fat_capybara
A Nightmare on Elm Street Part 2: Freddy's Revenge,1985.0,0.3333333333333333,2025-06-09,fat_capybara
Ginger Snaps,2000.0,1.0,2025-06-12,fat_capybara
Ginger Snaps 2: Unleashed,2004.0,0.8888888888888888,2025-06-12,fat_capybara
Anora,2024.0,0.6666666666666666,2025-06-12,fat_capybara
Baby Driver,2017.0,0.6666666666666666,2025-06-12,fat_capybara
Nope,2022.0,0.8888888888888888,2025-06-12,fat_capybara
Deadpool,2016.0,0.6666666666666666,2025-06-12,fat_capybara
Bottoms,2023.0,0.8888888888888888,2025-06-12,fat_capybara
The Lobster,2015.0,0.6666666666666666,2025-06-12,fat_capybara
It Chapter Two,2019.0,0.6666666666666666,2025-06-12,fat_capybara
Elemental,2023.0,0.6666666666666666,2025-06-12,fat_capybara
Possession,1981.0,0.6666666666666666,2025-06-12,fat_capybara
The Hunger,1983.0,0.7777777777777778,2025-06-12,fat_capybara
Lunatics: A Love Story,1991.0,0.5555555555555556,2025-06-14,fat_capybara
20 Centimeters,2005.0,0.6666666666666666,2025-06-14,fat_capybara
Tropic Thunder,2008.0,0.2222222222222222,2025-06-15,fat_capybara
It,1990.0,0.7777777777777778,2025-06-15,fat_capybara
House,1977.0,1.0,2025-06-16,fat_capybara
Parting Glances,1986.0,0.8888888888888888,2025-06-17,fat_capybara
Marcel the Shell with Shoes On,2021.0,1.0,2025-06-19,fat_capybara
The Skeleton Twins,2014.0,0.5555555555555556,2025-06-20,fat_capybara
Scary Movie,2000.0,0.4444444444444444,2025-06-21,fat_capybara
Scary Movie 2,2001.0,0.1111111111111111,2025-06-21,fat_capybara
The Watermelon Woman,1996.0,0.7777777777777778,2025-06-23,fat_capybara
Fade to Black,1980.0,0.6666666666666666,2025-06-23,fat_capybara
May,2002.0,0.6666666666666666,2025-06-23,fat_capybara
Paul,2011.0,0.6666666666666666,2025-06-24,fat_capybara
Bridesmaids,2011.0,0.5555555555555556,2025-06-24,fat_capybara
Beau Is Afraid,2023.0,0.8888888888888888,2025-06-25,fat_capybara
Trainwreck,2015.0,0.2222222222222222,2025-06-26,fat_capybara
Call Me by Your Name,2017.0,0.4444444444444444,2025-06-27,fat_capybara
Django Unchained,2012.0,0.7777777777777778,2025-06-27,fat_capybara
Spider-Man: No Way Home,2021.0,0.7777777777777778,2025-06-29,fat_capybara
Punch-Drunk Love,2002.0,0.7777777777777778,2025-06-30,fat_capybara
Breaking Away,1979.0,0.8888888888888888,2025-06-30,fat_capybara
Borat: Cultural Learnings of America for Make Benefit Glorious Nation of Kazakhstan,2006.0,0.6666666666666666,2025-06-30,fat_capybara
Tucker and Dale vs. Evil,2010.0,0.7777777777777778,2025-07-01,fat_capybara
El televisor,1974.0,0.5555555555555556,2025-07-01,fat_capybara
Carrie,1976.0,0.7777777777777778,2025-07-02,fat_capybara
KPop Demon Hunters,2025.0,0.5555555555555556,2025-07-03,fat_capybara
Pontypool,2008.0,0.6666666666666666,2025-07-03,fat_capybara
Naked Lunch,1991.0,0.7777777777777778,2025-07-03,fat_capybara
Harvey,1950.0,0.5555555555555556,2025-07-03,fat_capybara
An American Werewolf in London,1981.0,1.0,2025-07-06,fat_capybara
Psycho,1960.0,0.8888888888888888,2025-07-07,fat_capybara
Society,1989.0,0.5555555555555556,2025-07-08,fat_capybara
TerrorVision,1986.0,0.5555555555555556,2025-07-08,fat_capybara
Eating Raoul,1982.0,0.3333333333333333,2025-07-08,fat_capybara
Necronomicon,1993.0,0.2222222222222222,2025-07-08,fat_capybara
Braindead,1992.0,1.0,2025-07-08,fat_capybara
Rear Window,1954.0,0.7777777777777778,2025-07-08,fat_capybara
The Rutles: All You Need Is Cash,1978.0,0.5555555555555556,2025-07-09,fat_capybara
Twin Peaks,1989.0,1.0,2025-07-10,fat_capybara
Mulholland Drive,2001.0,1.0,2025-07-10,fat_capybara
Heretic,2024.0,0.6666666666666666,2025-07-12,fat_capybara
Lisa Frankenstein,2024.0,0.8888888888888888,2025-07-13,fat_capybara
Creepshow,1982.0,0.5555555555555556,2025-07-15,fat_capybara
The Exorcist III,1990.0,0.7777777777777778,2025-07-16,fat_capybara
How to Train Your Dragon,2025.0,0.4444444444444444,2025-07-18,fat_capybara
"The Cook, the Thief, His Wife & Her Lover",1989.0,1.0,2025-07-18,fat_capybara
Fear Street: Prom Queen,2025.0,0.1111111111111111,2025-07-19,fat_capybara
Fear Street: 1994,2021.0,0.7777777777777778,2025-07-19,fat_capybara
Terrified,2017.0,0.6666666666666666,2025-07-21,fat_capybara
Prom Night,1980.0,0.3333333333333333,2025-07-22,fat_capybara
Superman,2025.0,0.7777777777777778,2025-07-24,fat_capybara
Intruder,1989.0,0.8888888888888888,2025-07-27,fat_capybara
A Very Solar Holiday Opposites Special,2021.0,0.8888888888888888,2025-07-28,fat_capybara
Green Room,2015.0,0.6666666666666666,2025-08-01,fat_capybara
Basket Case,1982.0,1.0,2025-08-01,fat_capybara
Jaws,1975.0,0.5555555555555556,2025-08-03,fat_capybara
Street Trash,1987.0,0.2222222222222222,2025-08-03,fat_capybara
The Void,2016.0,0.4444444444444444,2025-08-03,fat_capybara
Cemetery Man,1994.0,0.7777777777777778,2025-08-03,fat_capybara
Weapons,2025.0,0.8888888888888888,2025-08-10,fat_capybara
Maximum Overdrive,1986.0,0.6666666666666666,2025-08-11,fat_capybara
Bodies Bodies Bodies,2022.0,0.5555555555555556,2025-08-11,fat_capybara
Eyes Without a Face,1960.0,1.0,2025-08-11,fat_capybara
Manolito Four Eyes,1999.0,1.0,2025-08-11,fat_capybara
Cuckoo,2024.0,0.5555555555555556,2025-08-15,fat_capybara
The Slumber Party Massacre,1982.0,0.7777777777777778,2025-08-17,fat_capybara
Annihilation,2018.0,0.7777777777777778,2025-08-18,fat_capybara
Welcome to the Dollhouse,1995.0,0.7777777777777778,2025-08-19,fat_capybara
Happiness,1998.0,1.0,2025-08-19,fat_capybara
The Naked Gun,2025.0,0.5555555555555556,2025-08-25,fat_capybara
Common Wealth,2000.0,0.8888888888888888,2025-08-25,fat_capybara
The Incredibly True Adventure of Two Girls in Love,1995.0,0.7777777777777778,2025-08-26,fat_capybara
10 Cloverfield Lane,2016.0,0.7777777777777778,2025-08-27,fat_capybara
Saw VI,2009.0,0.7777777777777778,2025-08-28,fat_capybara
Possessed,2014.0,0.4444444444444444,2025-08-29,fat_capybara
Mortadelo & Filemon: Mission Implausible,2014.0,1.0,2025-08-29,fat_capybara
Slumber Party Massacre II,1987.0,0.8888888888888888,2025-08-30,fat_capybara
Sick Girl,2006.0,0.7777777777777778,2025-09-06,fat_capybara
Slugs,1988.0,0.5555555555555556,2025-09-06,fat_capybara
Wild at Heart,1990.0,1.0,2025-09-07,fat_capybara
Goat Story,2008.0,1.0,2025-09-08,fat_capybara
Barnyard,2006.0,1.0,2025-09-08,fat_capybara
The People's Joker,2022.0,0.7777777777777778,2025-09-15,fat_capybara
My Chemical Romance: Life on the Murder Scene,2006.0,1.0,2025-09-19,fat_capybara
The Wailing,2016.0,0.7777777777777778,2025-09-22,fat_capybara
Y2K,2024.0,0.4444444444444444,2025-09-23,fat_capybara
Chicago,2002.0,1.0,2025-09-29,fat_capybara
UHF,1989.0,0.7777777777777778,2025-10-08,fat_capybara
A Nightmare on Elm Street 3: Dream Warriors,1987.0,0.7777777777777778,2025-10-08,fat_capybara
The Ugly Stepsister,2025.0,0.7777777777777778,2025-10-18,fat_capybara
Anguish,1987.0,0.4444444444444444,2025-10-19,fat_capybara
Unedited Footage of a Bear,2014.0,0.7777777777777778,2025-10-22,fat_capybara
This House Has People in It,2016.0,1.0,2025-10-22,fat_capybara
Possibly in Michigan,1983.0,1.0,2025-10-22,fat_capybara
Knightriders,1981.0,0.3333333333333333,2025-10-22,fat_capybara
Frankenstein,2025.0,0.7777777777777778,2025-10-26,fat_capybara
Jennifer's Body,2009.0,0.7777777777777778,2025-10-31,fat_capybara
Twin Peaks: Fire Walk with Me,1992.0,1.0,2025-11-03,fat_capybara
Sew into You,2024.0,1.0,2025-11-03,fat_capybara
After-School Special,2011.0,0.0,2025-11-03,fat_capybara
Rocky Horror Show Live,2015.0,0.7777777777777778,2025-11-06,fat_capybara
Shock Treatment,1981.0,0.7777777777777778,2025-11-06,fat_capybara
Maspalomas,2025.0,0.8888888888888888,2025-11-07,fat_capybara
Back to the Future,1985.0,0.7777777777777778,2025-11-08,fat_capybara
The Craft,1996.0,0.7777777777777778,2025-11-10,fat_capybara
Forbidden Zone,1980.0,0.6666666666666666,2025-11-10,fat_capybara
What Ever Happened to Baby Jane?,1962.0,0.7777777777777778,2025-11-10,fat_capybara
Withnail & I,1987.0,0.8888888888888888,2025-11-11,fat_capybara
Black Christmas,1974.0,0.8888888888888888,2025-11-12,fat_capybara
Videodrome,1983.0,1.0,2025-11-14,fat_capybara
Child's Play,1988.0,0.7777777777777778,2025-11-15,fat_capybara
The Killer Condom,1996.0,0.5555555555555556,2025-11-24,fat_capybara
Rushmore,1998.0,0.7777777777777778,2025-11-26,fat_capybara
Skin Flick,2025.0,1.0,2025-11-27,fat_capybara
Basket Case 3: The Progeny,1991.0,0.3333333333333333,2025-12-03,fat_capybara
Basket Case 2,1990.0,1.0,2025-12-05,fat_capybara
Five Nights at Freddy's 2,2025.0,0.1111111111111111,2025-12-06,fat_capybara
Hell of a Summer,2023.0,0.4444444444444444,2025-12-07,fat_capybara
Mad God,2021.0,0.7777777777777778,2025-12-12,fat_capybara
Too Many Cooks,2014.0,1.0,2025-12-14,fat_capybara
Avatar: The Way of Water,2022.0,0.5555555555555556,2025-12-20,fat_capybara
Walk Hard: The Dewey Cox Story,2007.0,0.6666666666666666,2025-12-21,fat_capybara
Dr. Caligari,1989.0,0.8888888888888888,2025-12-21,fat_capybara
The Cabinet of Dr. Caligari,1920.0,1.0,2025-12-21,fat_capybara
The Man Who Laughs,1928.0,0.7777777777777778,2025-12-22,fat_capybara
One Cut of the Dead,2017.0,0.7777777777777778,2025-12-25,fat_capybara
The Texas Chain Saw Massacre,1974.0,0.5555555555555556,2025-12-26,fat_capybara
It's a Wonderful Life,1946.0,0.7777777777777778,2025-12-26,fat_capybara
Heart Eyes,2025.0,0.5555555555555556,2025-12-27,fat_capybara
Avatar: Fire and Ash,2025.0,0.3333333333333333,2025-12-28,fat_capybara
Psycho Beach Party,2000.0,0.6666666666666666,2025-12-28,fat_capybara
Stranger Things 5: The Finale,2025.0,0.1111111111111111,2026-01-02,fat_capybara
Beyond Re-Animator,2003.0,0.3333333333333333,2026-01-02,fat_capybara
Rapture,1979.0,0.7777777777777778,2026-01-02,fat_capybara
My Best Friend Is a Vampire,1987.0,0.4444444444444444,2026-01-05,fat_capybara
Sleepaway Camp,1983.0,0.6666666666666666,2026-01-06,fat_capybara
The Endless,2017.0,0.5555555555555556,2026-01-06,fat_capybara
Malignant,2021.0,0.8888888888888888,2026-01-07,fat_capybara
The Omen,1976.0,0.7777777777777778,2026-01-09,fat_capybara
The First Omen,2024.0,0.6666666666666666,2026-01-10,fat_capybara
The Evil Clergyman,1988.0,0.5555555555555556,2026-01-10,fat_capybara
Bugonia,2025.0,0.7777777777777778,2026-01-16,fat_capybara
Sinners,2025.0,1.0,2026-01-16,fat_capybara
Die Hard,1988.0,0.7777777777777778,2026-01-24,fat_capybara
Send Help,2026.0,0.4444444444444444,2026-01-31,fat_capybara
Alice,1988.0,1.0,2026-02-16,fat_capybara
The Black Tower,1987.0,1.0,2026-02-16,fat_capybara
Psych: The Movie,2017.0,0.4444444444444444,2026-02-17,fat_capybara
Psych 2: Lassie Come Home,2020.0,0.4444444444444444,2026-02-17,fat_capybara
Psych 3: This Is Gus,2021.0,0.6666666666666666,2026-02-17,fat_capybara
Holes,2003.0,0.6666666666666666,2026-02-18,fat_capybara
The Hitchhiker's Guide to the Galaxy,2005.0,0.6666666666666666,2026-02-24,fat_capybara
I Feel Strange,1977.0,0.1111111111111111,2026-03-01,fat_capybara
Desert Hearts,1985.0,0.7777777777777778,2026-03-02,fat_capybara
Hedwig and the Angry Inch,2001.0,0.8888888888888888,2026-03-08,fat_capybara
Joe's Apartment,1996.0,0.5555555555555556,2026-03-08,fat_capybara
Desperate Living,1977.0,0.7777777777777778,2026-03-08,fat_capybara
Victor/Victoria,1982.0,0.6666666666666666,2026-03-08,fat_capybara
And Now for Something Completely Different,1971.0,0.6666666666666666,2026-03-09,fat_capybara
Saw X,2023.0,0.6666666666666666,2026-03-09,fat_capybara
Smiley Face,2007.0,0.5555555555555556,2026-03-10,fat_capybara
Se7en,1995.0,0.7777777777777778,2026-03-11,fat_capybara
The Devils,1971.0,1.0,2026-03-13,fat_capybara
National Theatre Live: The Importance of Being Earnest,2025.0,1.0,2026-03-15,fat_capybara
The Handmaiden,2016.0,0.8888888888888888,2026-03-15,fat_capybara
The Duke of Burgundy,2014.0,0.7777777777777778,2026-03-15,fat_capybara
Rosemary's Baby,1968.0,0.8888888888888888,2026-03-17,fat_capybara
Army of Darkness,1992.0,0.7777777777777778,2026-03-18,fat_capybara
Cooties,2014.0,0.3333333333333333,2026-03-20,fat_capybara
House,1985.0,0.5555555555555556,2026-03-20,fat_capybara
Saw II,2005.0,0.7777777777777778,2026-03-22,fat_capybara
Saw IV,2007.0,0.6666666666666666,2026-03-22,fat_capybara
Saw V,2008.0,0.5555555555555556,2026-03-22,fat_capybara
Saw 3D,2010.0,0.2222222222222222,2026-03-23,fat_capybara
Death Proof,2007.0,0.5555555555555556,2026-03-29,fat_capybara
Evil Dead,2013.0,0.5555555555555556,2026-03-30,fat_capybara
Life of Brian,1979.0,0.6666666666666666,2026-04-03,fat_capybara
Jesus Christ Vampire Hunter,2001.0,1.0,2026-04-03,fat_capybara
Kung Fu Hustle,2004.0,0.8888888888888888,2026-04-04,fat_capybara
Pizza Movie,2026.0,0.6666666666666666,2026-04-04,fat_capybara
House of Wax,2005.0,0.5555555555555556,2026-04-12,fat_capybara
Something Very Bad Is Going to Happen,2026.0,0.7777777777777778,2026-04-13,fat_capybara
Freaked,1993.0,0.7777777777777778,2026-04-14,fat_capybara
The Colour of Magic,2008.0,0.3333333333333333,2026-04-27,fat_capybara
The Hudsucker Proxy,1994.0,0.6666666666666666,2026-04-28,fat_capybara
Saved!,2004.0,0.5555555555555556,2026-04-28,fat_capybara
The Frighteners,1996.0,0.5555555555555556,2026-04-29,fat_capybara
The Shop Around the Corner,1940.0,0.6666666666666666,2026-05-03,fat_capybara
The Philadelphia Story,1940.0,0.5555555555555556,2026-05-03,fat_capybara
Saltburn,2023.0,0.5555555555555556,2026-05-04,fat_capybara
Forbidden Fruits,2026.0,0.3333333333333333,2026-05-04,fat_capybara
Thelma & Louise,1991.0,0.7777777777777778,2026-05-05,fat_capybara
Vertigo,1958.0,0.8888888888888888,2026-05-05,fat_capybara
From Beyond,1986.0,0.7777777777777778,2026-05-06,fat_capybara
Network,1976.0,0.7777777777777778,2026-05-07,fat_capybara
Fifty Shades of Grey,2015.0,0.3333333333333333,2025-06-29,isanieto1312
Fifty Shades Darker,2017.0,0.6666666666666666,2025-06-30,isanieto1312
Fifty Shades Freed,2018.0,0.4444444444444444,2025-06-30,isanieto1312
Notting Hill,1999.0,0.7777777777777778,2025-07-06,isanieto1312
Call Me by Your Name,2017.0,0.8888888888888888,2025-07-14,isanieto1312
Parthenope,2024.0,0.4444444444444444,2025-07-18,isanieto1312
The Bad Guys,2022.0,0.8888888888888888,2025-07-19,isanieto1312
Attack on Titan The Final Chapters: Special 1,2023.0,0.8888888888888888,2025-07-23,isanieto1312
The Shawshank Redemption,1994.0,1.0,2025-07-24,isanieto1312
The Notebook,2004.0,0.7777777777777778,2025-07-26,isanieto1312
Ready Player One,2018.0,0.6666666666666666,2025-07-26,isanieto1312
Aquaman,2018.0,0.3333333333333333,2025-07-28,isanieto1312
The Hangover Part II,2011.0,0.6666666666666666,2025-07-30,isanieto1312
The Hangover Part III,2013.0,0.8888888888888888,2025-07-31,isanieto1312
Robot Dreams,2023.0,1.0,2025-08-01,isanieto1312
Hopelessly Devout,2018.0,0.6666666666666666,2025-08-07,isanieto1312
The Crow,1994.0,0.8888888888888888,2025-08-09,isanieto1312
Squid Game,2021.0,0.7777777777777778,2025-08-09,isanieto1312
The Hangover,2009.0,0.8888888888888888,2025-08-11,isanieto1312
Life Is Beautiful,1997.0,0.8888888888888888,2025-08-14,isanieto1312
Nonnas,2025.0,0.3333333333333333,2025-08-16,isanieto1312
Grave of the Fireflies,1988.0,0.8888888888888888,2025-08-16,isanieto1312
Top Gun: Maverick,2022.0,0.4444444444444444,2025-08-24,isanieto1312
Smiling Friends,2020.0,0.7777777777777778,2025-08-25,isanieto1312
Birds of Prey (and the Fantabulous Emancipation of One Harley Quinn),2020.0,1.0,2025-08-25,isanieto1312
Airplane!,1980.0,1.0,2025-08-28,isanieto1312
Superman,2025.0,0.8888888888888888,2025-08-30,isanieto1312
"tick, tick... BOOM!",2021.0,0.7777777777777778,2025-08-31,isanieto1312
Two Graves,2025.0,0.6666666666666666,2025-09-05,isanieto1312
The Naked Gun: From the Files of Police Squad!,1988.0,0.6666666666666666,2025-09-14,isanieto1312
Thesis,1996.0,1.0,2025-09-26,isanieto1312
Three Steps Above Heaven,2010.0,0.1111111111111111,2025-10-11,isanieto1312
KPop Demon Hunters,2025.0,0.7777777777777778,2025-10-18,isanieto1312
Oldboy,2003.0,0.6666666666666666,2025-11-02,isanieto1312
Monster High: Scaris City of Frights,2013.0,0.8888888888888888,2025-11-02,isanieto1312
The House of Bernarda Alba,1987.0,0.6666666666666666,2025-11-05,isanieto1312
Death Note,2006.0,0.8888888888888888,2025-11-10,isanieto1312
Life of Brian,1979.0,0.7777777777777778,2025-11-11,isanieto1312
Twilight,2008.0,0.5555555555555556,2025-11-15,isanieto1312
Monty Python and the Holy Grail,1975.0,0.7777777777777778,2025-11-18,isanieto1312
Dune: Part Two,2024.0,0.8888888888888888,2025-11-23,isanieto1312
Frankenstein,2025.0,0.8888888888888888,2025-11-28,isanieto1312
The Lord of the Rings: The Fellowship of the Ring,2001.0,0.8888888888888888,2025-12-02,isanieto1312
The Lord of the Rings: The Two Towers,2002.0,0.7777777777777778,2025-12-05,isanieto1312
The Lord of the Rings: The Return of the King,2003.0,0.7777777777777778,2025-12-10,isanieto1312
The Godfather,1972.0,0.8888888888888888,2025-12-11,isanieto1312
The Perks of Being a Wallflower,2012.0,1.0,2025-12-12,isanieto1312
The Godfather Part II,1974.0,0.6666666666666666,2025-12-17,isanieto1312
The Godfather Part III,1990.0,0.7777777777777778,2025-12-19,isanieto1312
Knives Out,2019.0,0.6666666666666666,2025-12-27,isanieto1312
El padrecito,1964.0,0.8888888888888888,2025-12-31,isanieto1312
Glass Onion,2022.0,0.7777777777777778,2026-01-07,isanieto1312
Ricardo O'Farrill - Live From Pachuca,2018.0,1.0,2026-01-10,isanieto1312
Gakuen Handsome The Animation,2015.0,1.0,2026-01-12,isanieto1312
Stranger Things 5: The Finale,2025.0,0.7777777777777778,2026-01-14,isanieto1312
Attack on Titan The Final Chapters: Special 2,2023.0,1.0,2026-01-18,isanieto1312
Cunk on Earth,2022.0,0.8888888888888888,2026-01-18,isanieto1312
Fullmetal Alchemist,2003.0,0.7777777777777778,2026-01-24,isanieto1312
The Captive,2025.0,0.7777777777777778,2026-01-25,isanieto1312
12 Years a Slave,2013.0,1.0,2026-01-26,isanieto1312
I Saw the TV Glow,2024.0,0.6666666666666666,2026-01-26,isanieto1312
Marty Supreme,2025.0,0.8888888888888888,2026-01-31,isanieto1312
Scary Movie,2000.0,0.2222222222222222,2026-02-02,isanieto1312
Samuel,2024.0,0.8888888888888888,2026-02-08,isanieto1312
Bridget Jones's Diary,2001.0,0.4444444444444444,2026-02-09,isanieto1312
No Other Choice,2025.0,0.6666666666666666,2026-02-21,isanieto1312
Fight Club,1999.0,0.8888888888888888,2026-03-01,isanieto1312
Lucy,2014.0,0.7777777777777778,2026-03-01,isanieto1312
The House of Flowers Presents: The Funeral,2019.0,0.6666666666666666,2026-03-03,isanieto1312
The Teacher Who Promised the Sea,2023.0,1.0,2026-03-07,isanieto1312
The Name of the Rose,1986.0,0.7777777777777778,2026-03-09,isanieto1312
The Grand Budapest Hotel,2014.0,0.7777777777777778,2026-03-15,isanieto1312
Wuthering Heights,2026.0,0.8888888888888888,2026-03-19,isanieto1312
Code Geass: Lelouch of the Rebellion I - Initiation,2017.0,0.8888888888888888,2026-03-25,isanieto1312
Code Geass: Lelouch of the Rebellion II - Transgression,2018.0,1.0,2026-03-26,isanieto1312
Lady Bird,2017.0,1.0,2026-04-02,isanieto1312
Ben-Hur,1959.0,0.6666666666666666,2026-04-04,isanieto1312
The Physician,2013.0,0.6666666666666666,2026-04-04,isanieto1312
The Mummy,2017.0,0.2222222222222222,2026-04-05,isanieto1312
Terminator 2: Judgment Day,1991.0,0.8888888888888888,2026-04-06,isanieto1312
Dead Poets Society,1989.0,0.8888888888888888,2026-04-11,isanieto1312
The Smiling Friends Go to Brazil!,2022.0,0.7777777777777778,2026-04-18,isanieto1312
The Book of Mormon,2026.0,1.0,2026-04-25,isanieto1312
Spartacus: Gods of the Arena,2011.0,0.2222222222222222,2026-04-27,isanieto1312
Avatar,2009.0,1.0,2026-03-30,jerayrey
Avatar: The Way of Water,2022.0,0.7777777777777778,2026-03-30,jerayrey
Avatar: Fire and Ash,2025.0,0.7777777777777778,2026-03-30,jerayrey
Dune,2021.0,0.7777777777777778,2026-03-30,jerayrey
Dune: Part Two,2024.0,1.0,2026-03-30,jerayrey
Interstellar,2014.0,1.0,2026-03-30,jerayrey
Spider-Man: Into the Spider-Verse,2018.0,0.8888888888888888,2026-03-30,jerayrey
Spider-Man: Across the Spider-Verse,2023.0,0.7777777777777778,2026-03-30,jerayrey
Oppenheimer,2023.0,1.0,2026-03-30,jerayrey
Pulp Fiction,1994.0,0.7777777777777778,2026-03-30,jerayrey
Joker,2019.0,0.6666666666666666,2026-03-30,jerayrey
American Psycho,2000.0,0.6666666666666666,2026-03-30,jerayrey
Poor Things,2023.0,0.6666666666666666,2026-03-30,jerayrey
Shutter Island,2010.0,0.7777777777777778,2026-03-30,jerayrey
Wicked,2024.0,0.5555555555555556,2026-03-30,jerayrey
Wicked: For Good,2025.0,0.5555555555555556,2026-03-30,jerayrey
Arrival,2016.0,0.8888888888888888,2026-03-30,jerayrey
Project Hail Mary,2026.0,0.8888888888888888,2026-03-30,jerayrey
Sirāt,2025.0,0.0,2026-03-30,jerayrey
Death Note,2006.0,1.0,2026-03-30,jerayrey
The Batman,2022.0,0.8888888888888888,2026-03-30,jerayrey
Peaky Blinders: The Immortal Man,2026.0,0.7777777777777778,2026-03-30,jerayrey
Hoppers,2026.0,0.5555555555555556,2026-03-30,jerayrey
It Follows,2014.0,0.5555555555555556,2026-03-30,jerayrey
Neon Genesis Evangelion,1995.0,1.0,2026-03-30,jerayrey
Neon Genesis Evangelion: The End of Evangelion,1997.0,1.0,2026-03-30,jerayrey
KPop Demon Hunters,2025.0,1.0,2026-03-30,jerayrey
Weapons,2025.0,0.4444444444444444,2026-03-30,jerayrey
Longlegs,2024.0,0.7777777777777778,2026-03-30,jerayrey
Five Nights at Freddy's 2,2025.0,0.5555555555555556,2026-03-30,jerayrey
Donnie Darko,2001.0,1.0,2026-03-30,jerayrey
Gladiator,2000.0,1.0,2026-03-30,jerayrey
Gladiator II,2024.0,0.5555555555555556,2026-03-30,jerayrey
Nightcrawler,2014.0,0.7777777777777778,2026-03-30,jerayrey
Blade Runner,1982.0,0.7777777777777778,2026-03-30,jerayrey
Blade Runner 2049,2017.0,0.8888888888888888,2026-03-30,jerayrey
The Matrix,1999.0,1.0,2026-03-30,jerayrey
The Matrix Reloaded,2003.0,0.6666666666666666,2026-03-30,jerayrey
The Matrix Revolutions,2003.0,0.6666666666666666,2026-03-30,jerayrey
The Matrix Resurrections,2021.0,0.5555555555555556,2026-03-30,jerayrey
Five Nights at Freddy's,2023.0,0.5555555555555556,2026-03-30,jerayrey
Scream 7,2026.0,0.4444444444444444,2026-03-30,jerayrey
John Wick,2014.0,0.7777777777777778,2026-03-30,jerayrey
John Wick: Chapter 2,2017.0,0.5555555555555556,2026-03-30,jerayrey
John Wick: Chapter 3 – Parabellum,2019.0,0.6666666666666666,2026-03-30,jerayrey
John Wick: Chapter 4,2023.0,0.6666666666666666,2026-03-30,jerayrey
Stranger Things 5: The Finale,2025.0,0.6666666666666666,2026-03-30,jerayrey
Godzilla Minus One,2023.0,0.7777777777777778,2026-03-30,jerayrey
Divergent,2014.0,0.6666666666666666,2026-03-30,jerayrey
Insurgent,2015.0,0.4444444444444444,2026-03-30,jerayrey
Allegiant,2016.0,0.3333333333333333,2026-03-30,jerayrey
Chainsaw Man – The Movie: Reze Arc,2025.0,0.7777777777777778,2026-03-30,jerayrey
Demon Slayer -Kimetsu no Yaiba- The Movie: Mugen Train,2020.0,0.7777777777777778,2026-03-30,jerayrey
Demon Slayer: Kimetsu no Yaiba Infinity Castle,2025.0,0.7777777777777778,2026-03-30,jerayrey
The Creator,2023.0,0.5555555555555556,2026-03-30,jerayrey
A Quiet Place,2018.0,0.7777777777777778,2026-03-30,jerayrey
A Quiet Place Part II,2020.0,0.6666666666666666,2026-03-30,jerayrey
A Minecraft Movie,2025.0,0.2222222222222222,2026-03-30,jerayrey
The Super Mario Bros. Movie,2023.0,0.5555555555555556,2026-03-30,jerayrey
Your Name.,2016.0,0.7777777777777778,2026-03-30,jerayrey
Weathering with You,2019.0,0.7777777777777778,2026-03-30,jerayrey
A Complete Unknown,2024.0,0.6666666666666666,2026-03-30,jerayrey
Final Destination Bloodlines,2025.0,0.5555555555555556,2026-03-30,jerayrey
The Brutalist,2024.0,0.7777777777777778,2026-03-30,jerayrey
Trap,2024.0,0.3333333333333333,2026-03-30,jerayrey
A Quiet Place: Day One,2024.0,0.5555555555555556,2026-03-30,jerayrey
Scary Movie,2000.0,0.5555555555555556,2026-03-30,jerayrey
Immaculate,2024.0,0.3333333333333333,2026-03-30,jerayrey
Napoleon,2023.0,0.4444444444444444,2026-03-30,jerayrey
Bring Her Back,2025.0,0.4444444444444444,2026-03-30,jerayrey
Argylle,2024.0,0.4444444444444444,2026-03-30,jerayrey
Superman,2025.0,0.6666666666666666,2026-03-30,jerayrey
Bullet Train,2022.0,0.6666666666666666,2026-03-30,jerayrey
Titanic,1997.0,0.7777777777777778,2026-03-30,jerayrey
Mickey 17,2025.0,0.6666666666666666,2026-03-30,jerayrey
Don't Look Up,2021.0,0.6666666666666666,2026-03-30,jerayrey
Bohemian Rhapsody,2018.0,0.6666666666666666,2026-03-30,jerayrey
The Super Mario Galaxy Movie,2026.0,0.6666666666666666,2026-04-07,jerayrey
Michael,2026.0,0.7777777777777778,2026-05-04,jerayrey
Inception,2010.0,1.0,2017-11-06,julez
Interstellar,2014.0,1.0,2017-11-06,julez
Knowing,2009.0,0.0,2017-11-06,julez
The SpongeBob SquarePants Movie,2004.0,0.8888888888888888,2017-11-06,julez
Triangle,2009.0,0.8888888888888888,2017-11-07,julez
Ex Machina,2015.0,1.0,2017-11-07,julez
It,2017.0,0.6666666666666666,2017-11-07,julez
Phineas and Ferb The Movie: Across the 2nd Dimension,2011.0,0.6666666666666666,2017-11-07,julez
Shutter Island,2010.0,1.0,2017-11-30,julez
V/H/S/2,2013.0,0.0,2017-11-30,julez
Hitman: Agent 47,2015.0,0.3333333333333333,2017-12-02,julez
Waking Life,2001.0,0.7777777777777778,2017-12-11,julez
2:22,2017.0,0.2222222222222222,2017-12-11,julez
Exam,2009.0,0.7777777777777778,2017-12-11,julez
The Circle,2017.0,0.4444444444444444,2017-12-13,julez
Jumper,2008.0,0.6666666666666666,2017-12-14,julez
Alvin and the Chipmunks,2007.0,0.1111111111111111,2017-12-15,julez
Pitch Perfect 2,2015.0,0.0,2017-12-15,julez
Charlie and the Chocolate Factory,2005.0,0.7777777777777778,2017-12-15,julez
The Hangover,2009.0,0.7777777777777778,2017-12-15,julez
The Hangover Part II,2011.0,0.6666666666666666,2017-12-15,julez
The Hangover Part III,2013.0,0.4444444444444444,2017-12-15,julez
The Karate Kid,2010.0,0.6666666666666666,2017-12-15,julez
Ice Age,2002.0,0.7777777777777778,2017-12-15,julez
Ice Age: The Meltdown,2006.0,0.7777777777777778,2017-12-15,julez
Ice Age: Continental Drift,2012.0,0.7777777777777778,2017-12-15,julez
Despicable Me,2010.0,0.5555555555555556,2017-12-15,julez
Alice in Wonderland,2010.0,0.5555555555555556,2017-12-15,julez
Super 8,2011.0,0.7777777777777778,2017-12-15,julez
How High,2001.0,0.6666666666666666,2017-12-15,julez
Kung Fu Panda,2008.0,0.7777777777777778,2017-12-15,julez
WALL·E,2008.0,1.0,2017-12-19,julez
Paul Blart: Mall Cop,2009.0,0.6666666666666666,2017-12-22,julez
The Iron Giant,1999.0,0.7777777777777778,2017-12-22,julez
The Words,2012.0,0.7777777777777778,2017-12-24,julez
Rio,2011.0,0.7777777777777778,2017-12-25,julez
"Monsters, Inc.",2001.0,0.7777777777777778,2017-12-25,julez
Man of Steel,2013.0,0.6666666666666666,2017-12-25,julez
The Wild Soccer Bunch,2003.0,0.1111111111111111,2017-12-25,julez
Playing Doctor,2014.0,0.0,2017-12-25,julez
Project Almanac,2015.0,0.7777777777777778,2017-12-27,julez
The Host,2013.0,0.6666666666666666,2017-12-28,julez
Warcraft,2016.0,0.5555555555555556,2017-12-29,julez
The Trixxer,2004.0,0.7777777777777778,2017-12-29,julez
The Hunger Games,2012.0,0.6666666666666666,2017-12-30,julez
The Vexxer,2007.0,0.7777777777777778,2017-12-30,julez
Transformers,2007.0,0.6666666666666666,2017-12-31,julez
Transformers: Revenge of the Fallen,2009.0,0.5555555555555556,2017-12-31,julez
Transformers: Dark of the Moon,2011.0,0.4444444444444444,2017-12-31,julez
Transformers: Age of Extinction,2014.0,0.2222222222222222,2017-12-31,julez
Music and Lyrics,2007.0,0.3333333333333333,2017-12-31,julez
Elysium,2013.0,0.6666666666666666,2017-12-31,julez
Black Mirror: White Bear,2013.0,0.7777777777777778,2018-01-01,julez
Snowden,2016.0,0.7777777777777778,2018-01-02,julez
Suck Me Shakespeer,2013.0,0.0,2018-01-02,julez
Black Mirror: Arkangel,2017.0,0.7777777777777778,2018-01-03,julez
10 Cloverfield Lane,2016.0,0.5555555555555556,2018-01-03,julez
Whiplash,2014.0,1.0,2018-01-06,julez
FRED: The Movie,2010.0,0.0,2018-01-11,julez
Let's Be Cops,2014.0,0.6666666666666666,2018-01-12,julez
Scary Movie 5,2013.0,0.6666666666666666,2018-01-17,julez
Scary Movie 3,2003.0,0.4444444444444444,2018-01-28,julez
Real Steel,2011.0,0.6666666666666666,2018-01-30,julez
Sausage Party,2016.0,0.6666666666666666,2018-02-04,julez
28 Days Later,2002.0,0.7777777777777778,2018-02-07,julez
The Invitation,2015.0,0.7777777777777778,2018-02-08,julez
I Origins,2014.0,0.3333333333333333,2018-02-09,julez
Armageddon,1998.0,0.6666666666666666,2018-02-09,julez
Thor,2011.0,0.7777777777777778,2018-02-09,julez
Cars,2006.0,0.7777777777777778,2018-02-09,julez
Ice Age: Dawn of the Dinosaurs,2009.0,0.7777777777777778,2018-02-09,julez
The BFG,2016.0,0.6666666666666666,2018-02-11,julez
Jack and Jill,2011.0,0.0,2018-02-11,julez
Banana,2010.0,0.1111111111111111,2018-02-11,julez
Potato Salad: Don't Ask!,2015.0,0.0,2018-02-16,julez
The Game,1997.0,0.8888888888888888,2018-02-16,julez
Ouija: Origin of Evil,2016.0,0.2222222222222222,2018-02-17,julez
The Prestige,2006.0,1.0,2018-02-17,julez
Dunkirk,2017.0,0.7777777777777778,2018-02-17,julez
Luther,2003.0,0.4444444444444444,2018-02-18,julez
The Martian,2015.0,0.7777777777777778,2018-02-18,julez
Kung Fury,2015.0,0.8888888888888888,2018-02-20,julez
Herbie Fully Loaded,2005.0,0.6666666666666666,2018-02-20,julez
Before I Fall,2017.0,0.7777777777777778,2018-02-20,julez
The Ritual,2017.0,0.4444444444444444,2018-02-20,julez
Night at the Museum,2006.0,0.7777777777777778,2018-02-21,julez
The Last Airbender,2010.0,0.1111111111111111,2018-02-21,julez
Taken,2008.0,0.7777777777777778,2018-02-22,julez
The Truman Show,1998.0,1.0,2018-02-25,julez
Life of Pi,2012.0,0.7777777777777778,2018-02-27,julez
Eternal Sunshine of the Spotless Mind,2004.0,1.0,2018-02-28,julez
Requiem for a Dream,2000.0,1.0,2018-03-02,julez
Yes Man,2008.0,0.7777777777777778,2018-03-04,julez
Coherence,2013.0,0.7777777777777778,2018-03-05,julez
Mr. Popper's Penguins,2011.0,0.6666666666666666,2018-03-05,julez
Wonder,2017.0,0.5555555555555556,2018-03-05,julez
Paul,2011.0,0.4444444444444444,2018-03-05,julez
Kong: Skull Island,2017.0,0.2222222222222222,2018-03-05,julez
The Revenant,2015.0,1.0,2018-03-07,julez
Man on the Moon,1999.0,1.0,2018-03-08,julez
Memento,2000.0,0.8888888888888888,2018-03-09,julez
Mr. Nobody,2009.0,0.8888888888888888,2018-03-09,julez
Bruce Almighty,2003.0,0.8888888888888888,2018-03-09,julez
Tomorrowland,2015.0,0.7777777777777778,2018-03-09,julez
Head Full of Honey,2014.0,0.6666666666666666,2018-03-09,julez
Rabbit Without Ears 2,2009.0,0.1111111111111111,2018-03-09,julez
Kokowääh,2011.0,0.1111111111111111,2018-03-09,julez
Ace Ventura: When Nature Calls,1995.0,0.7777777777777778,2018-03-09,julez
Ace Ventura: Pet Detective,1994.0,0.6666666666666666,2018-03-09,julez
Liar Liar,1997.0,0.7777777777777778,2018-03-10,julez
Balto,1995.0,0.6666666666666666,2018-03-11,julez
Bolt,2008.0,0.7777777777777778,2018-03-11,julez
Underdog,2007.0,0.5555555555555556,2018-03-11,julez
The Mask,1994.0,0.5555555555555556,2018-03-11,julez
The Majestic,2001.0,0.8888888888888888,2018-03-11,julez
Who Am I,2014.0,0.8888888888888888,2018-03-11,julez
San Andreas,2015.0,0.6666666666666666,2018-03-11,julez
Roundhay Garden Scene,1888.0,0.1111111111111111,2018-03-12,julez
Lara Croft: Tomb Raider,2001.0,0.2222222222222222,2018-03-12,julez
Fun with Dick and Jane,2005.0,0.6666666666666666,2018-03-12,julez
"Me, Myself & Irene",2000.0,0.7777777777777778,2018-03-14,julez
Surf's Up,2007.0,0.5555555555555556,2018-03-18,julez
Vanilla Sky,2001.0,0.8888888888888888,2018-03-18,julez
Tomb Raider,2018.0,0.7777777777777778,2018-03-18,julez
Rubberface,1981.0,0.2222222222222222,2018-03-20,julez
Once Bitten,1985.0,0.1111111111111111,2018-03-20,julez
Goodbye Berlin,2016.0,0.2222222222222222,2018-03-21,julez
Inferno,2016.0,0.4444444444444444,2018-03-21,julez
Mr. & Mrs. Smith,2005.0,0.5555555555555556,2018-03-22,julez
Noah,2014.0,0.1111111111111111,2018-03-23,julez
Batman Forever,1995.0,0.5555555555555556,2018-03-23,julez
Moon,2009.0,0.7777777777777778,2018-03-25,julez
Kick-Ass 2,2013.0,0.7777777777777778,2018-03-25,julez
2012,2009.0,0.6666666666666666,2018-03-25,julez
The Road,2009.0,0.8888888888888888,2018-03-26,julez
Operation Avalanche,2016.0,0.7777777777777778,2018-03-27,julez
Looper,2012.0,0.6666666666666666,2018-03-27,julez
When in Rome,2010.0,0.3333333333333333,2018-03-27,julez
Field of Dreams,1989.0,0.6666666666666666,2018-03-27,julez
I Love You Phillip Morris,2009.0,0.7777777777777778,2018-03-28,julez
Lemony Snicket's A Series of Unfortunate Events,2004.0,0.6666666666666666,2018-03-28,julez
The Shawshank Redemption,1994.0,1.0,2018-03-28,julez
Good Will Hunting,1997.0,0.8888888888888888,2018-03-29,julez
"I, Robot",2004.0,0.6666666666666666,2018-03-29,julez
Monsters University,2013.0,0.6666666666666666,2018-03-29,julez
Vincent Wants to Sea,2010.0,0.5555555555555556,2018-03-29,julez
The Imitation Game,2014.0,1.0,2018-03-29,julez
Doctor Strange,2016.0,0.8888888888888888,2018-03-30,julez
The Incredible Hulk,2008.0,0.3333333333333333,2018-03-30,julez
The Avengers,2012.0,0.6666666666666666,2018-03-31,julez
Iron Man 3,2013.0,0.7777777777777778,2018-03-31,julez
Captain America: The Winter Soldier,2014.0,0.8888888888888888,2018-03-31,julez
Avengers: Age of Ultron,2015.0,0.6666666666666666,2018-04-01,julez
28 Weeks Later,2007.0,0.6666666666666666,2018-04-01,julez
Train to Busan,2016.0,0.5555555555555556,2018-04-02,julez
Captain America: Civil War,2016.0,0.8888888888888888,2018-04-03,julez
Lucid Dream,2017.0,0.3333333333333333,2018-04-03,julez
The Science of Sleep,2006.0,0.6666666666666666,2018-04-04,julez
The Blind Side,2009.0,0.6666666666666666,2018-04-05,julez
Being John Malkovich,1999.0,0.8888888888888888,2018-04-05,julez
After the Dark,2013.0,0.6666666666666666,2018-04-06,julez
Do You Trust this Computer?,2018.0,0.6666666666666666,2018-04-08,julez
Tammy,2014.0,0.3333333333333333,2018-04-11,julez
The Equalizer,2014.0,0.6666666666666666,2018-04-12,julez
Flight,2012.0,0.5555555555555556,2018-04-12,julez
Suicide Squad,2016.0,0.4444444444444444,2018-04-12,julez
Pleasantville,1998.0,0.7777777777777778,2018-04-12,julez
I Am Legend,2007.0,0.6666666666666666,2018-04-12,julez
Morgan,2016.0,0.7777777777777778,2018-04-14,julez
The Girl Who Leapt Through Time,2006.0,0.7777777777777778,2018-04-14,julez
My Neighbor Totoro,1988.0,0.6666666666666666,2018-04-14,julez
Iron Man 2,2010.0,0.6666666666666666,2018-04-14,julez
Stranger Than Fiction,2006.0,0.7777777777777778,2018-04-15,julez
Airplane!,1980.0,1.0,2018-04-15,julez
Black Mirror: Hated in the Nation,2016.0,0.6666666666666666,2018-04-15,julez
Spider-Man 3,2007.0,0.7777777777777778,2018-04-16,julez
Pawn Sacrifice,2014.0,0.6666666666666666,2018-04-17,julez
Big Fish,2003.0,0.8888888888888888,2018-04-20,julez
Spider-Man: Homecoming,2017.0,0.7777777777777778,2018-04-21,julez
Garden State,2004.0,0.5555555555555556,2018-04-21,julez
Star Wars: Episode I – The Phantom Menace,1999.0,0.4444444444444444,2018-04-22,julez
Star Wars,1977.0,0.8888888888888888,2018-04-24,julez
Star Wars: Episode III – Revenge of the Sith,2005.0,0.6666666666666666,2018-04-24,julez
The Empire Strikes Back,1980.0,0.7777777777777778,2018-04-24,julez
Avengers: Infinity War,2018.0,1.0,2018-04-29,julez
Ghost Rider: Spirit of Vengeance,2011.0,0.4444444444444444,2018-04-29,julez
Raiders of the Lost Ark,1981.0,0.5555555555555556,2018-05-01,julez
Cowboys & Aliens,2011.0,0.5555555555555556,2018-05-01,julez
Indiana Jones and the Temple of Doom,1984.0,0.5555555555555556,2018-05-02,julez
Astro Boy,2009.0,0.4444444444444444,2018-05-02,julez
Diary of a Wimpy Kid: Rodrick Rules,2011.0,0.3333333333333333,2018-05-02,julez
The Amazing Spider-Man 2,2014.0,0.6666666666666666,2018-05-02,julez
The Transporter,2002.0,0.4444444444444444,2018-05-03,julez
Easy A,2010.0,0.7777777777777778,2018-05-04,julez
Return of the Jedi,1983.0,0.7777777777777778,2018-05-05,julez
I Am Number Four,2011.0,0.4444444444444444,2018-05-05,julez
Birdman or (The Unexpected Virtue of Ignorance),2014.0,1.0,2018-05-05,julez
La La Land,2016.0,1.0,2018-05-06,julez
Vantage Point,2008.0,0.4444444444444444,2018-05-07,julez
Hellboy,2004.0,0.3333333333333333,2018-05-07,julez
Blade Runner 2049,2017.0,0.8888888888888888,2018-05-10,julez
Ghost in the Shell,2017.0,0.7777777777777778,2018-05-10,julez
Independence Day: Resurgence,2016.0,0.3333333333333333,2018-05-10,julez
Blue Valentine,2010.0,0.6666666666666666,2018-05-11,julez
The Naked Gun: From the Files of Police Squad!,1988.0,0.6666666666666666,2018-05-12,julez
In Time,2011.0,0.6666666666666666,2018-05-13,julez
Baby Driver,2017.0,1.0,2018-05-14,julez
47 Meters Down,2017.0,0.3333333333333333,2018-05-14,julez
Deadpool,2016.0,0.7777777777777778,2018-05-14,julez
Rogue One: A Star Wars Story,2016.0,0.5555555555555556,2018-05-18,julez
Mary Poppins,1964.0,0.7777777777777778,2018-05-19,julez
Deadpool 2,2018.0,0.8888888888888888,2018-05-20,julez
Percy Jackson & the Olympians: The Lightning Thief,2010.0,0.4444444444444444,2018-05-20,julez
The Notebook,2004.0,0.6666666666666666,2018-05-20,julez
The Cable Guy,1996.0,0.6666666666666666,2018-05-20,julez
R.I.P.D.,2013.0,0.5555555555555556,2018-05-21,julez
Star Wars: Episode II – Attack of the Clones,2002.0,0.5555555555555556,2018-05-21,julez
Safety Last!,1923.0,0.7777777777777778,2018-05-22,julez
Fantasia,1940.0,0.8888888888888888,2018-05-22,julez
City Lights,1931.0,0.4444444444444444,2018-05-22,julez
Dr. Strangelove or: How I Learned to Stop Worrying and Love the Bomb,1964.0,0.6666666666666666,2018-05-25,julez
LOL,2012.0,0.1111111111111111,2018-05-26,julez
Hannah Montana: The Movie,2009.0,0.2222222222222222,2018-05-26,julez
The Maze Runner,2014.0,0.6666666666666666,2018-05-28,julez
Disturbia,2007.0,0.6666666666666666,2018-05-29,julez
Casablanca,1942.0,0.4444444444444444,2018-06-01,julez
Drive,2011.0,1.0,2018-06-02,julez
Rear Window,1954.0,0.7777777777777778,2018-06-02,julez
The Hateful Eight,2015.0,1.0,2018-06-05,julez
The Starving Games,2013.0,0.6666666666666666,2018-06-05,julez
The Punisher,2004.0,0.6666666666666666,2018-06-06,julez
The Curious Case of Benjamin Button,2008.0,0.6666666666666666,2018-06-08,julez
Sicario,2015.0,0.8888888888888888,2018-06-08,julez
Dinner for One,1963.0,0.7777777777777778,2018-06-11,julez
Me Before You,2016.0,0.6666666666666666,2018-06-11,julez
The Incredibles,2004.0,0.8888888888888888,2018-06-16,julez
Thirteen Days,2000.0,0.5555555555555556,2018-06-21,julez
Arthur and the Invisibles,2006.0,0.7777777777777778,2018-06-22,julez
The Diary of Anne Frank,2009.0,0.6666666666666666,2018-06-22,julez
Inside Llewyn Davis,2013.0,1.0,2018-06-28,julez
The Judge,2014.0,0.7777777777777778,2018-07-03,julez
Love at First Hiccup,2009.0,0.6666666666666666,2018-07-06,julez
Bonhoeffer: Agent of Grace,2000.0,0.3333333333333333,2018-07-06,julez
2001: A Space Odyssey,1968.0,0.3333333333333333,2018-07-06,julez
Charade,1963.0,0.6666666666666666,2018-07-07,julez
Solo: A Star Wars Story,2018.0,0.5555555555555556,2018-07-07,julez
Cube 2: Hypercube,2002.0,0.6666666666666666,2018-07-09,julez
Monty Python and the Holy Grail,1975.0,0.7777777777777778,2018-07-11,julez
12 Angry Men,1957.0,1.0,2018-07-11,julez
Forrest Gump,1994.0,1.0,2018-07-14,julez
The Terminal,2004.0,0.7777777777777778,2018-07-14,julez
Eagle Eye,2008.0,0.5555555555555556,2018-07-14,julez
Cast Away,2000.0,1.0,2018-07-15,julez
A Fistful of Dollars,1964.0,0.6666666666666666,2018-07-16,julez
Penguins of Madagascar,2014.0,0.8888888888888888,2018-07-16,julez
A Good Day to Die Hard,2013.0,0.5555555555555556,2018-07-17,julez
Ant-Man and the Wasp,2018.0,0.7777777777777778,2018-07-28,julez
A Quiet Place,2018.0,0.8888888888888888,2018-08-01,julez
Mission: Impossible III,2006.0,0.6666666666666666,2018-08-02,julez
Divergent,2014.0,0.5555555555555556,2018-08-02,julez
Mission: Impossible – Ghost Protocol,2011.0,0.6666666666666666,2018-08-03,julez
Mission: Impossible – Rogue Nation,2015.0,0.7777777777777778,2018-08-03,julez
Mission: Impossible – Fallout,2018.0,0.8888888888888888,2018-08-03,julez
Ant-Man,2015.0,0.6666666666666666,2018-08-04,julez
Shaun of the Dead,2004.0,0.6666666666666666,2018-08-04,julez
Jack Reacher,2012.0,0.7777777777777778,2018-08-04,julez
Thoroughbreds,2017.0,0.6666666666666666,2018-08-20,julez
Dial M for Murder,1954.0,0.6666666666666666,2018-08-24,julez
A Ghost Story,2017.0,0.8888888888888888,2018-08-27,julez
Guardians of the Galaxy,2014.0,0.8888888888888888,2018-08-27,julez
Guardians of the Galaxy Vol. 2,2017.0,0.7777777777777778,2018-08-27,julez
Thor: Ragnarok,2017.0,0.8888888888888888,2018-08-27,julez
Annihilation,2018.0,0.6666666666666666,2018-08-27,julez
Donnie Darko,2001.0,0.7777777777777778,2018-09-10,julez
Drillbit Taylor,2008.0,0.4444444444444444,2018-09-12,julez
Maniac,2018.0,0.8888888888888888,2018-09-24,julez
The Room,2003.0,0.0,2018-09-29,julez
Venom,2018.0,0.7777777777777778,2018-10-04,julez
Perfume: The Story of a Murderer,2006.0,0.7777777777777778,2018-10-12,julez
Scott Pilgrim vs. the World,2010.0,0.8888888888888888,2018-10-23,julez
Death Proof,2007.0,0.7777777777777778,2018-11-19,julez
The Santa Clause,1994.0,0.4444444444444444,2018-11-25,julez
The Founder,2016.0,0.8888888888888888,2018-11-27,julez
Chronicle,2012.0,0.5555555555555556,2018-11-28,julez
About a Boy,2002.0,0.1111111111111111,2018-11-29,julez
The Ballad of Buster Scruggs,2018.0,0.8888888888888888,2018-11-30,julez
North by Northwest,1959.0,1.0,2018-12-09,julez
How the Grinch Stole Christmas,2000.0,0.7777777777777778,2018-12-11,julez
Madagascar,2005.0,0.6666666666666666,2018-12-20,julez
Madagascar 3: Europe's Most Wanted,2012.0,0.4444444444444444,2018-12-20,julez
Mary Poppins Returns,2018.0,0.5555555555555556,2019-01-01,julez
Get Out,2017.0,0.8888888888888888,2019-01-03,julez
Prisoners,2013.0,0.8888888888888888,2019-01-04,julez
First Man,2018.0,0.8888888888888888,2019-01-14,julez
Gattaca,1997.0,0.4444444444444444,2019-01-17,julez
Split,2016.0,0.7777777777777778,2019-01-17,julez
Glass,2019.0,0.6666666666666666,2019-01-19,julez
A Clockwork Orange,1971.0,0.7777777777777778,2019-01-27,julez
The Lego Movie,2014.0,0.8888888888888888,2019-01-28,julez
Black Swan,2010.0,0.7777777777777778,2019-01-29,julez
Velvet Buzzsaw,2019.0,0.5555555555555556,2019-02-03,julez
Mad Max: Fury Road,2015.0,0.5555555555555556,2019-02-05,julez
Pulp Fiction,1994.0,1.0,2019-02-08,julez
The Nice Guys,2016.0,0.8888888888888888,2019-02-09,julez
Suspiria,1977.0,0.6666666666666666,2019-02-10,julez
Dead Right,1993.0,0.7777777777777778,2019-02-11,julez
Kiss Kiss Bang Bang,2005.0,0.8888888888888888,2019-02-12,julez
Mission: Impossible,1996.0,0.8888888888888888,2019-02-13,julez
Django,1966.0,0.7777777777777778,2019-02-14,julez
Blow Out,1981.0,1.0,2019-02-16,julez
Repulsion,1965.0,0.7777777777777778,2019-02-18,julez
Butch Cassidy and the Sundance Kid,1969.0,0.6666666666666666,2019-02-20,julez
Cool Hand Luke,1967.0,1.0,2019-02-20,julez
Midnight Cowboy,1969.0,0.4444444444444444,2019-02-21,julez
Breakfast at Tiffany's,1961.0,0.6666666666666666,2019-02-22,julez
The Birds,1963.0,0.5555555555555556,2019-02-23,julez
Full Metal Jacket,1987.0,0.8888888888888888,2019-02-25,julez
The Evil Dead,1981.0,0.7777777777777778,2019-03-03,julez
For a Few Dollars More,1965.0,0.8888888888888888,2019-03-03,julez
"The Good, the Bad and the Ugly",1966.0,0.8888888888888888,2019-03-04,julez
About Time,2013.0,0.5555555555555556,2019-03-07,julez
Room,2015.0,0.4444444444444444,2019-03-08,julez
True Grit,2010.0,0.8888888888888888,2019-03-15,julez
Captain Marvel,2019.0,0.7777777777777778,2019-03-16,julez
"Love, Death & Robots: Beyond the Aquila Rift",2019.0,0.6666666666666666,2019-03-21,julez
"Love, Death & Robots: Three Robots",2019.0,0.7777777777777778,2019-03-22,julez
"Love, Death & Robots: The Witness",2019.0,0.7777777777777778,2019-03-22,julez
Your Name.,2016.0,1.0,2019-03-25,julez
"Love, Death & Robots: When the Yogurt Took Over",2019.0,0.8888888888888888,2019-03-25,julez
Escape from Alcatraz,1979.0,0.7777777777777778,2019-03-27,julez
The Departed,2006.0,0.6666666666666666,2019-04-01,julez
Juno,2007.0,0.7777777777777778,2019-04-02,julez
One Flew Over the Cuckoo's Nest,1975.0,1.0,2019-04-03,julez
Million Dollar Baby,2004.0,1.0,2019-04-04,julez
Gran Torino,2008.0,0.8888888888888888,2019-04-06,julez
Breathless,1960.0,0.7777777777777778,2019-04-14,julez
Reservoir Dogs,1992.0,1.0,2019-04-15,julez
Ida,2013.0,0.8888888888888888,2019-04-19,julez
Comet,2014.0,0.8888888888888888,2019-04-19,julez
The Third Man,1949.0,0.6666666666666666,2019-04-22,julez
From Dusk Till Dawn,1996.0,0.7777777777777778,2019-04-24,julez
Sin City,2005.0,0.8888888888888888,2019-04-24,julez
Taxi Driver,1976.0,0.6666666666666666,2019-04-25,julez
Avengers: Endgame,2019.0,1.0,2019-04-26,julez
Iron Man,2008.0,0.7777777777777778,2019-04-27,julez
Eighth Grade,2018.0,0.8888888888888888,2019-05-03,julez
Jaws,1975.0,0.8888888888888888,2019-05-06,julez
John Wick,2014.0,0.7777777777777778,2019-05-20,julez
Alien,1979.0,1.0,2019-05-30,julez
Raging Bull,1980.0,0.7777777777777778,2019-06-02,julez
The 40 Year Old Virgin,2005.0,0.7777777777777778,2019-06-06,julez
Captain America: The First Avenger,2011.0,1.0,2019-06-08,julez
Point Break,1991.0,0.8888888888888888,2019-06-11,julez
Hereditary,2018.0,0.8888888888888888,2019-06-12,julez
The Others,2001.0,1.0,2019-06-16,julez
The Favourite,2018.0,1.0,2019-06-20,julez
Seven Pounds,2008.0,0.5555555555555556,2019-07-03,julez
Unsound,2015.0,0.6666666666666666,2019-07-09,julez
The Big Lebowski,1998.0,0.8888888888888888,2019-07-09,julez
Sherlock Holmes,2009.0,0.6666666666666666,2019-07-14,julez
Bram Stoker's Dracula,1992.0,0.3333333333333333,2019-07-16,julez
Apocalypse Now,1979.0,0.8888888888888888,2019-07-16,julez
Destination Wedding,2018.0,0.8888888888888888,2019-07-21,julez
Kill Bill: The Whole Bloody Affair,2004.0,1.0,2019-07-23,julez
Django Unchained,2012.0,1.0,2019-07-24,julez
The Matrix,1999.0,0.7777777777777778,2019-07-26,julez
Bad Times at the El Royale,2018.0,0.8888888888888888,2019-07-28,julez
Rocky,1976.0,0.7777777777777778,2019-07-28,julez
Carnage,2011.0,0.7777777777777778,2019-08-03,julez
Adaptation.,2002.0,0.8888888888888888,2019-08-03,julez
Hot Fuzz,2007.0,1.0,2019-08-03,julez
The Lion King,1994.0,0.8888888888888888,2019-08-04,julez
The World's End,2013.0,0.8888888888888888,2019-08-05,julez
Burn After Reading,2008.0,0.7777777777777778,2019-08-05,julez
Lost in Translation,2003.0,1.0,2019-08-05,julez
Easy Rider,1969.0,0.6666666666666666,2019-08-08,julez
Se7en,1995.0,0.6666666666666666,2019-08-09,julez
Us,2019.0,0.5555555555555556,2019-08-09,julez
As Good as It Gets,1997.0,0.6666666666666666,2019-08-11,julez
Before Sunrise,1995.0,1.0,2019-08-12,julez
Boyhood,2014.0,0.8888888888888888,2019-08-14,julez
Before Midnight,2013.0,0.6666666666666666,2019-08-15,julez
The General,1926.0,0.8888888888888888,2019-08-18,julez
Close Encounters of the Third Kind,1977.0,0.7777777777777778,2019-08-20,julez
The Thing,1982.0,0.7777777777777778,2019-08-22,julez
Fargo,1996.0,0.7777777777777778,2019-08-24,julez
The Curse of La Llorona,2019.0,0.2222222222222222,2019-08-25,julez
Slender Man,2018.0,0.0,2019-08-25,julez
The Terminator,1984.0,0.5555555555555556,2019-08-25,julez
Unfriended,2014.0,0.0,2019-08-25,julez
Paranormal Activity,2007.0,0.0,2019-08-25,julez
Zombieland,2009.0,0.8888888888888888,2019-08-25,julez
Singin' in the Rain,1952.0,0.7777777777777778,2019-08-26,julez
Predator,1987.0,0.7777777777777778,2019-08-28,julez
Once Upon a Time... in Hollywood,2019.0,1.0,2019-08-29,julez
Tropic Thunder,2008.0,0.7777777777777778,2019-08-30,julez
Smokey and the Bandit,1977.0,0.7777777777777778,2019-08-30,julez
GoodFellas,1990.0,1.0,2019-08-31,julez
Last Action Hero,1993.0,0.7777777777777778,2019-09-03,julez
Moonlight,2016.0,0.7777777777777778,2019-09-13,julez
Wings,1927.0,0.6666666666666666,2019-09-18,julez
The Broadway Melody,1929.0,0.4444444444444444,2019-09-18,julez
Grease,1978.0,0.6666666666666666,2019-09-20,julez
All Quiet on the Western Front,1930.0,0.7777777777777778,2019-09-21,julez
Climax,2018.0,0.6666666666666666,2019-09-23,julez
Scream,1996.0,0.5555555555555556,2019-10-12,julez
A Nightmare on Elm Street,1984.0,0.4444444444444444,2019-10-13,julez
Moonrise Kingdom,2012.0,0.8888888888888888,2019-10-17,julez
"I, Tonya",2017.0,0.8888888888888888,2019-10-18,julez
Scary Movie,2000.0,0.6666666666666666,2019-10-20,julez
The King of Comedy,1982.0,0.8888888888888888,2019-10-20,julez
Speed,1994.0,0.8888888888888888,2019-10-21,julez
The Fifth Element,1997.0,0.4444444444444444,2019-11-01,julez
Halloween,1978.0,0.3333333333333333,2019-11-01,julez
Double Indemnity,1944.0,0.7777777777777778,2019-11-08,julez
Touch of Evil,1958.0,0.6666666666666666,2019-11-09,julez
The Night of the Hunter,1955.0,0.6666666666666666,2019-11-11,julez
The Beach Bum,2019.0,0.7777777777777778,2019-11-14,julez
Predestination,2014.0,0.8888888888888888,2019-11-16,julez
Before Sunset,2004.0,0.8888888888888888,2019-11-16,julez
The Maltese Falcon,1941.0,0.5555555555555556,2019-11-20,julez
Spider-Man: Far From Home,2019.0,0.8888888888888888,2019-11-21,julez
Brief Encounter,1945.0,1.0,2019-11-23,julez
Notes from Melanie,2019.0,0.7777777777777778,2019-11-24,julez
Detour,1945.0,0.6666666666666666,2019-11-29,julez
The Wrong Man,1956.0,0.6666666666666666,2019-12-04,julez
The Big Short,2015.0,0.7777777777777778,2019-12-05,julez
The Florida Project,2017.0,0.5555555555555556,2019-12-06,julez
Marriage Story,2019.0,0.8888888888888888,2019-12-07,julez
Enemy,2013.0,0.8888888888888888,2019-12-08,julez
Notorious,1946.0,0.6666666666666666,2019-12-10,julez
Ready Player One,2018.0,0.7777777777777778,2019-12-21,julez
The Dirty Dozen,1967.0,0.8888888888888888,2019-12-21,julez
The Witch,2015.0,0.7777777777777778,2019-12-27,julez
Back to the Future Part III,1990.0,0.7777777777777778,2019-12-29,julez
Midsommar,2019.0,1.0,2019-12-29,julez
Everybody Wants Some!!,2016.0,0.7777777777777778,2020-01-03,julez
"O Brother, Where Art Thou?",2000.0,0.6666666666666666,2020-01-03,julez
Clue,1985.0,1.0,2020-01-04,julez
Stand by Me,1986.0,1.0,2020-01-05,julez
The Irishman,2019.0,0.7777777777777778,2020-01-06,julez
American Beauty,1999.0,0.7777777777777778,2020-01-09,julez
Lady Bird,2017.0,0.7777777777777778,2020-01-11,julez
Weathering with You,2019.0,0.8888888888888888,2020-01-20,julez
The Killing of a Sacred Deer,2017.0,0.7777777777777778,2020-01-22,julez
After Hours,1985.0,1.0,2020-01-28,julez
1917,2019.0,1.0,2020-01-30,julez
Uncut Gems,2019.0,0.8888888888888888,2020-02-02,julez
WHAT DID JACK DO?,2017.0,0.4444444444444444,2020-02-02,julez
Brick,2005.0,0.5555555555555556,2020-02-12,julez
Sherlock Jr.,1924.0,1.0,2020-02-16,julez
Fighting with My Family,2019.0,0.6666666666666666,2020-02-20,julez
Frances Ha,2012.0,0.8888888888888888,2020-02-24,julez
Parasite,2019.0,1.0,2020-02-29,julez
Jojo Rabbit,2019.0,0.8888888888888888,2020-03-06,julez
The Disaster Artist,2017.0,0.7777777777777778,2020-03-14,julez
Murder on the Orient Express,1974.0,0.3333333333333333,2020-03-16,julez
The Matrix Reloaded,2003.0,0.6666666666666666,2020-03-17,julez
Manhattan Murder Mystery,1993.0,1.0,2020-03-19,julez
The Handmaiden,2016.0,0.8888888888888888,2020-03-25,julez
Misery,1990.0,1.0,2020-04-03,julez
Logan Lucky,2017.0,0.6666666666666666,2020-04-03,julez
Rush Hour,1998.0,0.6666666666666666,2020-04-04,julez
The Host,2006.0,1.0,2020-04-06,julez
Minority Report,2002.0,0.7777777777777778,2020-04-11,julez
Stalker,1979.0,0.7777777777777778,2020-04-14,julez
Snowpiercer,2013.0,0.8888888888888888,2020-04-15,julez
What We Do in the Shadows,2014.0,0.7777777777777778,2020-04-15,julez
Batman Begins,2005.0,0.7777777777777778,2020-04-17,julez
The Dark Knight,2008.0,0.8888888888888888,2020-04-18,julez
The Dark Knight Rises,2012.0,0.8888888888888888,2020-04-18,julez
Insomnia,2002.0,0.8888888888888888,2020-04-18,julez
Following,1998.0,0.6666666666666666,2020-04-19,julez
Persona,1966.0,0.7777777777777778,2020-04-20,julez
Night of the Living Dead,1968.0,0.6666666666666666,2020-04-20,julez
Eyes Without a Face,1960.0,1.0,2020-04-20,julez
The Great Escape,1963.0,1.0,2020-04-21,julez
Lawrence of Arabia,1962.0,0.6666666666666666,2020-04-22,julez
Carnival of Souls,1962.0,0.6666666666666666,2020-04-22,julez
To Kill a Mockingbird,1962.0,0.6666666666666666,2020-04-23,julez
Pierrot le Fou,1965.0,0.7777777777777778,2020-04-24,julez
The Sound of Music,1965.0,0.8888888888888888,2020-04-25,julez
West Side Story,1961.0,0.5555555555555556,2020-04-25,julez
Peeping Tom,1960.0,0.8888888888888888,2020-04-26,julez
Belle de Jour,1967.0,0.7777777777777778,2020-04-26,julez
Lolita,1962.0,0.6666666666666666,2020-04-27,julez
The Searchers,1956.0,0.4444444444444444,2020-04-27,julez
The Jungle Book,1967.0,0.6666666666666666,2020-04-27,julez
From Russia with Love,1963.0,0.3333333333333333,2020-04-27,julez
Dr. No,1962.0,0.3333333333333333,2020-04-27,julez
Goldfinger,1964.0,0.7777777777777778,2020-04-28,julez
Planet of the Apes,1968.0,0.8888888888888888,2020-04-28,julez
The Man Who Shot Liberty Valance,1962.0,0.8888888888888888,2020-04-28,julez
Bonnie and Clyde,1967.0,0.7777777777777778,2020-04-29,julez
Blow-Up,1966.0,0.4444444444444444,2020-04-29,julez
Le Samouraï,1967.0,0.6666666666666666,2020-05-01,julez
A Hard Day's Night,1964.0,0.6666666666666666,2020-05-01,julez
The Innocents,1961.0,0.7777777777777778,2020-05-02,julez
Ferris Bueller's Day Off,1986.0,1.0,2020-05-06,julez
What Ever Happened to Baby Jane?,1962.0,0.7777777777777778,2020-05-10,julez
Who's Afraid of Virginia Woolf?,1966.0,0.6666666666666666,2020-05-10,julez
Yojimbo,1961.0,0.5555555555555556,2020-05-12,julez
My Fair Lady,1964.0,0.3333333333333333,2020-05-13,julez
Ivan's Childhood,1962.0,0.5555555555555556,2020-05-15,julez
The Exterminating Angel,1962.0,0.6666666666666666,2020-05-16,julez
8½,1963.0,0.3333333333333333,2020-05-17,julez
La Dolce Vita,1960.0,0.5555555555555556,2020-05-17,julez
The Sixties,2014.0,0.8888888888888888,2020-05-17,julez
Au Hasard Balthazar,1966.0,0.6666666666666666,2020-05-21,julez
Jules and Jim,1962.0,0.4444444444444444,2020-05-22,julez
The Breakfast Club,1985.0,1.0,2020-05-22,julez
Vivre Sa Vie,1962.0,0.4444444444444444,2020-05-24,julez
Contempt,1963.0,0.6666666666666666,2020-05-25,julez
Collateral,2004.0,0.8888888888888888,2020-05-27,julez
The Sword in the Stone,1963.0,0.6666666666666666,2020-05-27,julez
Daisies,1966.0,0.2222222222222222,2020-05-28,julez
Heat,1995.0,0.5555555555555556,2020-05-31,julez
The Wild Bunch,1969.0,0.4444444444444444,2020-06-01,julez
Spartacus,1960.0,0.6666666666666666,2020-06-02,julez
High and Low,1963.0,0.5555555555555556,2020-06-08,julez
Gone Girl,2014.0,0.8888888888888888,2020-06-11,julez
Woman in the Dunes,1964.0,0.7777777777777778,2020-06-13,julez
It Comes at Night,2017.0,0.7777777777777778,2020-06-14,julez
The Battle of Algiers,1966.0,0.6666666666666666,2020-06-14,julez
Star Wars: The Rise of Skywalker,2019.0,0.5555555555555556,2020-06-17,julez
L'Avventura,1960.0,0.6666666666666666,2020-06-29,julez
Life of Brian,1979.0,0.7777777777777778,2020-06-29,julez
Incredibles 2,2018.0,0.7777777777777778,2020-06-30,julez
Zootopia,2016.0,0.8888888888888888,2020-07-01,julez
Tangled,2010.0,0.6666666666666666,2020-07-02,julez
Cléo from 5 to 7,1962.0,0.5555555555555556,2020-07-05,julez
Between Two Ferns: The Movie,2019.0,0.6666666666666666,2020-07-21,julez
Borat: Cultural Learnings of America for Make Benefit Glorious Nation of Kazakhstan,2006.0,0.8888888888888888,2020-07-23,julez
Palm Springs,2020.0,0.6666666666666666,2020-07-23,julez
Unsane,2018.0,1.0,2020-07-25,julez
The Edge of Seventeen,2016.0,0.6666666666666666,2020-07-28,julez
Silver Linings Playbook,2012.0,0.7777777777777778,2020-07-30,julez
Arrival,2016.0,1.0,2020-08-01,julez
Sleepless in Seattle,1993.0,0.7777777777777778,2020-08-04,julez
The Conjuring,2013.0,0.2222222222222222,2020-08-10,julez
Anomalisa,2015.0,0.8888888888888888,2020-08-12,julez
Titanic,1997.0,1.0,2020-08-19,julez
Before the Flood,2016.0,0.7777777777777778,2020-08-23,julez
Blood Diamond,2006.0,0.4444444444444444,2020-08-23,julez
Contact,1997.0,0.7777777777777778,2020-08-24,julez
Zodiac,2007.0,0.8888888888888888,2020-08-25,julez
Fast Times at Ridgemont High,1982.0,0.5555555555555556,2020-09-21,julez
Midnight in Paris,2011.0,1.0,2020-09-22,julez
Chernobyl,2019.0,1.0,2020-09-25,julez
Knives Out,2019.0,1.0,2020-10-04,julez
To Catch a Thief,1955.0,0.7777777777777778,2020-10-23,julez
Strangers on a Train,1951.0,0.8888888888888888,2020-10-24,julez
Borat Subsequent Moviefilm: Delivery of Prodigious Bribe to American Regime for Make Benefit Once Glorious Nation of Kazakhstan,2020.0,0.7777777777777778,2020-10-27,julez
Nosferatu,1922.0,0.6666666666666666,2020-11-01,julez
Evil Dead II,1987.0,0.7777777777777778,2020-11-01,julez
Psycho,1960.0,0.7777777777777778,2020-11-01,julez
The Silence of the Lambs,1991.0,0.8888888888888888,2020-11-01,julez
Nocturnal Animals,2016.0,0.8888888888888888,2020-11-03,julez
After Life,1998.0,0.7777777777777778,2020-11-16,julez
Children of Men,2006.0,1.0,2020-11-18,julez
Y Tu Mamá También,2001.0,0.6666666666666666,2020-11-19,julez
Happiness,1998.0,1.0,2020-11-25,julez
Total Recall,1990.0,0.8888888888888888,2020-12-01,julez
Starship Troopers,1997.0,0.7777777777777778,2020-12-02,julez
Manhattan,1979.0,0.7777777777777778,2020-12-04,julez
Mank,2020.0,0.7777777777777778,2020-12-06,julez
Happiest Season,2020.0,0.5555555555555556,2020-12-07,julez
A Christmas Story,1983.0,1.0,2020-12-11,julez
Shazam!,2019.0,0.8888888888888888,2020-12-16,julez
Big,1988.0,0.7777777777777778,2020-12-19,julez
Sound of Metal,2019.0,0.8888888888888888,2020-12-29,julez
"Yes, God, Yes",2019.0,0.8888888888888888,2020-12-30,julez
Bad Education,2019.0,0.6666666666666666,2020-12-30,julez
The Vast of Night,2019.0,0.8888888888888888,2020-12-31,julez
We Can Be Heroes,2020.0,0.6666666666666666,2021-01-01,julez
Rebel Without a Cause,1955.0,0.6666666666666666,2021-01-04,julez
A Woman Is a Woman,1961.0,0.3333333333333333,2021-01-05,julez
Mon Oncle,1958.0,0.7777777777777778,2021-01-05,julez
Seven Chances,1925.0,0.7777777777777778,2021-01-06,julez
Aliens,1986.0,0.8888888888888888,2021-01-06,julez
The Day the Earth Stood Still,1951.0,0.7777777777777778,2021-01-07,julez
Creature from the Black Lagoon,1954.0,0.7777777777777778,2021-01-08,julez
The Blob,1958.0,0.5555555555555556,2021-01-09,julez
The Navigator,1924.0,0.6666666666666666,2021-01-10,julez
The Seventh Seal,1957.0,0.3333333333333333,2021-01-13,julez
"Synecdoche, New York",2008.0,0.8888888888888888,2021-01-14,julez
Killer Bean Forever,2008.0,0.6666666666666666,2021-01-17,julez
Inside Out,2015.0,1.0,2021-01-23,julez
12 Years a Slave,2013.0,1.0,2021-01-27,julez
Ad Astra,2019.0,0.6666666666666666,2021-01-27,julez
Let's Get Lost,1988.0,0.7777777777777778,2021-01-28,julez
Woodstock,1970.0,1.0,2021-01-29,julez
George Harrison: Living in the Material World,2011.0,0.5555555555555556,2021-01-30,julez
Totally Under Control,2020.0,0.7777777777777778,2021-01-30,julez
Going Clear: Scientology and the Prison of Belief,2015.0,0.6666666666666666,2021-02-01,julez
The Umbrellas of Cherbourg,1964.0,0.7777777777777778,2021-02-03,julez
The Fall,2006.0,0.6666666666666666,2021-02-04,julez
Roma,2018.0,0.7777777777777778,2021-02-12,julez
Gravity,2013.0,1.0,2021-02-12,julez
Spirited Away,2001.0,0.8888888888888888,2021-02-13,julez
The Master,2012.0,0.7777777777777778,2021-02-14,julez
Roman Holiday,1953.0,0.7777777777777778,2021-02-16,julez
His Girl Friday,1940.0,0.7777777777777778,2021-02-16,julez
The Philadelphia Story,1940.0,0.5555555555555556,2021-02-16,julez
Bringing Up Baby,1938.0,0.6666666666666666,2021-02-16,julez
Arsenic and Old Lace,1944.0,0.7777777777777778,2021-02-17,julez
Anatomy of a Murder,1959.0,0.8888888888888888,2021-02-17,julez
Mr. Smith Goes to Washington,1939.0,0.7777777777777778,2021-02-17,julez
It Happened One Night,1934.0,0.7777777777777778,2021-02-17,julez
Stagecoach,1939.0,0.5555555555555556,2021-02-18,julez
The Red Shoes,1948.0,0.5555555555555556,2021-02-18,julez
House,1977.0,0.3333333333333333,2021-02-20,julez
Eraserhead,1977.0,0.7777777777777778,2021-02-21,julez
Pretend That You Love Me,2020.0,1.0,2021-02-23,julez
It's Such a Beautiful Day,2012.0,1.0,2021-02-24,julez
Fantastic Planet,1973.0,0.6666666666666666,2021-02-26,julez
The Aristocats,1970.0,0.4444444444444444,2021-02-26,julez
The Last Picture Show,1971.0,0.6666666666666666,2021-03-01,julez
Harold and Maude,1971.0,0.7777777777777778,2021-03-03,julez
Dog Day Afternoon,1975.0,1.0,2021-03-05,julez
WandaVision,2021.0,0.8888888888888888,2021-03-06,julez
Badlands,1973.0,0.7777777777777778,2021-03-06,julez
Days of Heaven,1978.0,0.5555555555555556,2021-03-07,julez
Picnic at Hanging Rock,1975.0,0.4444444444444444,2021-03-08,julez
The Exorcist,1973.0,0.6666666666666666,2021-03-08,julez
Network,1976.0,0.7777777777777778,2021-03-09,julez
The Deer Hunter,1978.0,0.7777777777777778,2021-03-10,julez
Robin Hood,1973.0,0.3333333333333333,2021-03-10,julez
Blazing Saddles,1974.0,0.7777777777777778,2021-03-11,julez
Willy Wonka & the Chocolate Factory,1971.0,0.7777777777777778,2021-03-12,julez
The Queen's Gambit,2020.0,1.0,2021-03-15,julez
Deep Impact,1998.0,0.4444444444444444,2021-03-18,julez
Autumn Sonata,1978.0,0.7777777777777778,2021-03-20,julez
Another Round,2020.0,0.7777777777777778,2021-03-24,julez
Kramer vs. Kramer,1979.0,1.0,2021-03-30,julez
Superman,1978.0,0.4444444444444444,2021-04-02,julez
Young Frankenstein,1974.0,0.7777777777777778,2021-04-03,julez
Captain Phillips,2013.0,0.7777777777777778,2021-04-13,julez
Mean Streets,1973.0,0.4444444444444444,2021-04-16,julez
Space Jam,1996.0,0.6666666666666666,2021-04-18,julez
The Rocky Horror Picture Show,1975.0,0.3333333333333333,2021-05-04,julez
The Wicker Man,1973.0,0.6666666666666666,2021-05-05,julez
Solaris,1972.0,0.6666666666666666,2021-05-08,julez
Dirty Harry,1971.0,0.8888888888888888,2021-05-09,julez
"Aguirre, the Wrath of God",1972.0,0.3333333333333333,2021-05-11,julez
Serpico,1973.0,0.6666666666666666,2021-05-12,julez
The Holy Mountain,1973.0,0.5555555555555556,2021-05-18,julez
Enter the Dragon,1973.0,0.4444444444444444,2021-05-19,julez
The Warriors,1979.0,0.4444444444444444,2021-05-26,julez
Don't Look Now,1973.0,0.4444444444444444,2021-05-27,julez
Barry Lyndon,1975.0,0.8888888888888888,2021-05-28,julez
The Sting,1973.0,0.7777777777777778,2021-05-28,julez
Invasion of the Body Snatchers,1978.0,0.8888888888888888,2021-05-29,julez
Shrek,2001.0,0.7777777777777778,2021-05-29,julez
Dawn of the Dead,1978.0,0.5555555555555556,2021-05-29,julez
The Omen,1976.0,0.4444444444444444,2021-05-29,julez
Deep Red,1975.0,0.5555555555555556,2021-05-31,julez
Rocky II,1979.0,0.8888888888888888,2021-06-01,julez
Friends: The Reunion,2021.0,0.6666666666666666,2021-06-07,julez
Dirty Dancing,1987.0,0.6666666666666666,2021-06-12,julez
Bill & Ted's Excellent Adventure,1989.0,0.8888888888888888,2021-06-22,julez
The Little Mermaid,1989.0,0.5555555555555556,2021-06-23,julez
Batman,1989.0,0.7777777777777778,2021-06-23,julez
Luca,2021.0,0.7777777777777778,2021-06-24,julez
Soul,2020.0,0.6666666666666666,2021-06-24,julez
Bo Burnham: Make Happy,2016.0,0.8888888888888888,2021-06-24,julez
Top Gun,1986.0,0.6666666666666666,2021-06-24,julez
Lars and the Real Girl,2007.0,1.0,2021-06-29,julez
Thor: The Dark World,2013.0,0.5555555555555556,2021-07-06,julez
5 Centimeters per Second,2007.0,0.6666666666666666,2021-07-06,julez
Loki,2021.0,0.8888888888888888,2021-07-15,julez
Joker,2019.0,0.8888888888888888,2021-07-17,julez
Fight Club,1999.0,1.0,2021-07-19,julez
mid90s,2018.0,0.8888888888888888,2021-07-21,julez
Forget About Everything for Awhile,2020.0,0.7777777777777778,2021-07-25,julez
"Woodstock 99: Peace, Love, and Rage",2021.0,0.6666666666666666,2021-07-28,julez
Don't Breathe,2016.0,0.7777777777777778,2021-08-02,julez
Treasure Island,2018.0,0.6666666666666666,2021-08-15,julez
The Aviator,2004.0,0.7777777777777778,2021-08-22,julez
The Jurassic Games,2018.0,0.0,2021-08-25,julez
Scarface,1983.0,0.7777777777777778,2021-08-31,julez
The Untouchables,1987.0,0.8888888888888888,2021-09-01,julez
Jurassic World,2015.0,0.4444444444444444,2021-09-07,julez
Brokeback Mountain,2005.0,0.8888888888888888,2021-09-09,julez
Shang-Chi and the Legend of the Ten Rings,2021.0,0.6666666666666666,2021-09-12,julez
Lethal Weapon,1987.0,0.6666666666666666,2021-09-14,julez
Shirley,2020.0,0.6666666666666666,2021-09-15,julez
No Country for Old Men,2007.0,0.7777777777777778,2021-09-16,julez
Our Planet,2019.0,0.8888888888888888,2021-09-17,julez
Thunderball,1965.0,0.5555555555555556,2021-09-19,julez
You Only Live Twice,1967.0,0.6666666666666666,2021-09-19,julez
On Her Majesty's Secret Service,1969.0,0.7777777777777778,2021-09-20,julez
Diamonds Are Forever,1971.0,0.4444444444444444,2021-09-20,julez
The Man with the Golden Gun,1974.0,0.4444444444444444,2021-09-22,julez
The Spy Who Loved Me,1977.0,0.5555555555555556,2021-09-22,julez
Moonraker,1979.0,0.4444444444444444,2021-09-22,julez
For Your Eyes Only,1981.0,0.4444444444444444,2021-09-23,julez
Dune,2021.0,0.8888888888888888,2021-09-24,julez
Oxygen,2021.0,0.5555555555555556,2021-09-28,julez
Octopussy,1983.0,0.5555555555555556,2021-10-01,julez
A View to a Kill,1985.0,0.4444444444444444,2021-10-02,julez
Live and Let Die,1973.0,0.4444444444444444,2021-10-02,julez
The Living Daylights,1987.0,0.5555555555555556,2021-10-03,julez
Licence to Kill,1989.0,0.5555555555555556,2021-10-11,julez
The Shining,1980.0,0.7777777777777778,2021-10-13,julez
Midnight Mass,2021.0,0.7777777777777778,2021-10-15,julez
The Guilty,2021.0,0.6666666666666666,2021-10-16,julez
The Elephant Man,1980.0,0.8888888888888888,2021-10-17,julez
Hardware,1990.0,0.5555555555555556,2021-10-18,julez
Casino Royale,2006.0,0.8888888888888888,2021-10-19,julez
Quantum of Solace,2008.0,0.5555555555555556,2021-10-20,julez
Skyfall,2012.0,0.8888888888888888,2021-10-20,julez
Spectre,2015.0,0.6666666666666666,2021-10-21,julez
GoldenEye,1995.0,0.5555555555555556,2021-10-24,julez
Tomorrow Never Dies,1997.0,0.5555555555555556,2021-10-25,julez
The World Is Not Enough,1999.0,0.4444444444444444,2021-10-27,julez
An Affair to Remember,1957.0,0.6666666666666666,2021-10-29,julez
The Nightmare Before Christmas,1993.0,0.7777777777777778,2021-10-31,julez
Halloween Kills,2021.0,0.0,2021-11-02,julez
Becoming Bond,2017.0,0.8888888888888888,2021-11-06,julez
The Hitchhiker's Guide to the Galaxy,2005.0,0.6666666666666666,2021-11-06,julez
Laura,1944.0,0.5555555555555556,2021-11-19,julez
Eternals,2021.0,0.5555555555555556,2021-11-21,julez
Die Hard With a Vengeance,1995.0,0.6666666666666666,2021-11-23,julez
Rudolph the Red-Nosed Reindeer,1964.0,0.3333333333333333,2021-11-27,julez
Frosty the Snowman,1969.0,0.4444444444444444,2021-11-27,julez
How the Grinch Stole Christmas!,1966.0,0.7777777777777778,2021-11-28,julez
Ghostbusters,1984.0,0.6666666666666666,2021-11-28,julez
Ghostbusters II,1989.0,0.6666666666666666,2021-11-29,julez
Love Actually,2003.0,0.3333333333333333,2021-11-29,julez
Christmas with the Kranks,2004.0,0.3333333333333333,2021-11-30,julez
The Holiday,2006.0,0.4444444444444444,2021-11-30,julez
Moana,2016.0,0.8888888888888888,2021-12-01,julez
Klaus,2019.0,1.0,2021-12-01,julez
Miracle on 34th Street,1947.0,0.6666666666666666,2021-12-02,julez
Last Night in Soho,2021.0,0.8888888888888888,2021-12-02,julez
The Princess Bride,1987.0,0.6666666666666666,2021-12-03,julez
When Harry Met Sally...,1989.0,1.0,2021-12-03,julez
The Christmas Chronicles,2018.0,0.3333333333333333,2021-12-05,julez
You've Got Mail,1998.0,0.6666666666666666,2021-12-07,julez
Gremlins,1984.0,0.7777777777777778,2021-12-08,julez
White Christmas,1954.0,0.3333333333333333,2021-12-09,julez
E.T. the Extra-Terrestrial,1982.0,0.6666666666666666,2021-12-11,julez
Elf,2003.0,0.6666666666666666,2021-12-12,julez
Spider-Man,2002.0,0.7777777777777778,2021-12-20,julez
The Cameraman,1928.0,0.5555555555555556,2021-12-20,julez
Spider-Man 2,2004.0,1.0,2021-12-21,julez
One Week,1920.0,0.8888888888888888,2021-12-23,julez
Hawkeye,2021.0,0.6666666666666666,2021-12-27,julez
Ford v Ferrari,2019.0,0.8888888888888888,2021-12-29,julez
Never Been Kissed,1999.0,0.3333333333333333,2021-12-29,julez
There's Something About Mary,1998.0,0.2222222222222222,2021-12-30,julez
While You Were Sleeping,1995.0,0.6666666666666666,2021-12-31,julez
Office Space,1999.0,1.0,2021-12-31,julez
"Good Morning, Vietnam",1987.0,0.7777777777777778,2022-01-03,julez
Don't Look Up,2021.0,0.7777777777777778,2022-01-03,julez
The Kid,1921.0,0.7777777777777778,2022-01-04,julez
Ratatouille,2007.0,1.0,2022-01-05,julez
Picture Perfect,1997.0,0.4444444444444444,2022-01-06,julez
Rise of the Planet of the Apes,2011.0,0.6666666666666666,2022-01-07,julez
Mistress America,2015.0,0.8888888888888888,2022-01-09,julez
The Beatles: Get Back,2021.0,1.0,2022-01-11,julez
10 Things I Hate About You,1999.0,0.5555555555555556,2022-01-12,julez
Demolition,2015.0,0.8888888888888888,2022-01-13,julez
Taking a Little Time to Feel Sorry for Myself,2018.0,0.6666666666666666,2022-01-14,julez
Little Miss Sunshine,2006.0,1.0,2022-01-17,julez
The Goat,1921.0,0.7777777777777778,2022-01-18,julez
"Steamboat Bill, Jr.",1928.0,0.7777777777777778,2022-01-19,julez
Die Another Day,2002.0,0.3333333333333333,2022-01-25,julez
Harry Potter and the Philosopher's Stone,2001.0,0.7777777777777778,2022-01-28,julez
Harry Potter and the Chamber of Secrets,2002.0,0.6666666666666666,2022-01-28,julez
Harry Potter and the Prisoner of Azkaban,2004.0,0.8888888888888888,2022-01-28,julez
Harry Potter and the Goblet of Fire,2005.0,0.7777777777777778,2022-01-29,julez
Harry Potter and the Order of the Phoenix,2007.0,0.7777777777777778,2022-01-30,julez
Harry Potter and the Deathly Hallows: Part 1,2010.0,0.5555555555555556,2022-01-30,julez
Harry Potter and the Deathly Hallows: Part 2,2011.0,0.7777777777777778,2022-01-30,julez
Harry Potter and the Half-Blood Prince,2009.0,0.6666666666666666,2022-01-30,julez
The Purple Rose of Cairo,1985.0,0.6666666666666666,2022-02-08,julez
The Tinder Swindler,2022.0,0.6666666666666666,2022-02-10,julez
The Social Network,2010.0,1.0,2022-02-11,julez
Twelve Monkeys,1995.0,1.0,2022-02-11,julez
Heathers,1989.0,1.0,2022-02-12,julez
The Graduate,1967.0,1.0,2022-02-15,julez
The Great Silence,1968.0,1.0,2022-02-17,julez
Once Upon a Time in the West,1968.0,0.8888888888888888,2022-02-18,julez
"tick, tick... BOOM!",2021.0,0.7777777777777778,2022-02-19,julez
Afterparty,2013.0,0.6666666666666666,2022-02-20,julez
Vertigo,1958.0,0.8888888888888888,2022-02-22,julez
Shadow of a Doubt,1943.0,0.6666666666666666,2022-02-23,julez
Rope,1948.0,1.0,2022-02-23,julez
Pineapple Express,2008.0,0.5555555555555556,2022-03-04,julez
The Batman,2022.0,0.8888888888888888,2022-03-05,julez
Amélie,2001.0,0.7777777777777778,2022-03-06,julez
Fantastic Mr. Fox,2009.0,0.7777777777777778,2022-03-07,julez
We Are Sasquatch,2017.0,0.6666666666666666,2022-03-08,julez
The Blair Witch Project,1999.0,0.6666666666666666,2022-03-09,julez
Ocean's Thirteen,2007.0,0.7777777777777778,2022-03-11,julez
Yesterday,2019.0,0.6666666666666666,2022-03-13,julez
Drowning in Potential,2021.0,0.8888888888888888,2022-03-13,julez
Ocean's Eleven,2001.0,1.0,2022-03-13,julez
Game Night,2018.0,0.8888888888888888,2022-03-14,julez
"Paris, Texas",1984.0,1.0,2022-03-15,julez
Come and See,1985.0,0.6666666666666666,2022-03-17,julez
Rain Man,1988.0,0.8888888888888888,2022-03-18,julez
They Live,1988.0,0.6666666666666666,2022-03-18,julez
The Goonies,1985.0,0.5555555555555556,2022-03-19,julez
Possession,1981.0,0.6666666666666666,2022-03-21,julez
Raising Arizona,1987.0,0.8888888888888888,2022-03-21,julez
Videodrome,1983.0,0.7777777777777778,2022-03-21,julez
Bo Burnham: What.,2013.0,0.8888888888888888,2022-03-22,julez
Crimes and Misdemeanors,1989.0,0.7777777777777778,2022-03-23,julez
My Dinner with Andre,1981.0,0.6666666666666666,2022-03-24,julez
Hannah and Her Sisters,1986.0,0.8888888888888888,2022-03-25,julez
Sixteen Candles,1984.0,0.6666666666666666,2022-03-30,julez
Mystery Train,1989.0,0.7777777777777778,2022-03-30,julez
The Devil Wears Prada,2006.0,0.6666666666666666,2022-03-31,julez
West Side Story,2021.0,0.6666666666666666,2022-04-01,julez
Pillow Talk,1959.0,0.6666666666666666,2022-04-05,julez
Cloverfield,2008.0,1.0,2022-04-06,julez
Signs,2002.0,0.8888888888888888,2022-04-07,julez
Kingsman: The Secret Service,2014.0,0.7777777777777778,2022-04-16,julez
Kingsman: The Golden Circle,2017.0,0.6666666666666666,2022-04-16,julez
The King's Man,2021.0,0.4444444444444444,2022-04-16,julez
Spider-Man: Into the Spider-Verse,2018.0,0.8888888888888888,2022-04-17,julez
Moonfall,2022.0,0.2222222222222222,2022-04-20,julez
Seeking a Friend for the End of the World,2012.0,0.6666666666666666,2022-04-27,julez
Pirates of the Caribbean: The Curse of the Black Pearl,2003.0,0.5555555555555556,2022-04-27,julez
Husbands and Wives,1992.0,0.8888888888888888,2022-04-30,julez
Back to the Future,1985.0,0.8888888888888888,2022-05-07,julez
Ambulance,2022.0,0.3333333333333333,2022-05-24,julez
Ocean's Twelve,2004.0,0.8888888888888888,2022-05-25,julez
Ricky Gervais: Humanity,2018.0,0.8888888888888888,2022-05-26,julez
Ricky Gervais: SuperNature,2022.0,0.7777777777777778,2022-05-26,julez
Walk the Line,2005.0,1.0,2022-05-28,julez
Inherent Vice,2014.0,0.7777777777777778,2022-05-29,julez
Bo Burnham: The Inside Outtakes,2022.0,1.0,2022-06-01,julez
War of the Worlds,2005.0,0.7777777777777778,2022-06-05,julez
The Mystery of Marilyn Monroe: The Unheard Tapes,2022.0,0.4444444444444444,2022-06-17,julez
127 Hours,2010.0,0.7777777777777778,2022-06-18,julez
Spiderhead,2022.0,0.6666666666666666,2022-06-19,julez
Back to the Future Part II,1989.0,0.8888888888888888,2022-06-26,julez
Notting Hill,1999.0,0.3333333333333333,2022-06-28,julez
Doctor Strange in the Multiverse of Madness,2022.0,0.8888888888888888,2022-07-04,julez
Say Anything...,1989.0,0.8888888888888888,2022-07-04,julez
American Graffiti,1973.0,0.7777777777777778,2022-07-08,julez
Booksmart,2019.0,0.8888888888888888,2022-07-09,julez
Bo Burnham: Inside,2021.0,1.0,2022-07-09,julez
The Falcon and the Winter Soldier,2021.0,0.6666666666666666,2022-07-09,julez
Hot Tub Time Machine,2010.0,0.6666666666666666,2022-07-10,julez
A Star Is Born,2018.0,0.7777777777777778,2022-07-13,julez
Romeo + Juliet,1996.0,0.3333333333333333,2022-07-17,julez
Stranger Things,2010.0,0.8888888888888888,2022-07-23,julez
Fresh,2022.0,0.8888888888888888,2022-07-25,julez
Mrs. Doubtfire,1993.0,0.7777777777777778,2022-07-30,julez
Making 'The Shining',1980.0,0.7777777777777778,2022-08-03,julez
Independence Day,1996.0,0.7777777777777778,2022-08-05,julez
Bridge to Terabithia,2007.0,0.8888888888888888,2022-08-06,julez
Kids,1995.0,0.6666666666666666,2022-08-08,julez
Smiley Face,2007.0,0.7777777777777778,2022-08-09,julez
Friday,1995.0,0.7777777777777778,2022-08-09,julez
Treasure Planet,2002.0,0.8888888888888888,2022-08-12,julez
How to Change Your Mind,2022.0,0.7777777777777778,2022-08-14,julez
Blow,2001.0,1.0,2022-08-14,julez
Grass Is Greener,2019.0,0.6666666666666666,2022-08-14,julez
78/52,2017.0,0.6666666666666666,2022-08-30,julez
Deconstructing Harry,1997.0,0.8888888888888888,2022-08-30,julez
Taking Off,1971.0,0.8888888888888888,2022-09-12,julez
Blade Runner,1982.0,0.7777777777777778,2022-09-14,julez
Atonement,2007.0,0.8888888888888888,2022-09-18,julez
A Scanner Darkly,2006.0,0.7777777777777778,2022-09-20,julez
This Is Spinal Tap,1984.0,0.6666666666666666,2022-09-28,julez
Altered States,1980.0,1.0,2022-09-29,julez
Who Framed Roger Rabbit,1988.0,0.6666666666666666,2022-09-30,julez
Tootsie,1982.0,0.7777777777777778,2022-10-02,julez
Blonde,2022.0,0.6666666666666666,2022-10-03,julez
Risky Business,1983.0,0.7777777777777778,2022-10-03,julez
Top Secret!,1984.0,0.5555555555555556,2022-10-04,julez
The Dead Zone,1983.0,0.7777777777777778,2022-10-09,julez
Escape from New York,1981.0,0.6666666666666666,2022-10-10,julez
The Man from U.N.C.L.E.,2015.0,0.6666666666666666,2022-10-15,julez
Poltergeist,1982.0,0.8888888888888888,2022-10-18,julez
Blood Simple,1984.0,0.6666666666666666,2022-10-21,julez
Pretty in Pink,1986.0,0.5555555555555556,2022-10-21,julez
Rocky III,1982.0,0.7777777777777778,2022-10-21,julez
Wall Street,1987.0,0.7777777777777778,2022-10-24,julez
The Karate Kid,1984.0,0.4444444444444444,2022-10-24,julez
Day of the Dead,1985.0,0.8888888888888888,2022-10-26,julez
Beetlejuice,1988.0,1.0,2022-10-26,julez
Body Double,1984.0,0.6666666666666666,2022-10-29,julez
Manhunter,1986.0,0.5555555555555556,2022-10-29,julez
Make Way for Tomorrow,1937.0,0.7777777777777778,2022-10-29,julez
Spaceballs,1987.0,0.8888888888888888,2022-10-30,julez
Moonstruck,1987.0,0.6666666666666666,2022-10-30,julez
The Hustler,1961.0,0.5555555555555556,2022-10-30,julez
The Color of Money,1986.0,0.7777777777777778,2022-10-30,julez
Do the Right Thing,1989.0,0.4444444444444444,2022-10-31,julez
Police Story,1985.0,0.5555555555555556,2022-10-31,julez
Kiki's Delivery Service,1989.0,0.7777777777777778,2022-10-31,julez
Mad Max,1979.0,0.4444444444444444,2022-11-01,julez
Mad Max 2,1981.0,0.6666666666666666,2022-11-01,julez
The Outsiders,1983.0,0.6666666666666666,2022-11-01,julez
An American Werewolf in London,1981.0,0.8888888888888888,2022-11-01,julez
Castle in the Sky,1986.0,0.7777777777777778,2022-11-02,julez
Nausicaä of the Valley of the Wind,1984.0,0.6666666666666666,2022-11-02,julez
Inferno,1980.0,0.5555555555555556,2022-11-02,julez
Child's Play,1988.0,0.6666666666666666,2022-11-03,julez
The Fog,1980.0,0.3333333333333333,2022-11-03,julez
Grave of the Fireflies,1988.0,0.8888888888888888,2022-11-03,julez
First Blood,1982.0,0.8888888888888888,2022-11-04,julez
RoboCop,1987.0,0.8888888888888888,2022-11-04,julez
Wings of Desire,1987.0,0.7777777777777778,2022-11-04,julez
Rocky IV,1985.0,0.8888888888888888,2022-11-05,julez
Hellraiser,1987.0,0.6666666666666666,2022-11-05,julez
Weird Science,1985.0,0.8888888888888888,2022-11-05,julez
"sex, lies, and videotape",1989.0,0.8888888888888888,2022-11-07,julez
The Sacrifice,1986.0,0.6666666666666666,2022-11-09,julez
Entergalactic,2022.0,0.6666666666666666,2022-11-13,julez
Stardust Memories,1980.0,0.5555555555555556,2022-11-24,julez
Coraline,2009.0,0.7777777777777778,2022-11-25,julez
Carol,2015.0,0.7777777777777778,2022-12-04,julez
Arthur Christmas,2011.0,0.5555555555555556,2022-12-09,julez
Harold & Kumar Go to White Castle,2004.0,0.6666666666666666,2022-12-12,julez
Home Alone,1990.0,1.0,2022-12-18,julez
Home Alone 2: Lost in New York,1992.0,0.8888888888888888,2022-12-19,julez
A Christmas Carol,2009.0,0.5555555555555556,2022-12-21,julez
Gremlins 2: The New Batch,1990.0,0.7777777777777778,2022-12-27,julez
Avatar,2009.0,0.6666666666666666,2022-12-30,julez
Avatar: The Way of Water,2022.0,0.7777777777777778,2022-12-30,julez
The Goldfish,2019.0,0.4444444444444444,2023-01-08,julez
Labyrinth,1986.0,0.5555555555555556,2023-01-09,julez
A Quiet Place Part II,2020.0,0.8888888888888888,2023-01-13,julez
Encanto,2021.0,0.6666666666666666,2023-01-13,julez
Tenet,2020.0,0.8888888888888888,2023-01-19,julez
Elvis,2022.0,0.4444444444444444,2023-01-23,julez
The Wolf of Wall Street,2013.0,1.0,2023-02-01,julez
Nerve,2016.0,0.4444444444444444,2023-02-03,julez
The Doors,1991.0,1.0,2023-02-04,julez
Pinocchio,1940.0,0.6666666666666666,2023-02-08,julez
Can't Buy Me Love,1987.0,0.3333333333333333,2023-02-09,julez
Beasts of the Southern Wild,2012.0,0.6666666666666666,2023-02-10,julez
When You're Strange,2009.0,1.0,2023-02-16,julez
Secret Window,2004.0,0.6666666666666666,2023-02-23,julez
"Good Bye, Lenin!",2003.0,0.7777777777777778,2023-02-24,julez
Control,2007.0,1.0,2023-02-24,julez
Out of Sight,1998.0,0.7777777777777778,2023-03-10,julez
65,2023.0,0.4444444444444444,2023-03-14,julez
C'mon C'mon,2021.0,0.7777777777777778,2023-03-27,julez
The Fabelmans,2022.0,1.0,2023-04-02,julez
Triangle of Sadness,2022.0,1.0,2023-04-05,julez
Force Majeure,2014.0,1.0,2023-04-07,julez
Modern Romance,1981.0,0.8888888888888888,2023-04-18,julez
Two Lovers,2008.0,1.0,2023-04-20,julez
(500) Days of Summer,2009.0,0.8888888888888888,2023-04-24,julez
John Wick: Chapter 2,2017.0,0.7777777777777778,2023-04-25,julez
John Wick: Chapter 3 – Parabellum,2019.0,0.8888888888888888,2023-04-25,julez
John Wick: Chapter 4,2023.0,0.8888888888888888,2023-04-25,julez
Three Thousand Years of Longing,2022.0,0.7777777777777778,2023-04-26,julez
Trainspotting,1996.0,0.8888888888888888,2023-05-03,julez
Call Me by Your Name,2017.0,0.8888888888888888,2023-05-11,julez
Devs,2020.0,1.0,2023-05-19,julez
300,2006.0,0.7777777777777778,2023-05-31,julez
Black Mirror: The Entire History of You,2011.0,0.8888888888888888,2023-06-06,julez
Black Mirror: White Christmas,2014.0,1.0,2023-06-06,julez
Black Mirror: Hang the DJ,2017.0,1.0,2023-06-06,julez
Jurassic Park,1993.0,1.0,2023-06-07,julez
No Time to Die,2021.0,1.0,2023-06-08,julez
The Lost World: Jurassic Park,1997.0,0.5555555555555556,2023-06-08,julez
The Square,2017.0,0.7777777777777778,2023-06-10,julez
Black Mirror: Striking Vipers,2019.0,0.8888888888888888,2023-06-12,julez
Black Mirror: Beyond the Sea,2023.0,0.8888888888888888,2023-06-23,julez
Black Mirror: Mazey Day,2023.0,0.5555555555555556,2023-06-24,julez
Black Mirror: Loch Henry,2023.0,0.7777777777777778,2023-06-24,julez
Contagion,2011.0,0.8888888888888888,2023-06-30,julez
Paterson,2016.0,1.0,2023-07-02,julez
Black Mirror: Demon 79,2023.0,0.6666666666666666,2023-07-27,julez
El Camino: A Breaking Bad Movie,2019.0,0.7777777777777778,2023-07-31,julez
School of Rock,2003.0,0.8888888888888888,2023-07-31,julez
Nope,2022.0,1.0,2023-08-04,julez
Dressed to Kill,1980.0,0.6666666666666666,2023-08-05,julez
Oppenheimer,2023.0,0.8888888888888888,2023-08-06,julez
Coming to America,1988.0,0.7777777777777778,2023-08-08,julez
Christine,1983.0,0.7777777777777778,2023-08-08,julez
Amadeus,1984.0,0.8888888888888888,2023-08-09,julez
A Few Good Men,1992.0,0.8888888888888888,2023-08-10,julez
Steve Jobs,2015.0,0.8888888888888888,2023-08-15,julez
Bullet Train,2022.0,0.8888888888888888,2023-08-19,julez
The Man Who Knew Too Much,1956.0,0.6666666666666666,2023-08-22,julez
Dead Men Don't Wear Plaid,1982.0,0.5555555555555556,2023-08-23,julez
Buffalo '66,1998.0,1.0,2023-08-24,julez
Donnie Brasco,1997.0,0.7777777777777778,2023-08-25,julez
Revolutionary Road,2008.0,0.7777777777777778,2023-09-06,julez
Margin Call,2011.0,0.7777777777777778,2023-09-07,julez
Downsizing,2017.0,0.8888888888888888,2023-09-26,julez
The Wonderful Story of Henry Sugar,2023.0,0.8888888888888888,2023-09-28,julez
The Swan,2023.0,0.7777777777777778,2023-09-30,julez
TÁR,2022.0,0.6666666666666666,2023-09-30,julez
Poison,2023.0,0.8888888888888888,2023-10-07,julez
Father of the Bride,1991.0,0.6666666666666666,2023-10-27,julez
The Lake House,2006.0,0.7777777777777778,2023-10-30,julez
In a Lonely Place,1950.0,0.7777777777777778,2023-12-01,julez
The Big Sleep,1946.0,0.5555555555555556,2023-12-01,julez
Little Women,2019.0,0.8888888888888888,2023-12-05,julez
The Story Of Our Time: The Making Of Oppenheimer,2023.0,0.7777777777777778,2023-12-07,julez
The Shop Around the Corner,1940.0,0.7777777777777778,2023-12-07,julez
Tokyo Godfathers,2003.0,0.7777777777777778,2023-12-15,julez
National Lampoon's Christmas Vacation,1989.0,0.6666666666666666,2023-12-26,julez
Ricky Gervais: Armageddon,2023.0,0.7777777777777778,2023-12-26,julez
Eyes Wide Shut,1999.0,1.0,2023-12-29,julez
Reprise,2006.0,0.7777777777777778,2023-12-30,julez
Aftersun,2022.0,1.0,2023-12-31,julez
Night on Earth,1991.0,0.8888888888888888,2023-12-31,julez
Punch-Drunk Love,2002.0,1.0,2024-01-03,julez
The Night Before,2015.0,0.7777777777777778,2024-01-04,julez
The Boy and the Heron,2023.0,0.7777777777777778,2024-01-06,julez
David Lynch: The Art Life,2016.0,0.8888888888888888,2024-01-09,julez
Past Lives,2023.0,1.0,2024-01-10,julez
Harry Dean Stanton: Partly Fiction,2012.0,0.8888888888888888,2024-01-11,julez
Dream Scenario,2023.0,0.8888888888888888,2024-01-12,julez
Barbie,2023.0,0.6666666666666666,2024-01-13,julez
Paddington,2014.0,0.7777777777777778,2024-01-16,julez
Paddington 2,2017.0,0.8888888888888888,2024-01-17,julez
Broadcast News,1987.0,1.0,2024-01-18,julez
The Shape of Water,2017.0,1.0,2024-01-20,julez
Mission: Impossible – Dead Reckoning,2023.0,0.6666666666666666,2024-01-21,julez
The Worst Person in the World,2021.0,1.0,2024-01-22,julez
Zelig,1983.0,0.8888888888888888,2024-01-24,julez
One Hundred and One Dalmatians,1961.0,0.8888888888888888,2024-01-25,julez
"Confess, Fletch",2022.0,0.6666666666666666,2024-01-26,julez
Portrait of a Lady on Fire,2019.0,1.0,2024-01-29,julez
All of Us Strangers,2023.0,0.8888888888888888,2024-02-05,julez
13 Going on 30,2004.0,0.7777777777777778,2024-02-12,julez
Saltburn,2023.0,0.8888888888888888,2024-02-14,julez
Begin Again,2013.0,0.8888888888888888,2024-02-15,julez
The Last Temptation of Christ,1988.0,0.7777777777777778,2024-02-20,julez
Smashed,2012.0,0.8888888888888888,2024-02-27,julez
Dune: Part Two,2024.0,1.0,2024-03-02,julez
Cops,1922.0,0.6666666666666666,2024-03-03,julez
The Scarecrow,1920.0,0.6666666666666666,2024-03-03,julez
The Paleface,1922.0,0.5555555555555556,2024-03-03,julez
Poor Things,2023.0,0.7777777777777778,2024-03-16,julez
The Zone of Interest,2023.0,0.7777777777777778,2024-03-30,julez
Mysterious Skin,2004.0,1.0,2024-04-02,julez
A Beautiful Mind,2001.0,1.0,2024-04-19,julez
"Crazy, Stupid, Love.",2011.0,0.7777777777777778,2024-04-26,julez
The Playlist,2022.0,0.7777777777777778,2024-04-29,julez
Fallout,2013.0,1.0,2024-04-30,julez
Baby Reindeer,2024.0,1.0,2024-05-02,julez
Late Night with the Devil,2023.0,0.7777777777777778,2024-05-05,julez
Leave the World Behind,2023.0,1.0,2024-05-06,julez
Her,2013.0,1.0,2024-05-19,julez
The Fall Guy,2024.0,0.6666666666666666,2024-05-21,julez
Euphoria: Trouble Don't Last Always,2020.0,1.0,2024-05-27,julez
Euphoria: F*ck Anyone Who’s Not a Sea Blob,2021.0,0.7777777777777778,2024-05-27,julez
Jurassic Park III,2001.0,0.5555555555555556,2024-05-29,julez
CODA,2021.0,0.8888888888888888,2024-06-26,julez
Sabrina,1954.0,0.5555555555555556,2024-06-27,julez
American Fiction,2023.0,0.7777777777777778,2024-06-27,julez
Sideways,2004.0,0.8888888888888888,2024-06-29,julez
X,2022.0,0.6666666666666666,2024-07-10,julez
Pearl,2022.0,0.5555555555555556,2024-07-11,julez
MaXXXine,2024.0,0.5555555555555556,2024-07-12,julez
Civil War,2024.0,0.8888888888888888,2024-07-19,julez
Howl's Moving Castle,2004.0,0.6666666666666666,2024-07-19,julez
Moneyball,2011.0,1.0,2024-07-22,julez
Is Now a Good Time?,2024.0,0.6666666666666666,2024-07-28,julez
The Perks of Being a Wallflower,2012.0,0.8888888888888888,2024-07-30,julez
Final Cut: Ladies and Gentlemen,2012.0,1.0,2024-08-13,julez
The Age of Adaline,2015.0,0.7777777777777778,2024-08-14,julez
"Planes, Trains and Automobiles",1987.0,1.0,2024-08-22,julez
Three Colours: Blue,1993.0,0.5555555555555556,2024-08-23,julez
Alien: Romulus,2024.0,0.6666666666666666,2024-08-28,julez
Rocketman,2019.0,0.7777777777777778,2024-08-30,julez
Mean Girls,2004.0,0.7777777777777778,2024-09-02,julez
Clueless,1995.0,0.8888888888888888,2024-09-02,julez
War Dogs,2016.0,0.8888888888888888,2024-09-05,julez
Longlegs,2024.0,0.3333333333333333,2024-09-10,julez
Deadpool & Wolverine,2024.0,0.6666666666666666,2024-09-30,julez
Terminator 2: Judgment Day,1991.0,0.8888888888888888,2024-10-06,julez
La Haine,1995.0,0.6666666666666666,2024-10-07,julez
Megalopolis,2024.0,0.5555555555555556,2024-10-08,julez
Challengers,2024.0,0.8888888888888888,2024-10-09,julez
Citizen Kane,1941.0,0.6666666666666666,2024-10-10,julez
The Other Side of the Wind,2018.0,0.7777777777777778,2024-10-11,julez
They'll Love Me When I'm Dead,2018.0,0.7777777777777778,2024-10-11,julez
The Substance,2024.0,1.0,2024-10-14,julez
Assassination Nation,2018.0,0.6666666666666666,2024-10-15,julez
The Lady Vanishes,1938.0,0.6666666666666666,2024-10-17,julez
The Lost Weekend,1945.0,0.8888888888888888,2024-10-18,julez
Rebecca,1940.0,0.5555555555555556,2024-10-18,julez
Ace in the Hole,1951.0,1.0,2024-10-18,julez
The Apartment,1960.0,1.0,2024-10-19,julez
Some Like It Hot,1959.0,0.7777777777777778,2024-10-19,julez
9/11: One Day in America,2021.0,0.8888888888888888,2024-10-20,julez
Sunset Boulevard,1950.0,0.8888888888888888,2024-10-21,julez
Stalag 17,1953.0,0.8888888888888888,2024-10-22,julez
The Seven Year Itch,1955.0,0.5555555555555556,2024-10-23,julez
"One, Two, Three",1961.0,0.4444444444444444,2024-10-24,julez
The Private Life of Sherlock Holmes,1970.0,0.6666666666666666,2024-10-25,julez
Witness for the Prosecution,1957.0,0.7777777777777778,2024-10-26,julez
Irma la Douce,1963.0,0.6666666666666666,2024-10-27,julez
The Front Page,1974.0,0.6666666666666666,2024-10-28,julez
Pitch Perfect,2012.0,0.3333333333333333,2024-11-03,julez
DAHMER - Monster: The Jeffrey Dahmer Story,2022.0,0.8888888888888888,2024-11-03,julez
A Charlie Brown Christmas,1965.0,0.7777777777777778,2024-11-05,julez
Black Christmas,1974.0,1.0,2024-11-05,julez
Babylon,2022.0,0.8888888888888888,2024-11-06,julez
The Tree of Life,2011.0,0.8888888888888888,2024-11-08,julez
The Lord of the Rings: The Fellowship of the Ring,2001.0,0.8888888888888888,2024-11-10,julez
The Lord of the Rings: The Two Towers,2002.0,0.7777777777777778,2024-11-10,julez
The Lord of the Rings: The Return of the King,2003.0,0.8888888888888888,2024-11-10,julez
Groundhog Day,1993.0,1.0,2024-11-17,julez
Nightcrawler,2014.0,0.7777777777777778,2024-11-22,julez
The Wizard of Oz,1939.0,0.6666666666666666,2024-11-24,julez
PlayTime,1967.0,0.7777777777777778,2024-12-02,julez
Die Hard 2,1990.0,0.7777777777777778,2024-12-17,julez
The Holdovers,2023.0,1.0,2024-12-18,julez
Jingle All the Way,1996.0,1.0,2024-12-20,julez
Top Gun: Maverick,2022.0,1.0,2024-12-23,julez
Die Hard,1988.0,0.8888888888888888,2024-12-23,julez
The Polar Express,2004.0,1.0,2024-12-24,julez
It's a Wonderful Life,1946.0,1.0,2024-12-25,julez
All That Jazz,1979.0,0.8888888888888888,2024-12-30,julez
Casino,1995.0,0.7777777777777778,2024-12-31,julez
The Long Goodbye,1973.0,0.6666666666666666,2025-01-02,julez
The Player,1992.0,0.8888888888888888,2025-01-04,julez
Once Upon a Time in America,1984.0,0.8888888888888888,2025-01-06,julez
Edge of Tomorrow,2014.0,0.7777777777777778,2025-01-06,julez
Greenland,2020.0,0.5555555555555556,2025-01-09,julez
Unforgiven,1992.0,1.0,2025-01-10,julez
The Double,2013.0,0.8888888888888888,2025-01-12,julez
We Live in Time,2024.0,1.0,2025-01-14,julez
Queer,2024.0,0.7777777777777778,2025-01-16,julez
Dead Poets Society,1989.0,1.0,2025-01-21,julez
Wild at Heart,1990.0,0.7777777777777778,2025-01-25,julez
Annie Hall,1977.0,0.7777777777777778,2025-01-27,julez
Batman Returns,1992.0,0.6666666666666666,2025-02-10,julez
Mulholland Drive,2001.0,0.5555555555555556,2025-02-14,julez
Wild Wild Country,2018.0,0.7777777777777778,2025-02-23,julez
Taking Woodstock,2009.0,1.0,2025-02-27,julez
A Single Man,2009.0,0.8888888888888888,2025-02-28,julez
Anora,2024.0,0.7777777777777778,2025-03-04,julez
Mickey 17,2025.0,0.7777777777777778,2025-03-10,julez
Catch Me If You Can,2002.0,1.0,2025-03-16,julez
Into the Wild,2007.0,1.0,2025-03-16,julez
The Virgin Suicides,1999.0,0.7777777777777778,2025-03-28,julez
Lick the Star,1998.0,0.3333333333333333,2025-03-28,julez
Rushmore,1998.0,0.6666666666666666,2025-03-30,julez
The Road Less Traveled By,,0.6666666666666666,2025-03-30,julez
Normal People,2020.0,0.8888888888888888,2025-04-03,julez
20th Century Women,2016.0,0.7777777777777778,2025-04-09,julez
Perfect Days,2023.0,0.7777777777777778,2025-04-10,julez
Black Mirror: Common People,2025.0,0.8888888888888888,2025-04-14,julez
Black Mirror: Bête Noire,2025.0,0.6666666666666666,2025-04-14,julez
Black Mirror: Hotel Reverie,2025.0,0.7777777777777778,2025-04-14,julez
Black Mirror: Eulogy,2025.0,0.8888888888888888,2025-04-14,julez
Black Mirror: Bandersnatch,2018.0,0.6666666666666666,2025-04-14,julez
Black Mirror: USS Callister – Into Infinity,2025.0,0.7777777777777778,2025-04-14,julez
"Play It Again, Sam",1972.0,0.7777777777777778,2025-04-18,julez
Licorice Pizza,2021.0,0.8888888888888888,2025-04-22,julez
Black Mirror: San Junipero,2016.0,1.0,2025-04-27,julez
Have a Good Trip: Adventures in Psychedelics,2020.0,0.8888888888888888,2025-05-10,julez
Dazed and Confused,1993.0,0.8888888888888888,2025-05-16,julez
Mission: Impossible II,2000.0,0.5555555555555556,2025-05-19,julez
Nineteen Eighty-Four,1984.0,0.5555555555555556,2025-06-08,julez
Limitless,2011.0,0.5555555555555556,2025-06-24,julez
F1,2025.0,0.6666666666666666,2025-06-27,julez
The Phoenician Scheme,2025.0,0.5555555555555556,2025-07-03,julez
Materialists,2025.0,0.6666666666666666,2025-07-12,julez
Anchorman: The Legend of Ron Burgundy,2004.0,0.4444444444444444,2025-07-26,julez
Twin Peaks: Fire Walk with Me,1992.0,0.8888888888888888,2025-07-29,julez
The Killer,2023.0,0.7777777777777778,2025-07-30,julez
She's Gotta Have It,1986.0,0.6666666666666666,2025-07-31,julez
Twin Peaks,1989.0,0.8888888888888888,2025-08-01,julez
Twin Peaks: The Return,2017.0,0.6666666666666666,2025-08-01,julez
Saving Private Ryan,1998.0,0.8888888888888888,2025-08-02,julez
The Offer,2022.0,0.7777777777777778,2025-08-08,julez
A*P*E,1976.0,0.1111111111111111,2025-08-11,julez
Scrooged,1988.0,0.5555555555555556,2025-08-11,julez
The Number 23,2007.0,0.3333333333333333,2025-08-11,julez
The Godfather,1972.0,0.7777777777777778,2025-08-11,julez
Le Mans,1971.0,0.6666666666666666,2025-08-12,julez
The Talented Mr. Ripley,1999.0,0.7777777777777778,2025-08-15,julez
Ripley,2024.0,0.8888888888888888,2025-08-19,julez
Spider-Man: No Way Home,2021.0,1.0,2025-08-24,julez
American Psycho,2000.0,0.7777777777777778,2025-09-06,julez
Beautiful Boy,2018.0,0.8888888888888888,2025-09-06,julez
The Roses,2025.0,0.7777777777777778,2025-09-07,julez
American Made,2017.0,0.6666666666666666,2025-09-09,julez
Crisis in Six Scenes,2016.0,0.7777777777777778,2025-09-13,julez
Café Society,2016.0,0.6666666666666666,2025-09-13,julez
Adolescence,2025.0,1.0,2025-09-17,julez
BlacKkKlansman,2018.0,0.7777777777777778,2025-09-20,julez
A Real Pain,2024.0,0.8888888888888888,2025-09-27,julez
Boiling Point,2021.0,0.8888888888888888,2025-09-27,julez
JFK,1991.0,0.8888888888888888,2025-10-01,julez
Léon: The Professional,1994.0,0.8888888888888888,2025-10-08,julez
Black Mirror: Plaything,2025.0,1.0,2025-11-01,julez
Black Mirror: Joan Is Awful,2023.0,0.8888888888888888,2025-11-01,julez
21,2008.0,0.5555555555555556,2025-11-02,julez
Bugonia,2025.0,0.8888888888888888,2025-11-03,julez
One Battle After Another,2025.0,1.0,2025-11-04,julez
Everything You Always Wanted to Know About Sex *But Were Afraid to Ask,1972.0,0.5555555555555556,2025-11-10,julez
Chilly Scenes of Winter,1979.0,0.6666666666666666,2025-11-12,julez
Thelma & Louise,1991.0,1.0,2025-11-16,julez
Overboard,1987.0,0.6666666666666666,2025-11-16,julez
Blue Velvet,1986.0,1.0,2025-11-18,julez
The Signal,2014.0,0.3333333333333333,2025-11-23,julez
The Call,2025.0,0.8888888888888888,2025-12-15,julez
After the Hunt,2025.0,0.4444444444444444,2025-12-15,julez
The Muppet Christmas Carol,1992.0,0.8888888888888888,2025-12-16,julez
Carrie,1976.0,0.6666666666666666,2025-12-18,julez
Ricky Gervais: Mortality,2025.0,0.5555555555555556,2026-01-01,julez
Everything Everywhere All at Once,2022.0,0.8888888888888888,2026-01-04,julez
Glass Onion,2022.0,0.7777777777777778,2026-01-04,julez
Wake Up Dead Man,2025.0,0.8888888888888888,2026-01-05,julez
Flightplan,2005.0,0.6666666666666666,2026-01-26,julez
Good Time,2017.0,0.6666666666666666,2026-01-27,julez
The Running Man,1987.0,0.5555555555555556,2026-01-30,julez
Panic Room,2002.0,1.0,2026-02-01,julez
Dumb and Dumber,1994.0,0.7777777777777778,2026-02-05,julez
Boogie Nights,1997.0,0.8888888888888888,2026-02-07,julez
Ruby Sparks,2012.0,0.8888888888888888,2026-02-17,julez
Priscilla,2023.0,0.7777777777777778,2026-02-20,julez
"Girl, Interrupted",1999.0,0.5555555555555556,2026-03-01,julez
A Different Man,2024.0,0.6666666666666666,2026-03-11,julez
Marty Supreme,2025.0,1.0,2026-03-14,julez
Living in Oblivion,1995.0,0.6666666666666666,2026-03-17,julez
Magnolia,1999.0,0.8888888888888888,2026-03-19,julez
The Grand Budapest Hotel,2014.0,1.0,2026-03-20,julez
The Royal Tenenbaums,2001.0,0.7777777777777778,2026-03-27,julez
Hoppers,2026.0,0.6666666666666666,2026-03-28,julez
Jumanji,1995.0,0.7777777777777778,2026-03-30,julez
The Texas Chain Saw Massacre,1974.0,0.7777777777777778,2026-04-03,julez
Sentimental Value,2025.0,1.0,2026-04-07,julez
The Cabin in the Woods,2011.0,0.8888888888888888,2026-04-08,julez
The Drama,2026.0,0.8888888888888888,2026-04-12,julez
30 Minutes or Less,2011.0,0.4444444444444444,2026-04-20,julez
BEEF,2023.0,0.6666666666666666,2026-04-23,julez
Superbad,2007.0,1.0,2026-04-24,julez
Dreams,1990.0,0.8888888888888888,2026-04-24,julez
How to Lose a Guy in 10 Days,2003.0,0.6666666666666666,2026-04-27,julez
The Darjeeling Limited,2007.0,0.6666666666666666,2026-04-30,julez
Knocked Up,2007.0,0.7777777777777778,2026-05-01,julez
Eternity,2025.0,0.6666666666666666,2026-05-01,julez
The Cameraman's Revenge,1912.0,0.7777777777777778,2026-05-02,julez
Inglourious Basterds,2009.0,0.8888888888888888,2026-05-03,julez
Black Mirror: Nosedive,2016.0,0.6666666666666666,2026-05-04,julez
Sergio Leone: The Italian Who Invented America,2022.0,0.6666666666666666,2026-05-04,julez
The Devil Wears Prada 2,2026.0,0.4444444444444444,2026-05-06,julez
The Grand Budapest Hotel,2014.0,0.7777777777777778,2023-03-08,laslegumbres
mid90s,2018.0,1.0,2023-03-10,laslegumbres
Midsommar,2019.0,1.0,2023-03-10,laslegumbres
Portrait of a Lady on Fire,2019.0,1.0,2023-07-20,laslegumbres
Summerland,2020.0,0.7777777777777778,2023-08-27,laslegumbres
Lady Bird,2017.0,0.7777777777777778,2023-08-27,laslegumbres
Güeros,2014.0,1.0,2023-08-27,laslegumbres
Ponyo,2008.0,1.0,2023-08-27,laslegumbres
Mamma Mia!,2008.0,0.6666666666666666,2023-08-27,laslegumbres
Women on the Verge of a Nervous Breakdown,1988.0,0.7777777777777778,2023-08-27,laslegumbres
Moonrise Kingdom,2012.0,0.8888888888888888,2023-08-27,laslegumbres
Volver,2006.0,0.7777777777777778,2023-08-27,laslegumbres
Je Tu Il Elle,1974.0,0.6666666666666666,2023-08-27,laslegumbres
Happiest Season,2020.0,0.8888888888888888,2023-08-27,laslegumbres
Little Miss Sunshine,2006.0,1.0,2023-08-27,laslegumbres
The Little Mermaid,1989.0,0.4444444444444444,2023-08-27,laslegumbres
Snow White and the Seven Dwarfs,1937.0,0.6666666666666666,2023-08-27,laslegumbres
Cinderella,1950.0,0.5555555555555556,2023-08-27,laslegumbres
Sleeping Beauty,1959.0,0.4444444444444444,2023-08-27,laslegumbres
Y Tu Mamá También,2001.0,0.7777777777777778,2023-08-27,laslegumbres
The Super Mario Bros. Movie,2023.0,0.6666666666666666,2023-08-28,laslegumbres
Billie Eilish: The World's a Little Blurry,2021.0,1.0,2023-08-28,laslegumbres
The Greatest Showman,2017.0,0.5555555555555556,2023-08-28,laslegumbres
Raw,2016.0,0.6666666666666666,2023-08-28,laslegumbres
Harry Potter and the Prisoner of Azkaban,2004.0,1.0,2023-08-28,laslegumbres
The Royal Tenenbaums,2001.0,0.7777777777777778,2023-08-28,laslegumbres
Taste of Cherry,1997.0,0.7777777777777778,2023-08-28,laslegumbres
Fantastic Mr. Fox,2009.0,0.7777777777777778,2023-08-28,laslegumbres
Porco Rosso,1992.0,0.5555555555555556,2023-08-28,laslegumbres
Lick the Star,1998.0,0.6666666666666666,2023-08-28,laslegumbres
Marcel the Shell with Shoes On,2021.0,1.0,2023-08-29,laslegumbres
Call Me by Your Name,2017.0,0.4444444444444444,2023-08-29,laslegumbres
All Too Well: The Short Film,2021.0,1.0,2023-08-29,laslegumbres
Miss Americana,2020.0,0.7777777777777778,2023-08-29,laslegumbres
The Lorax,2012.0,0.7777777777777778,2023-08-31,laslegumbres
The Girls Are Alright,2023.0,0.7777777777777778,2023-10-05,laslegumbres
The Worst Person in the World,2021.0,0.6666666666666666,2023-10-31,laslegumbres
Five Nights at Freddy's,2023.0,0.6666666666666666,2023-11-02,laslegumbres
Elephant,2003.0,0.7777777777777778,2023-11-06,laslegumbres
My First Summer,2020.0,1.0,2023-11-12,laslegumbres
Before Sunset,2004.0,1.0,2023-11-19,laslegumbres
The Lobster,2015.0,0.5555555555555556,2023-11-20,laslegumbres
The Neighbors' Window,2019.0,0.2222222222222222,2023-11-20,laslegumbres
Patch Adams,1998.0,0.7777777777777778,2023-11-20,laslegumbres
Before Sunrise,1995.0,0.6666666666666666,2023-11-21,laslegumbres
Shiva Baby,2020.0,0.5555555555555556,2023-11-21,laslegumbres
Before Midnight,2013.0,0.5555555555555556,2023-11-21,laslegumbres
Grave of the Fireflies,1988.0,1.0,2023-11-22,laslegumbres
Pearl,2022.0,0.7777777777777778,2023-11-27,laslegumbres
"Jeanne Dielman, 23, quai du Commerce, 1080 Bruxelles",1975.0,1.0,2023-11-27,laslegumbres
Boyfriends and Girlfriends,1987.0,0.7777777777777778,2023-11-27,laslegumbres
The Incredibly True Adventure of Two Girls in Love,1995.0,1.0,2023-11-28,laslegumbres
All About My Mother,1999.0,1.0,2023-11-30,laslegumbres
Mean Girls,2004.0,0.6666666666666666,2023-11-30,laslegumbres
Alice in Wonderland,2010.0,0.7777777777777778,2023-12-03,laslegumbres
The Darjeeling Limited,2007.0,0.5555555555555556,2023-12-03,laslegumbres
The Nightmare Before Christmas,1993.0,0.5555555555555556,2023-12-08,laslegumbres
The Reason I Jump,2020.0,0.5555555555555556,2023-12-09,laslegumbres
The Velveteen Rabbit,2023.0,0.7777777777777778,2023-12-10,laslegumbres
Tomboy,2011.0,0.7777777777777778,2023-12-13,laslegumbres
Corpse Bride,2005.0,0.7777777777777778,2023-12-13,laslegumbres
Troop Zero,2019.0,0.8888888888888888,2023-12-13,laslegumbres
Booksmart,2019.0,0.8888888888888888,2023-12-14,laslegumbres
E.T.,2015.0,1.0,2023-12-15,laslegumbres
E.T. the Extra-Terrestrial,1982.0,1.0,2023-12-15,laslegumbres
Gremlins,1984.0,0.6666666666666666,2023-12-16,laslegumbres
(500) Days of Summer,2009.0,0.6666666666666666,2023-12-17,laslegumbres
In the Company of Women,2023.0,0.8888888888888888,2023-12-17,laslegumbres
Her,2013.0,0.7777777777777778,2023-12-18,laslegumbres
Freedomfighters,1996.0,0.3333333333333333,2023-12-18,laslegumbres
Meshes of the Afternoon,1943.0,0.8888888888888888,2023-12-18,laslegumbres
Christopher Robin,2018.0,1.0,2023-12-19,laslegumbres
Wonka,2023.0,0.8888888888888888,2023-12-21,laslegumbres
Everything Everywhere All at Once,2022.0,1.0,2023-12-22,laslegumbres
Past Lives,2023.0,0.7777777777777778,2023-12-22,laslegumbres
Parasite,2019.0,0.8888888888888888,2023-12-28,laslegumbres
Come and See,1985.0,0.8888888888888888,2024-01-05,laslegumbres
Love in the Afternoon,1972.0,0.5555555555555556,2024-01-05,laslegumbres
You Can Live Forever,2022.0,0.7777777777777778,2024-01-05,laslegumbres
Isle of Dogs,2018.0,0.6666666666666666,2024-01-06,laslegumbres
The Edge of Seventeen,2016.0,0.6666666666666666,2024-01-06,laslegumbres
Veronica,2017.0,0.5555555555555556,2024-01-07,laslegumbres
Clueless,1995.0,0.5555555555555556,2024-01-07,laslegumbres
The Jump,2018.0,0.8888888888888888,2024-01-07,laslegumbres
O Night Divine,2021.0,0.5555555555555556,2024-01-07,laslegumbres
Margarita y el lobo,1969.0,0.7777777777777778,2024-01-08,laslegumbres
Our Street,2019.0,0.8888888888888888,2024-01-08,laslegumbres
It's Such a Beautiful Day,2012.0,1.0,2024-01-09,laslegumbres
Exprés,2003.0,0.6666666666666666,2024-01-11,laslegumbres
Society of the Snow,2023.0,1.0,2024-01-17,laslegumbres
Fruitvale Station,2013.0,0.6666666666666666,2024-01-18,laslegumbres
Asteroid City,2023.0,0.8888888888888888,2024-01-27,laslegumbres
The Perks of Being a Wallflower,2012.0,0.7777777777777778,2024-01-27,laslegumbres
Finding Nemo,2003.0,0.7777777777777778,2024-01-27,laslegumbres
Anatomy of a Fall,2023.0,0.5555555555555556,2024-01-29,laslegumbres
Charlie and the Chocolate Factory,2005.0,1.0,2024-01-29,laslegumbres
Fight Club,1999.0,0.8888888888888888,2024-01-29,laslegumbres
Inside Out,2015.0,0.7777777777777778,2024-02-01,laslegumbres
Poor Things,2023.0,0.8888888888888888,2024-02-01,laslegumbres
Black Swan,2010.0,1.0,2024-02-03,laslegumbres
The Tigger Movie,2000.0,0.4444444444444444,2024-02-03,laslegumbres
Frances Ha,2012.0,1.0,2024-02-03,laslegumbres
Valerie and Her Week of Wonders,1970.0,0.2222222222222222,2024-02-04,laslegumbres
Greener Grass,2019.0,0.4444444444444444,2024-02-05,laslegumbres
Licorice Pizza,2021.0,0.3333333333333333,2024-02-05,laslegumbres
Lolita,1997.0,0.3333333333333333,2024-02-05,laslegumbres
Saltburn,2023.0,0.3333333333333333,2024-02-05,laslegumbres
Soul,2020.0,0.7777777777777778,2024-02-05,laslegumbres
A Silent Voice: The Movie,2016.0,0.7777777777777778,2024-02-05,laslegumbres
Big Hero 6,2014.0,1.0,2024-02-05,laslegumbres
Frozen,2013.0,0.5555555555555556,2024-02-05,laslegumbres
Wreck-It Ralph,2012.0,0.8888888888888888,2024-02-05,laslegumbres
Brave,2012.0,1.0,2024-02-05,laslegumbres
Up,2009.0,0.7777777777777778,2024-02-05,laslegumbres
Coraline,2009.0,1.0,2024-02-05,laslegumbres
The Incredibles,2004.0,0.8888888888888888,2024-02-05,laslegumbres
Grease,1978.0,0.7777777777777778,2024-02-05,laslegumbres
Ghostbusters,1984.0,0.7777777777777778,2024-02-05,laslegumbres
Tear Along the Dotted Line,2021.0,0.7777777777777778,2024-02-05,laslegumbres
The Boss Baby,2017.0,0.4444444444444444,2024-02-05,laslegumbres
Tall Girl,2019.0,0.2222222222222222,2024-02-05,laslegumbres
The Kissing Booth,2018.0,0.0,2024-02-05,laslegumbres
Bao,2018.0,0.6666666666666666,2024-02-05,laslegumbres
Wonder,2017.0,0.6666666666666666,2024-02-05,laslegumbres
Sing,2016.0,0.3333333333333333,2024-02-05,laslegumbres
Moana,2016.0,0.7777777777777778,2024-02-05,laslegumbres
Pixels,2015.0,0.2222222222222222,2024-02-05,laslegumbres
Minions,2015.0,0.7777777777777778,2024-02-05,laslegumbres
Tinker Bell and the Legend of the NeverBeast,2014.0,0.5555555555555556,2024-02-05,laslegumbres
Turbo,2013.0,0.1111111111111111,2024-02-05,laslegumbres
Paul,2011.0,0.2222222222222222,2024-02-05,laslegumbres
Gnomeo & Juliet,2011.0,0.3333333333333333,2024-02-05,laslegumbres
Bolt,2008.0,0.5555555555555556,2024-02-05,laslegumbres
Tinker Bell,2008.0,0.6666666666666666,2024-02-05,laslegumbres
Ratatouille,2007.0,0.7777777777777778,2024-02-05,laslegumbres
Monster House,2006.0,0.3333333333333333,2024-02-05,laslegumbres
Forrest Gump,1994.0,1.0,2024-02-05,laslegumbres
Home Alone,1990.0,0.5555555555555556,2024-02-05,laslegumbres
Home Alone 2: Lost in New York,1992.0,0.6666666666666666,2024-02-05,laslegumbres
Marrowbone,2017.0,0.6666666666666666,2024-02-05,laslegumbres
Diary of a Wimpy Kid: The Long Haul,2017.0,0.0,2024-02-05,laslegumbres
Teen Beach 2,2015.0,0.3333333333333333,2024-02-05,laslegumbres
Zip & Zap and the Marble Gang,2013.0,0.6666666666666666,2024-02-05,laslegumbres
Teen Beach Movie,2013.0,0.8888888888888888,2024-02-05,laslegumbres
Diary of a Wimpy Kid,2010.0,0.4444444444444444,2024-02-05,laslegumbres
High School Musical 3: Senior Year,2008.0,0.5555555555555556,2024-02-05,laslegumbres
Camp Rock,2008.0,0.1111111111111111,2024-02-05,laslegumbres
Edward Scissorhands,1990.0,0.5555555555555556,2024-02-05,laslegumbres
Harry Potter and the Philosopher's Stone,2001.0,0.7777777777777778,2024-02-05,laslegumbres
Harry Potter and the Chamber of Secrets,2002.0,0.6666666666666666,2024-02-05,laslegumbres
Harry Potter and the Goblet of Fire,2005.0,0.7777777777777778,2024-02-05,laslegumbres
Harry Potter and the Order of the Phoenix,2007.0,0.6666666666666666,2024-02-05,laslegumbres
Harry Potter and the Half-Blood Prince,2009.0,0.7777777777777778,2024-02-05,laslegumbres
Harry Potter and the Deathly Hallows: Part 1,2010.0,0.6666666666666666,2024-02-05,laslegumbres
Harry Potter and the Deathly Hallows: Part 2,2011.0,1.0,2024-02-05,laslegumbres
Harry Potter 20th Anniversary: Return to Hogwarts,2022.0,0.5555555555555556,2024-02-05,laslegumbres
A Quiet Place,2018.0,0.4444444444444444,2024-02-05,laslegumbres
Back to the Future,1985.0,0.7777777777777778,2024-02-05,laslegumbres
Matilda,1996.0,1.0,2024-02-05,laslegumbres
Jumanji,1995.0,0.6666666666666666,2024-02-05,laslegumbres
The Parent Trap,1998.0,0.6666666666666666,2024-02-05,laslegumbres
A Bug's Life,1998.0,0.3333333333333333,2024-02-05,laslegumbres
How the Grinch Stole Christmas,2000.0,0.8888888888888888,2024-02-05,laslegumbres
The Princess Diaries,2001.0,0.5555555555555556,2024-02-05,laslegumbres
Ice Age,2002.0,0.1111111111111111,2024-02-05,laslegumbres
Lilo & Stitch,2002.0,0.6666666666666666,2024-02-05,laslegumbres
Cars,2006.0,0.3333333333333333,2024-02-05,laslegumbres
Cloudy with a Chance of Meatballs,2009.0,0.8888888888888888,2024-02-05,laslegumbres
Despicable Me,2010.0,0.6666666666666666,2024-02-05,laslegumbres
Monsters University,2013.0,0.6666666666666666,2024-02-05,laslegumbres
Sausage Party,2016.0,0.1111111111111111,2024-02-05,laslegumbres
Coco,2017.0,0.4444444444444444,2024-02-05,laslegumbres
Mortadelo & Filemon: Mission Implausible,2014.0,1.0,2024-02-05,laslegumbres
The Lego Movie,2014.0,0.5555555555555556,2024-02-05,laslegumbres
The Croods,2013.0,0.5555555555555556,2024-02-05,laslegumbres
The Adventures of Tintin,2011.0,0.6666666666666666,2024-02-05,laslegumbres
Chicken Little,2005.0,0.5555555555555556,2024-02-05,laslegumbres
"history of the entire world, i guess",2017.0,1.0,2024-02-05,laslegumbres
Voices & Visions: Emily Dickinson,1988.0,0.7777777777777778,2024-02-05,laslegumbres
A Human Position,2022.0,0.6666666666666666,2024-02-06,laslegumbres
Adventures in Babysitting,2016.0,0.3333333333333333,2024-02-06,laslegumbres
National Theatre Live: Fleabag,2019.0,1.0,2024-02-06,laslegumbres
The Astronomer's Dream,1898.0,0.5555555555555556,2024-02-06,laslegumbres
Portrait of a Lazy Woman,1986.0,0.5555555555555556,2024-02-06,laslegumbres
The Strange Thing About the Johnsons,2011.0,0.3333333333333333,2024-02-06,laslegumbres
Alice in Wonderland,1903.0,0.6666666666666666,2024-02-06,laslegumbres
Borat: Cultural Learnings of America for Make Benefit Glorious Nation of Kazakhstan,2006.0,0.7777777777777778,2024-02-08,laslegumbres
Un Domingo,,0.6666666666666666,2024-02-09,laslegumbres
Triangle of Sadness,2022.0,0.5555555555555556,2024-02-10,laslegumbres
My Life as a Zucchini,2016.0,0.8888888888888888,2024-02-11,laslegumbres
In the Time It Takes to Get There,2019.0,0.4444444444444444,2024-02-11,laslegumbres
Pauline,2009.0,0.8888888888888888,2024-02-11,laslegumbres
Turning Red,2022.0,0.7777777777777778,2024-02-14,laslegumbres
Water Lilies,2007.0,0.7777777777777778,2024-02-15,laslegumbres
Welcome to the Dollhouse,1995.0,0.5555555555555556,2024-02-16,laslegumbres
All of Us Strangers,2023.0,0.8888888888888888,2024-02-17,laslegumbres
News from Home,1976.0,0.7777777777777778,2024-02-17,laslegumbres
Un Chien Andalou,1929.0,0.5555555555555556,2024-02-17,laslegumbres
Era yo,2020.0,0.2222222222222222,2024-02-21,laslegumbres
Jennifer's Body,2009.0,0.6666666666666666,2024-02-23,laslegumbres
Rebel Without a Cause,1955.0,0.5555555555555556,2024-02-25,laslegumbres
La Jetée,1962.0,0.8888888888888888,2024-02-25,laslegumbres
Priscilla,2023.0,0.7777777777777778,2024-02-29,laslegumbres
Hereditary,2018.0,0.7777777777777778,2024-03-03,laslegumbres
Gummo,1997.0,0.5555555555555556,2024-03-03,laslegumbres
The Devil Wears Prada,2006.0,0.3333333333333333,2024-03-03,laslegumbres
Persona,1966.0,0.8888888888888888,2024-03-04,laslegumbres
You Are Not Alone: Fighting the Wolf Pack,2024.0,1.0,2024-03-07,laslegumbres
Dead Poets Society,1989.0,1.0,2024-03-10,laslegumbres
Whiplash,2014.0,0.5555555555555556,2024-03-10,laslegumbres
La Haine,1995.0,0.7777777777777778,2024-03-10,laslegumbres
The Wonderful Story of Henry Sugar,2023.0,0.6666666666666666,2024-03-12,laslegumbres
My Neighbor Totoro,1988.0,1.0,2024-03-12,laslegumbres
The Five Devils,2022.0,0.5555555555555556,2024-03-15,laslegumbres
Thelma & Louise,1991.0,0.7777777777777778,2024-03-15,laslegumbres
Heart Shot,2022.0,0.1111111111111111,2024-03-15,laslegumbres
The Truman Show,1998.0,0.8888888888888888,2024-03-16,laslegumbres
Anastasia,1997.0,0.6666666666666666,2024-03-17,laslegumbres
Aladdin,2019.0,0.7777777777777778,2024-03-17,laslegumbres
Pocahontas,1995.0,0.3333333333333333,2024-03-17,laslegumbres
The Princess and the Frog,2009.0,0.7777777777777778,2024-03-17,laslegumbres
The Package,2018.0,0.1111111111111111,2024-03-19,laslegumbres
The Odds of Recovery,2002.0,1.0,2024-03-22,laslegumbres
Drive-Away Dolls,2024.0,0.6666666666666666,2024-03-24,laslegumbres
Love Lies Bleeding,2024.0,0.8888888888888888,2024-03-24,laslegumbres
Lovesong,2016.0,0.7777777777777778,2024-03-24,laslegumbres
Mary Poppins,1964.0,0.7777777777777778,2024-03-24,laslegumbres
Alice in Wonderland,1951.0,0.6666666666666666,2024-03-24,laslegumbres
La La Land,2016.0,0.8888888888888888,2024-03-24,laslegumbres
Carrie,1976.0,0.7777777777777778,2024-03-25,laslegumbres
Folklore: The Long Pond Studio Sessions,2020.0,0.5555555555555556,2024-03-25,laslegumbres
The Kissing Booth 2,2020.0,0.0,2024-03-25,laslegumbres
The Grinch,2018.0,0.7777777777777778,2024-03-25,laslegumbres
The Angry Birds Movie,2016.0,0.3333333333333333,2024-03-25,laslegumbres
Alvin and the Chipmunks: The Road Chip,2015.0,0.1111111111111111,2024-03-25,laslegumbres
The Good Dinosaur,2015.0,0.5555555555555556,2024-03-25,laslegumbres
The Lego Batman Movie,2017.0,0.5555555555555556,2024-03-25,laslegumbres
Happy Death Day,2017.0,0.3333333333333333,2024-03-25,laslegumbres
Zip & Zap and the Captain's Island,2016.0,0.7777777777777778,2024-03-25,laslegumbres
White Chicks,2004.0,0.5555555555555556,2024-03-25,laslegumbres
Antz,1998.0,0.3333333333333333,2024-03-25,laslegumbres
Alvin and the Chipmunks,2007.0,0.7777777777777778,2024-03-25,laslegumbres
Pinocchio,1940.0,0.6666666666666666,2024-03-25,laslegumbres
Toy Story 3,2010.0,0.7777777777777778,2024-03-25,laslegumbres
27 Minutes,2019.0,0.5555555555555556,2024-03-25,laslegumbres
Crocodile,2019.0,0.7777777777777778,2024-03-25,laslegumbres
The Wolf House,2018.0,0.8888888888888888,2024-03-26,laslegumbres
Champions,2018.0,0.4444444444444444,2024-03-26,laslegumbres
Jurassic Park,1993.0,0.7777777777777778,2024-03-26,laslegumbres
Rocky,1976.0,0.4444444444444444,2024-03-26,laslegumbres
Jojo Rabbit,2019.0,0.8888888888888888,2024-03-27,laslegumbres
Anima,2019.0,1.0,2024-03-28,laslegumbres
Unorthodox,2020.0,0.6666666666666666,2024-03-28,laslegumbres
Veneno,2020.0,1.0,2024-03-28,laslegumbres
Three Identical Strangers,2018.0,0.7777777777777778,2024-03-29,laslegumbres
Cradle Swapping,2017.0,0.0,2024-03-29,laslegumbres
Little Shop of Horrors,1986.0,0.7777777777777778,2024-03-29,laslegumbres
Euphoria: F*ck Anyone Who’s Not a Sea Blob,2021.0,1.0,2024-03-30,laslegumbres
Euphoria: Trouble Don't Last Always,2020.0,0.8888888888888888,2024-03-30,laslegumbres
Beetlejuice,1988.0,0.8888888888888888,2024-03-31,laslegumbres
Double Date,2020.0,0.7777777777777778,2024-04-01,laslegumbres
Scrapper,2023.0,0.8888888888888888,2024-04-01,laslegumbres
Lost in Translation,2003.0,0.4444444444444444,2024-04-02,laslegumbres
Aftersun,2022.0,0.8888888888888888,2024-04-02,laslegumbres
Close,2022.0,1.0,2024-04-04,laslegumbres
Fábula del escorpión y la rana,2024.0,0.7777777777777778,2024-04-08,laslegumbres
A Summer's Tale,1996.0,0.5555555555555556,2024-04-14,laslegumbres
Best Man,2014.0,0.3333333333333333,2024-04-17,laslegumbres
Yes to Everything,2016.0,0.7777777777777778,2024-04-17,laslegumbres
I wish...,2018.0,0.5555555555555556,2024-04-17,laslegumbres
In a Heartbeat,2017.0,0.8888888888888888,2024-04-17,laslegumbres
Revés,2019.0,0.6666666666666666,2024-04-17,laslegumbres
A Toothful Smile,1957.0,0.2222222222222222,2024-04-17,laslegumbres
The Boy in the Striped Pyjamas,2008.0,0.6666666666666666,2024-04-18,laslegumbres
Lesvia,2024.0,0.7777777777777778,2024-04-27,laslegumbres
Nobody Will Love a Monster,2023.0,0.5555555555555556,2024-04-27,laslegumbres
Midnight on MSN,2023.0,0.8888888888888888,2024-04-27,laslegumbres
Hamilton,2020.0,1.0,2024-04-28,laslegumbres
Peter Pan,1953.0,0.7777777777777778,2024-04-29,laslegumbres
Tell It to the Bees,2018.0,0.6666666666666666,2024-05-02,laslegumbres
Lucy,2014.0,0.3333333333333333,2024-05-04,laslegumbres
The Garfield Movie,2024.0,0.7777777777777778,2024-05-05,laslegumbres
The Man with the Answers,2021.0,0.7777777777777778,2024-05-07,laslegumbres
Even Though It's Night,2023.0,0.8888888888888888,2024-05-08,laslegumbres
"Don't Jump the Line, Girl!",2007.0,0.7777777777777778,2024-05-10,laslegumbres
Float,2019.0,0.7777777777777778,2024-05-20,laslegumbres
Happy Feet,2006.0,0.5555555555555556,2024-05-21,laslegumbres
Taylor Swift: The Eras Tour,2023.0,1.0,2024-05-30,laslegumbres
Little Fish,2020.0,0.8888888888888888,2024-06-03,laslegumbres
Disobedience,2017.0,0.7777777777777778,2024-06-03,laslegumbres
Robot Dreams,2023.0,1.0,2024-06-04,laslegumbres
Estoy bien,2018.0,0.5555555555555556,2024-06-05,laslegumbres
How to Have Sex,2023.0,0.8888888888888888,2024-06-06,laslegumbres
The Skin I Live In,2011.0,0.6666666666666666,2024-06-06,laslegumbres
Marcel the Shell with Shoes On,2010.0,1.0,2024-06-06,laslegumbres
"Marcel the Shell with Shoes On, Two",2011.0,1.0,2024-06-06,laslegumbres
"Marcel the Shell with Shoes On, Three",2014.0,1.0,2024-06-06,laslegumbres
Kids,1995.0,0.7777777777777778,2024-06-08,laslegumbres
Samuel,2024.0,1.0,2024-06-10,laslegumbres
Am I OK?,2022.0,0.5555555555555556,2024-06-10,laslegumbres
Requiem for a Dream,2000.0,0.8888888888888888,2024-06-11,laslegumbres
10 Things I Hate About You,1999.0,0.7777777777777778,2024-06-11,laslegumbres
Spirited Away,2001.0,1.0,2024-06-11,laslegumbres
Five Feet Apart,2019.0,0.6666666666666666,2024-06-11,laslegumbres
Z-O-M-B-I-E-S,2018.0,0.2222222222222222,2024-06-11,laslegumbres
Secret of the Wings,2012.0,0.6666666666666666,2024-06-11,laslegumbres
The Dictator,2012.0,0.1111111111111111,2024-06-11,laslegumbres
Cars 2,2011.0,0.3333333333333333,2024-06-11,laslegumbres
Diary of a Wimpy Kid: Rodrick Rules,2011.0,0.5555555555555556,2024-06-11,laslegumbres
Beverly Hills Chihuahua 2,2011.0,0.3333333333333333,2024-06-11,laslegumbres
Megamind,2010.0,0.4444444444444444,2024-06-11,laslegumbres
16 Wishes,2010.0,0.5555555555555556,2024-06-11,laslegumbres
"The Chronicles of Narnia: The Lion, the Witch and the Wardrobe",2005.0,0.4444444444444444,2024-06-11,laslegumbres
Tome of the Unknown,2013.0,0.7777777777777778,2024-06-11,laslegumbres
Swarm,2023.0,0.7777777777777778,2024-06-11,laslegumbres
K-12,2019.0,0.5555555555555556,2024-06-11,laslegumbres
Hoodwinked Too! Hood VS. Evil,2011.0,0.1111111111111111,2024-06-11,laslegumbres
Princess Protection Program,2009.0,0.4444444444444444,2024-06-11,laslegumbres
The Chorus,2004.0,0.7777777777777778,2024-06-11,laslegumbres
"Girl, Interrupted",1999.0,0.8888888888888888,2024-06-11,laslegumbres
Black Mirror: The National Anthem,2011.0,0.7777777777777778,2024-06-11,laslegumbres
Black Mirror: Fifteen Million Merits,2011.0,0.6666666666666666,2024-06-11,laslegumbres
Black Mirror: The Entire History of You,2011.0,0.7777777777777778,2024-06-12,laslegumbres
OPAL,2020.0,1.0,2024-06-12,laslegumbres
Girl Blunt,2023.0,0.7777777777777778,2024-06-12,laslegumbres
Black Mirror: Be Right Back,2013.0,0.5555555555555556,2024-06-12,laslegumbres
Bound,1996.0,0.7777777777777778,2024-06-17,laslegumbres
The Little Prince,2015.0,1.0,2024-06-17,laslegumbres
Inside Out 2,2024.0,0.8888888888888888,2024-06-18,laslegumbres
Hotel Transylvania,2012.0,0.7777777777777778,2024-06-18,laslegumbres
Robots,2005.0,0.5555555555555556,2024-06-18,laslegumbres
Raising Voices,2024.0,0.2222222222222222,2024-06-19,laslegumbres
Bones and All,2022.0,0.7777777777777778,2024-06-19,laslegumbres
The Girls at the Back,2022.0,1.0,2024-06-19,laslegumbres
The Secret Life of Pets,2016.0,0.5555555555555556,2024-06-19,laslegumbres
Trolls,2016.0,0.3333333333333333,2024-06-19,laslegumbres
The Intouchables,2011.0,0.5555555555555556,2024-06-19,laslegumbres
Superlopez,2018.0,0.1111111111111111,2024-06-19,laslegumbres
Poison,2023.0,0.7777777777777778,2024-06-19,laslegumbres
Rose Island,2020.0,0.3333333333333333,2024-06-19,laslegumbres
Emma.,2020.0,0.6666666666666666,2024-06-21,laslegumbres
Dogtooth,2009.0,0.5555555555555556,2024-06-22,laslegumbres
Happier Than Ever: A Love Letter to Los Angeles,2021.0,0.8888888888888888,2024-06-22,laslegumbres
Billie Eilish: Live at the O2 (Extended Cut),2023.0,1.0,2024-06-22,laslegumbres
One World: Together at Home,2020.0,1.0,2024-06-22,laslegumbres
When Billie Met Lisa,2022.0,0.4444444444444444,2024-06-22,laslegumbres
Suicide Squad,2016.0,0.4444444444444444,2024-06-23,laslegumbres
Men in Black,1997.0,0.7777777777777778,2024-06-23,laslegumbres
Planet 51,2009.0,0.1111111111111111,2024-06-23,laslegumbres
Zombieland,2009.0,0.3333333333333333,2024-06-23,laslegumbres
Kung Fu Panda,2008.0,0.7777777777777778,2024-06-23,laslegumbres
Enchanted,2007.0,0.1111111111111111,2024-06-23,laslegumbres
Meet the Robinsons,2007.0,0.7777777777777778,2024-06-23,laslegumbres
Hoodwinked!,2005.0,0.1111111111111111,2024-06-23,laslegumbres
My Big Fat Greek Wedding,2002.0,0.4444444444444444,2024-06-23,laslegumbres
For the Birds,2000.0,0.6666666666666666,2024-06-23,laslegumbres
Stuart Little,1999.0,0.7777777777777778,2024-06-23,laslegumbres
Tarzan,1999.0,0.3333333333333333,2024-06-23,laslegumbres
Knick Knack,1989.0,0.0,2024-06-23,laslegumbres
Batman,1989.0,0.7777777777777778,2024-06-23,laslegumbres
Don't Hug Me I'm Scared,2011.0,0.8888888888888888,2024-06-23,laslegumbres
Don't Hug Me I'm Scared 2,2014.0,0.7777777777777778,2024-06-23,laslegumbres
Don't Hug Me I'm Scared 3,2014.0,0.4444444444444444,2024-06-23,laslegumbres
Don't Hug Me I'm Scared 4,2015.0,0.7777777777777778,2024-06-23,laslegumbres
Don't Hug Me I'm Scared 5,2015.0,0.7777777777777778,2024-06-23,laslegumbres
Don't Hug Me I'm Scared 6,2016.0,1.0,2024-06-23,laslegumbres
Space Jam,1996.0,0.7777777777777778,2024-06-23,laslegumbres
Abominable,2019.0,0.6666666666666666,2024-06-23,laslegumbres
Dumbo,2019.0,0.8888888888888888,2024-06-23,laslegumbres
Heroes Wanted,2016.0,0.1111111111111111,2024-06-23,laslegumbres
Hotel Transylvania 2,2015.0,0.7777777777777778,2024-06-23,laslegumbres
Jurassic World,2015.0,0.3333333333333333,2024-06-23,laslegumbres
Tomorrowland,2015.0,0.5555555555555556,2024-06-23,laslegumbres
Frozen Fever,2015.0,0.3333333333333333,2024-06-23,laslegumbres
Maleficent,2014.0,0.7777777777777778,2024-06-23,laslegumbres
Strings,2013.0,0.8888888888888888,2024-06-23,laslegumbres
Planes,2013.0,0.1111111111111111,2024-06-23,laslegumbres
Hop,2011.0,0.3333333333333333,2024-06-23,laslegumbres
El Bola,2000.0,0.8888888888888888,2024-06-24,laslegumbres
Manolito Four Eyes,1999.0,1.0,2024-06-25,laslegumbres
This World Can't Tear Me Down,2023.0,0.8888888888888888,2024-06-25,laslegumbres
The Queen's Gambit,2020.0,1.0,2024-06-27,laslegumbres
Creating The Queen's Gambit,2021.0,0.7777777777777778,2024-06-27,laslegumbres
Baby Reindeer,2024.0,0.8888888888888888,2024-06-30,laslegumbres
Un largo viaje,2023.0,0.5555555555555556,2024-07-01,laslegumbres
Elisa & Marcela,2019.0,1.0,2024-07-04,laslegumbres
WALL·E,2008.0,0.7777777777777778,2024-07-05,laslegumbres
The Rocky Horror Picture Show,1975.0,0.8888888888888888,2024-07-08,laslegumbres
Logorama,2009.0,0.6666666666666666,2024-07-08,laslegumbres
Araan,2015.0,0.5555555555555556,2024-07-08,laslegumbres
If Anything Happens I Love You,2020.0,0.6666666666666666,2024-07-09,laslegumbres
The Fallout,2021.0,0.7777777777777778,2024-07-09,laslegumbres
The Whale,2022.0,0.7777777777777778,2024-07-09,laslegumbres
Pencil Face,2008.0,0.7777777777777778,2024-07-10,laslegumbres
Nuggets,2014.0,0.3333333333333333,2024-07-10,laslegumbres
The Rat Catcher,2023.0,0.6666666666666666,2024-07-11,laslegumbres
The Wonderful Story of Henry Sugar and Three More,2024.0,0.7777777777777778,2024-07-11,laslegumbres
"The Boy, the Mole, the Fox and the Horse",2022.0,1.0,2024-07-12,laslegumbres
The House,2022.0,0.5555555555555556,2024-07-13,laslegumbres
The Platform,2019.0,0.6666666666666666,2024-07-14,laslegumbres
Cinema Paradiso,1988.0,0.8888888888888888,2024-07-15,laslegumbres
Joker,2019.0,0.6666666666666666,2024-07-16,laslegumbres
Carrie,2013.0,0.1111111111111111,2024-07-16,laslegumbres
The Wolf of Wall Street,2013.0,0.8888888888888888,2024-07-16,laslegumbres
Shrek,2001.0,0.7777777777777778,2024-07-17,laslegumbres
Shrek 2,2004.0,1.0,2024-07-18,laslegumbres
Argentina 1985,2022.0,1.0,2024-07-18,laslegumbres
Ballerina,2016.0,0.6666666666666666,2024-07-18,laslegumbres
Capture the Flag,2015.0,0.1111111111111111,2024-07-18,laslegumbres
Under the Same Roof,2019.0,0.1111111111111111,2024-07-18,laslegumbres
Father There Is Only One,2019.0,0.5555555555555556,2024-07-18,laslegumbres
Three Steps Above Heaven,2010.0,0.3333333333333333,2024-07-18,laslegumbres
I Want You,2012.0,0.1111111111111111,2024-07-19,laslegumbres
Palm Trees in the Snow,2015.0,0.0,2024-07-20,laslegumbres
Baaa,2011.0,1.0,2024-07-20,laslegumbres
The Adventures of André and Wally B.,1984.0,0.5555555555555556,2024-07-20,laslegumbres
Cows & Cows & Cows,2010.0,1.0,2024-07-20,laslegumbres
Day & Night,2010.0,0.6666666666666666,2024-07-20,laslegumbres
La luna,2011.0,0.7777777777777778,2024-07-20,laslegumbres
The Backrooms (Found Footage),2022.0,0.6666666666666666,2024-07-20,laslegumbres
Suspiria,2018.0,0.7777777777777778,2024-07-21,laslegumbres
"Yes, God, Yes",2019.0,0.5555555555555556,2024-07-21,laslegumbres
"Yes, God, Yes",2017.0,0.4444444444444444,2024-07-21,laslegumbres
Mamma Mia! Here We Go Again,2018.0,0.7777777777777778,2024-07-21,laslegumbres
Titanic,1997.0,0.7777777777777778,2024-07-21,laslegumbres
Cast Away,2000.0,0.7777777777777778,2024-07-21,laslegumbres
Castaway,2020.0,0.4444444444444444,2024-07-21,laslegumbres
The Polar Express,2004.0,0.6666666666666666,2024-07-22,laslegumbres
Little Women,2019.0,0.7777777777777778,2024-07-22,laslegumbres
Carmen & Lola,2018.0,0.8888888888888888,2024-07-22,laslegumbres
Hidden Figures,2016.0,0.8888888888888888,2024-07-22,laslegumbres
[REC],2007.0,0.8888888888888888,2024-07-22,laslegumbres
"I, 'The Heifer'",1985.0,0.5555555555555556,2024-07-22,laslegumbres
Fractured,2019.0,0.8888888888888888,2024-07-23,laslegumbres
Princesses,2005.0,0.7777777777777778,2024-07-23,laslegumbres
HORNY,2024.0,0.4444444444444444,2024-07-23,laslegumbres
Eyelash,2023.0,0.7777777777777778,2024-07-23,laslegumbres
The Sea Inside,2004.0,0.7777777777777778,2024-07-27,laslegumbres
Perfect Strangers,2017.0,0.5555555555555556,2024-07-27,laslegumbres
Roma,2018.0,1.0,2024-07-27,laslegumbres
Boyhood,2014.0,0.8888888888888888,2024-07-27,laslegumbres
Seventeen,2019.0,1.0,2024-07-28,laslegumbres
Live Is Life,2021.0,0.5555555555555556,2024-07-28,laslegumbres
The Purge,2013.0,0.3333333333333333,2024-07-28,laslegumbres
"Love, Simon",2018.0,0.5555555555555556,2024-07-30,laslegumbres
Deadpool,2016.0,0.8888888888888888,2024-07-31,laslegumbres
Who's Hungry?,2009.0,0.6666666666666666,2024-07-31,laslegumbres
Deadpool 2,2018.0,0.7777777777777778,2024-08-01,laslegumbres
Thesis,1996.0,0.7777777777777778,2024-08-01,laslegumbres
Riley's First Date?,2015.0,0.5555555555555556,2024-08-04,laslegumbres
The Hoist,2018.0,0.6666666666666666,2024-08-04,laslegumbres
Too Many Cooks,2014.0,0.8888888888888888,2024-08-04,laslegumbres
Spider-Man: Into the Spider-Verse,2018.0,1.0,2024-08-06,laslegumbres
Lightyear,2022.0,0.6666666666666666,2024-08-06,laslegumbres
Marriage Story,2019.0,0.7777777777777778,2024-08-06,laslegumbres
Oppenheimer,2023.0,0.8888888888888888,2024-08-06,laslegumbres
Grown Ups,2010.0,0.6666666666666666,2024-08-06,laslegumbres
Aladdin,1992.0,0.5555555555555556,2024-08-06,laslegumbres
The Sick Kitten,1903.0,0.6666666666666666,2024-08-06,laslegumbres
The Four Troublesome Heads,1898.0,0.6666666666666666,2024-08-06,laslegumbres
Kellys,2022.0,0.7777777777777778,2024-08-06,laslegumbres
Pipas,2013.0,0.6666666666666666,2024-08-06,laslegumbres
The Man with the Rubber Head,1901.0,0.6666666666666666,2024-08-06,laslegumbres
Cat City,2017.0,0.7777777777777778,2024-08-06,laslegumbres
There's a Man in the Woods,2014.0,0.6666666666666666,2024-08-06,laslegumbres
Puparia,2020.0,0.8888888888888888,2024-08-06,laslegumbres
Mothlight,1963.0,0.7777777777777778,2024-08-06,laslegumbres
Geri's Game,1997.0,0.6666666666666666,2024-08-06,laslegumbres
The Skeleton Dance,1929.0,0.6666666666666666,2024-08-06,laslegumbres
Pedestrian Love,1914.0,0.4444444444444444,2024-08-06,laslegumbres
Borat Subsequent Moviefilm: Delivery of Prodigious Bribe to American Regime for Make Benefit Once Glorious Nation of Kazakhstan,2020.0,0.7777777777777778,2024-08-07,laslegumbres
The Swan,2023.0,0.6666666666666666,2024-08-07,laslegumbres
Butterfly,1999.0,0.7777777777777778,2024-08-07,laslegumbres
Deadpool & Wolverine,2024.0,0.6666666666666666,2024-08-10,laslegumbres
Blue Moon Angels,2024.0,0.8888888888888888,2024-08-12,laslegumbres
Out in the Open,2019.0,0.7777777777777778,2024-08-13,laslegumbres
Fried Green Tomatoes,1991.0,0.7777777777777778,2024-08-14,laslegumbres
Midnight in Paris,2011.0,0.6666666666666666,2024-08-14,laslegumbres
Spider-Man: Across the Spider-Verse,2023.0,1.0,2024-08-15,laslegumbres
NANA,2006.0,1.0,2024-08-18,laslegumbres
Lullaby,2022.0,0.7777777777777778,2024-08-19,laslegumbres
High School Musical,2006.0,0.7777777777777778,2024-08-21,laslegumbres
Descendants,2015.0,0.8888888888888888,2024-08-21,laslegumbres
Nineteen on Fire,2021.0,0.3333333333333333,2024-08-21,laslegumbres
Descendants 2,2017.0,1.0,2024-08-22,laslegumbres
Normal People,2020.0,0.4444444444444444,2024-08-22,laslegumbres
The NeverEnding Story,1984.0,0.6666666666666666,2024-08-24,laslegumbres
The Emoji Movie,2017.0,1.0,2024-08-26,laslegumbres
Descendants 3,2019.0,0.7777777777777778,2024-08-27,laslegumbres
Descendants: The Rise of Red,2024.0,0.2222222222222222,2024-08-27,laslegumbres
Annie,2014.0,0.6666666666666666,2024-08-27,laslegumbres
Madagascar,2005.0,0.7777777777777778,2024-08-27,laslegumbres
The Consequences of Feminism,1906.0,1.0,2024-08-27,laslegumbres
Beauty and the Beast,2017.0,0.7777777777777778,2024-08-31,laslegumbres
Babylon,2022.0,0.8888888888888888,2024-09-01,laslegumbres
Get Out,2017.0,0.8888888888888888,2024-09-01,laslegumbres
Birds of Prey (and the Fantabulous Emancipation of One Harley Quinn),2020.0,0.7777777777777778,2024-09-01,laslegumbres
The Suicide Squad,2021.0,0.7777777777777778,2024-09-01,laslegumbres
Bodies Bodies Bodies,2022.0,0.6666666666666666,2024-09-02,laslegumbres
To Kill a Child,1953.0,1.0,2024-09-02,laslegumbres
X,2022.0,0.8888888888888888,2024-09-02,laslegumbres
Guillermo del Toro's Pinocchio,2022.0,1.0,2024-09-03,laslegumbres
Guillermo del Toro's Pinocchio: Handcarved Cinema,2022.0,0.7777777777777778,2024-09-03,laslegumbres
The Mask,1994.0,0.6666666666666666,2024-09-04,laslegumbres
Incredibles 2,2018.0,0.5555555555555556,2024-09-04,laslegumbres
Hotel Transylvania 3: Summer Vacation,2018.0,0.1111111111111111,2024-09-04,laslegumbres
Smurfs: The Lost Village,2017.0,0.7777777777777778,2024-09-04,laslegumbres
Despicable Me 2,2013.0,0.6666666666666666,2024-09-04,laslegumbres
Voodont,2017.0,0.7777777777777778,2024-09-04,laslegumbres
La Primera Vigilia,2023.0,1.0,2024-09-04,laslegumbres
The Bewitched House,1907.0,0.5555555555555556,2024-09-04,laslegumbres
The Karate Kid,1984.0,0.7777777777777778,2024-09-05,laslegumbres
Nadie puede ser tan malo haciendo café,2018.0,0.5555555555555556,2024-09-06,laslegumbres
Stranger,,1.0,2024-09-06,laslegumbres
Strange Way of Life,2023.0,0.5555555555555556,2024-09-08,laslegumbres
MaXXXine,2024.0,0.5555555555555556,2024-09-08,laslegumbres
Carol & the End of the World,2023.0,0.8888888888888888,2024-09-09,laslegumbres
Under the Sea: A Descendants Story,2018.0,0.0,2024-09-23,laslegumbres
Kinds of Kindness,2024.0,0.3333333333333333,2024-09-26,laslegumbres
Forky Asks a Question: What Is Reading?,2020.0,0.6666666666666666,2024-09-26,laslegumbres
Forky Asks a Question: What Is Money?,2019.0,0.6666666666666666,2024-09-26,laslegumbres
Forky Asks a Question: What Is a Friend?,2019.0,0.6666666666666666,2024-09-26,laslegumbres
Forky Asks a Question: What Is Art?,2019.0,0.5555555555555556,2024-09-26,laslegumbres
Forky Asks a Question: What Is Cheese?,2020.0,0.7777777777777778,2024-09-26,laslegumbres
Forky Asks a Question: What Is Love?,2019.0,0.7777777777777778,2024-09-26,laslegumbres
Forky Asks a Question: What Is a Computer?,2019.0,0.3333333333333333,2024-09-26,laslegumbres
Forky Asks a Question: What Is a Leader?,2019.0,0.3333333333333333,2024-09-26,laslegumbres
Forky Asks a Question: What Is a Pet?,2019.0,0.3333333333333333,2024-09-26,laslegumbres
Forky Asks a Question: What Is Time?,2019.0,0.5555555555555556,2024-09-26,laslegumbres
Carl's Date,2023.0,0.6666666666666666,2024-09-26,laslegumbres
Pain and Glory,2019.0,1.0,2024-09-29,laslegumbres
An American Girl: Grace Stirs Up Success,2015.0,1.0,2024-09-30,laslegumbres
An American Girl: McKenna Shoots for the Stars,2012.0,0.6666666666666666,2024-09-30,laslegumbres
Law of Desire,1987.0,0.6666666666666666,2024-09-30,laslegumbres
The Midnight Gospel,2020.0,1.0,2024-10-08,laslegumbres
What Have I Done to Deserve This?,1984.0,0.5555555555555556,2024-10-09,laslegumbres
Salomé,1978.0,0.6666666666666666,2024-10-09,laslegumbres
The Platform 2,2024.0,0.2222222222222222,2024-10-10,laslegumbres
The Substance,2024.0,1.0,2024-10-11,laslegumbres
It's a Sin,2021.0,0.8888888888888888,2024-10-12,laslegumbres
Rocketman,2019.0,0.7777777777777778,2024-10-13,laslegumbres
22 vs. Earth,2021.0,0.5555555555555556,2024-10-14,laslegumbres
Snatches: Moments from Women's Lives,2018.0,1.0,2024-10-15,laslegumbres
Rio,2011.0,0.6666666666666666,2024-10-16,laslegumbres
The Godfather,1972.0,0.5555555555555556,2024-10-17,laslegumbres
Twilight,2008.0,0.4444444444444444,2024-10-18,laslegumbres
Juno,2007.0,0.7777777777777778,2024-10-18,laslegumbres
Beetlejuice Beetlejuice,2024.0,0.5555555555555556,2024-10-18,laslegumbres
I Used to Be Funny,2023.0,0.7777777777777778,2024-10-18,laslegumbres
The Twilight Saga: New Moon,2009.0,0.3333333333333333,2024-10-19,laslegumbres
Submarine,2010.0,0.6666666666666666,2024-10-19,laslegumbres
Three Little Pigs,1933.0,0.8888888888888888,2024-10-19,laslegumbres
Destino,2003.0,0.5555555555555556,2024-10-19,laslegumbres
Tangled,2010.0,0.7777777777777778,2024-10-21,laslegumbres
Tangled Ever After,2012.0,0.3333333333333333,2024-10-21,laslegumbres
Glass Onion,2022.0,0.8888888888888888,2024-10-23,laslegumbres
Butterfly Wings,1991.0,1.0,2024-10-24,laslegumbres
Late Night with the Devil,2023.0,0.3333333333333333,2024-10-27,laslegumbres
The Menu,2022.0,0.6666666666666666,2024-10-27,laslegumbres
Zapped,2014.0,0.3333333333333333,2024-10-27,laslegumbres
Novitiate,2017.0,1.0,2024-10-28,laslegumbres
The Favourite,2018.0,0.6666666666666666,2024-10-30,laslegumbres
Ready or Not,2019.0,0.7777777777777778,2024-10-30,laslegumbres
Summer 1993,2017.0,0.7777777777777778,2024-10-31,laslegumbres
Elemental,2023.0,0.8888888888888888,2024-11-04,laslegumbres
Encanto,2021.0,0.7777777777777778,2024-11-04,laslegumbres
Us Again,2021.0,0.5555555555555556,2024-11-04,laslegumbres
Luca,2021.0,0.6666666666666666,2024-11-05,laslegumbres
Ciao Alberto,2021.0,0.7777777777777778,2024-11-05,laslegumbres
7 Virgins,2005.0,0.5555555555555556,2024-11-06,laslegumbres
Anora,2024.0,0.7777777777777778,2024-11-08,laslegumbres
Avatar,2009.0,0.8888888888888888,2024-11-09,laslegumbres
Fall Risk,2024.0,0.5555555555555556,2024-11-11,laslegumbres
What Does Despondent Mean?,2015.0,0.3333333333333333,2024-11-11,laslegumbres
Life of an American Fireman,1903.0,1.0,2024-11-11,laslegumbres
brothergirls.,2024.0,0.7777777777777778,2024-11-11,laslegumbres
Dressed in Blue,1983.0,0.8888888888888888,2024-11-15,laslegumbres
Dressed in Blue,2023.0,1.0,2024-11-15,laslegumbres
Pride,2014.0,0.8888888888888888,2024-11-18,laslegumbres
Piggy,2022.0,0.6666666666666666,2024-11-18,laslegumbres
The Days to Come,2019.0,0.8888888888888888,2024-11-18,laslegumbres
Las abogadas,2024.0,0.8888888888888888,2024-11-20,laslegumbres
Don't Open the Door,2024.0,1.0,2024-11-20,laslegumbres
Resistance Fighters – The Global Antibiotics Crisis,2019.0,0.3333333333333333,2024-11-21,laslegumbres
Carol,2015.0,0.7777777777777778,2024-11-25,laslegumbres
Sister Act,1992.0,0.8888888888888888,2024-11-28,laslegumbres
Sister Act 2: Back in the Habit,1993.0,0.7777777777777778,2024-11-30,laslegumbres
The Silence of the Lambs,1991.0,0.5555555555555556,2024-12-03,laslegumbres
Princess Mononoke,1997.0,0.8888888888888888,2024-12-08,laslegumbres
A Nonsense Christmas with Sabrina Carpenter,2024.0,0.6666666666666666,2024-12-09,laslegumbres
The Wizard of Oz,1939.0,0.7777777777777778,2024-12-10,laslegumbres
Wicked,2024.0,0.5555555555555556,2024-12-10,laslegumbres
Captain Fantastic,2016.0,0.6666666666666666,2024-12-20,laslegumbres
The Muppet Christmas Carol,1992.0,0.8888888888888888,2024-12-22,laslegumbres
The Beasts,2022.0,0.8888888888888888,2024-12-24,laslegumbres
The Boy and the Heron,2023.0,0.6666666666666666,2024-12-29,laslegumbres
Sicko,2007.0,0.7777777777777778,2024-12-29,laslegumbres
Nosferatu,1922.0,0.5555555555555556,2024-12-31,laslegumbres
Los 3 reyes magos,1976.0,0.4444444444444444,2024-12-31,laslegumbres
High Heels,1991.0,0.7777777777777778,2025-01-02,laslegumbres
Parallel Mothers,2021.0,0.7777777777777778,2025-01-03,laslegumbres
The Time in Between,2013.0,0.5555555555555556,2025-01-05,laslegumbres
Maid,2021.0,0.8888888888888888,2025-01-07,laslegumbres
High School Musical 2,2007.0,0.7777777777777778,2025-01-07,laslegumbres
Cunk on Earth,2022.0,0.7777777777777778,2025-01-08,laslegumbres
Conclave,2024.0,0.8888888888888888,2025-01-08,laslegumbres
Cunk on Life,2024.0,0.7777777777777778,2025-01-12,laslegumbres
Invisible,2024.0,0.7777777777777778,2025-01-15,laslegumbres
Kika,1993.0,0.3333333333333333,2025-01-16,laslegumbres
The Wind Rises,2013.0,0.1111111111111111,2025-01-19,laslegumbres
Yuki's Sun,1972.0,0.7777777777777778,2025-01-19,laslegumbres
When Marnie Was There,2014.0,0.7777777777777778,2025-01-20,laslegumbres
Interstellar,2014.0,1.0,2025-01-20,laslegumbres
An Evening with Dua Lipa,2024.0,0.8888888888888888,2025-01-21,laslegumbres
A Boy and His Atom,2013.0,1.0,2025-01-21,laslegumbres
Bad Education,2004.0,0.6666666666666666,2025-01-22,laslegumbres
City of God,2002.0,1.0,2025-01-23,laslegumbres
Nosferatu,2024.0,0.5555555555555556,2025-01-24,laslegumbres
A House on Fire,2024.0,0.7777777777777778,2025-01-24,laslegumbres
Wallace & Gromit: Vengeance Most Fowl,2024.0,0.8888888888888888,2025-01-29,laslegumbres
Dark Habits,1983.0,0.6666666666666666,2025-01-29,laslegumbres
Johanne Sacreblu,2025.0,1.0,2025-01-29,laslegumbres
Fly Me to the Moon,2024.0,0.6666666666666666,2025-01-30,laslegumbres
Blonde,2022.0,0.4444444444444444,2025-01-30,laslegumbres
Talk to Her,2002.0,0.4444444444444444,2025-01-30,laslegumbres
Green Book,2018.0,0.5555555555555556,2025-01-31,laslegumbres
Seen,2023.0,0.6666666666666666,2025-02-01,laslegumbres
Controller,2021.0,0.3333333333333333,2025-02-01,laslegumbres
Metamorphosis,2021.0,0.7777777777777778,2025-02-01,laslegumbres
Loop,2021.0,0.7777777777777778,2025-02-01,laslegumbres
Look Back,2024.0,0.7777777777777778,2025-02-02,laslegumbres
The Red Virgin,2024.0,0.6666666666666666,2025-02-05,laslegumbres
Love & Revolution,2023.0,0.7777777777777778,2025-02-09,laslegumbres
Anuja,2024.0,0.7777777777777778,2025-02-10,laslegumbres
Canvas,2020.0,0.5555555555555556,2025-02-10,laslegumbres
To the Bone,2017.0,0.3333333333333333,2025-02-11,laslegumbres
Black Mirror: White Bear,2013.0,0.4444444444444444,2025-02-12,laslegumbres
Black Mirror: The Waldo Moment,2013.0,0.3333333333333333,2025-02-16,laslegumbres
1971: The Year That Music Changed Everything,2021.0,0.6666666666666666,2025-02-18,laslegumbres
The Peanuts Movie,2015.0,0.7777777777777778,2025-02-18,laslegumbres
"Disco, Ibiza, Locomía",2024.0,0.5555555555555556,2025-02-19,laslegumbres
Amor y reseñas,2025.0,0.8888888888888888,2025-02-20,laslegumbres
Road to Roma,2020.0,0.7777777777777778,2025-02-22,laslegumbres
The Pianist,2002.0,0.8888888888888888,2025-02-23,laslegumbres
Gone Girl,2014.0,0.8888888888888888,2025-02-24,laslegumbres
The Shape of Water,2017.0,0.7777777777777778,2025-02-24,laslegumbres
Through My Window,2022.0,0.1111111111111111,2025-02-24,laslegumbres
Through My Window: Across the Sea,2023.0,0.3333333333333333,2025-02-25,laslegumbres
Through My Window 3: Looking at You,2024.0,0.0,2025-02-26,laslegumbres
Food and Shelter,2015.0,0.7777777777777778,2025-03-01,laslegumbres
Beautiful Boy,2018.0,0.7777777777777778,2025-03-02,laslegumbres
The Shining,1980.0,0.7777777777777778,2025-03-02,laslegumbres
A Clockwork Orange,1971.0,0.4444444444444444,2025-03-03,laslegumbres
Flow,2024.0,1.0,2025-03-06,laslegumbres
Companion,2025.0,0.4444444444444444,2025-03-07,laslegumbres
Thirteen,2003.0,0.7777777777777778,2025-03-07,laslegumbres
Lending My Wings,2020.0,0.5555555555555556,2025-03-07,laslegumbres
Blue Velvet,1986.0,0.6666666666666666,2025-03-09,laslegumbres
Death Karate in Torremolinos,2003.0,1.0,2025-03-11,laslegumbres
Cat Soup,2001.0,1.0,2025-03-11,laslegumbres
Moana 2,2024.0,0.4444444444444444,2025-03-12,laslegumbres
To(get)her,2024.0,0.7777777777777778,2025-03-17,laslegumbres
Perfect Blue,1997.0,0.8888888888888888,2025-03-19,laslegumbres
Dream Productions,2024.0,0.4444444444444444,2025-03-19,laslegumbres
"The French Dispatch of the Liberty, Kansas Evening Sun",2021.0,0.6666666666666666,2025-03-20,laslegumbres
Adolescence,2025.0,0.7777777777777778,2025-03-23,laslegumbres
Shrek the Third,2007.0,0.6666666666666666,2025-03-23,laslegumbres
Us,2019.0,0.7777777777777778,2025-03-25,laslegumbres
American Psycho,2000.0,0.7777777777777778,2025-03-26,laslegumbres
Miss Peregrine's Home for Peculiar Children,2016.0,0.5555555555555556,2025-03-26,laslegumbres
Mulholland Drive,2001.0,1.0,2025-03-27,laslegumbres
Everything Will Be OK,2006.0,1.0,2025-03-28,laslegumbres
I Am So Proud of You,2008.0,1.0,2025-03-28,laslegumbres
It's Such a Beautiful Day,2011.0,1.0,2025-03-28,laslegumbres
Mamántula,2023.0,0.5555555555555556,2025-04-01,laslegumbres
Evening Performance,1981.0,1.0,2025-04-02,laslegumbres
The Princess Bride,1987.0,0.8888888888888888,2025-04-06,laslegumbres
The Lair of the White Worm,1988.0,0.7777777777777778,2025-04-12,laslegumbres
Motherhood,2022.0,0.6666666666666666,2025-04-13,laslegumbres
Cabaret,1993.0,0.8888888888888888,2025-04-14,laslegumbres
Curiosa,2022.0,0.7777777777777778,2025-04-15,laslegumbres
Scott Pilgrim vs. the World,2010.0,0.6666666666666666,2025-04-16,laslegumbres
The Last Temptation of Christ,1988.0,0.1111111111111111,2025-04-18,laslegumbres
Mädchen in Uniform,1931.0,0.6666666666666666,2025-04-24,laslegumbres
Hedwig and the Angry Inch,2001.0,0.8888888888888888,2025-05-03,laslegumbres
Climax,2018.0,0.5555555555555556,2025-05-03,laslegumbres
Best Friend,2018.0,0.6666666666666666,2025-05-07,laslegumbres
David Lynch Cooks Quinoa,2007.0,1.0,2025-05-07,laslegumbres
2001: A Space Odyssey,1968.0,0.5555555555555556,2025-05-08,laslegumbres
I Dream in Another Language,2017.0,0.8888888888888888,2025-05-13,laslegumbres
Suspiria,1977.0,0.7777777777777778,2025-05-16,laslegumbres
Barbie,2023.0,0.7777777777777778,2025-06-03,laslegumbres
Graduation Trip: Mallorca,2025.0,0.6666666666666666,2025-06-12,laslegumbres
Children of Men,2006.0,0.3333333333333333,2025-06-15,laslegumbres
Estatuas de noche,2025.0,1.0,2025-06-20,laslegumbres
Frankenweenie,2012.0,0.6666666666666666,2025-06-25,laslegumbres
Beau Is Afraid,2023.0,1.0,2025-06-26,laslegumbres
Memoir of a Snail,2024.0,0.8888888888888888,2025-06-30,laslegumbres
Billy Elliot,2000.0,0.7777777777777778,2025-07-02,laslegumbres
Brokeback Mountain,2005.0,0.7777777777777778,2025-07-02,laslegumbres
Frankenhooker,1990.0,0.5555555555555556,2025-07-07,laslegumbres
Silence Is a Falling Body,2017.0,0.7777777777777778,2025-07-08,laslegumbres
Shaun of the Dead,2004.0,0.3333333333333333,2025-07-08,laslegumbres
Inland Empire,2006.0,0.7777777777777778,2025-07-09,laslegumbres
Beau,2011.0,0.5555555555555556,2025-07-09,laslegumbres
Clarita y Peladilla en el Football,1916.0,0.6666666666666666,2025-07-09,laslegumbres
Airplane!,1980.0,0.5555555555555556,2025-07-14,laslegumbres
D.E.B.S.,2004.0,0.8888888888888888,2025-07-14,laslegumbres
The Phantom of Liberty,1974.0,0.4444444444444444,2025-07-14,laslegumbres
Amélie,2001.0,0.5555555555555556,2025-07-14,laslegumbres
"20,000 Species of Bees",2023.0,0.7777777777777778,2025-07-17,laslegumbres
Amores Perros,2000.0,0.7777777777777778,2025-07-19,laslegumbres
The Teacher Who Promised the Sea,2023.0,1.0,2025-07-19,laslegumbres
Imagine Me & You,2005.0,0.6666666666666666,2025-07-19,laslegumbres
Daisies,1966.0,0.7777777777777778,2025-07-24,laslegumbres
The Haunting of Hill House,2018.0,0.7777777777777778,2025-07-24,laslegumbres
A Man Called Otto,2022.0,1.0,2025-07-24,laslegumbres
Wish,2023.0,0.3333333333333333,2025-07-24,laslegumbres
Skins,2017.0,0.0,2025-07-24,laslegumbres
I'm Still a Superstar,2025.0,0.5555555555555556,2025-07-25,laslegumbres
The Messiah,2023.0,0.8888888888888888,2025-07-27,laslegumbres
Palm Springs,2020.0,0.6666666666666666,2025-07-28,laslegumbres
Challengers,2024.0,1.0,2025-07-28,laslegumbres
The Coffee Table,2022.0,0.5555555555555556,2025-07-28,laslegumbres
"Excuse Me Darling, But Lucas Loved Me",1997.0,1.0,2025-07-30,laslegumbres
Frozen,2010.0,0.8888888888888888,2025-08-01,laslegumbres
Frozen II,2019.0,0.8888888888888888,2025-08-01,laslegumbres
Sew into You,2024.0,0.7777777777777778,2025-08-02,laslegumbres
"The Adventures of Priscilla, Queen of the Desert",1994.0,0.8888888888888888,2025-08-02,laslegumbres
BlacKkKlansman,2018.0,0.7777777777777778,2025-08-02,laslegumbres
KPop Demon Hunters,2025.0,0.7777777777777778,2025-08-03,laslegumbres
Petite Maman,2021.0,0.7777777777777778,2025-08-04,laslegumbres
Playground,2023.0,0.5555555555555556,2025-08-04,laslegumbres
50 First Dates,2004.0,0.6666666666666666,2025-08-05,laslegumbres
"Leave, Thus Love Me",2023.0,1.0,2025-08-05,laslegumbres
selftape,2023.0,0.7777777777777778,2025-08-07,laslegumbres
The Addams Family,1991.0,0.5555555555555556,2025-08-07,laslegumbres
Curve,2016.0,0.5555555555555556,2025-08-10,laslegumbres
Titane,2021.0,0.7777777777777778,2025-08-10,laslegumbres
"Samantha Hudson: A Story About Faith, Sex and Electro-Queer",2018.0,0.5555555555555556,2025-08-12,laslegumbres
A Minecraft Movie,2025.0,0.2222222222222222,2025-08-15,laslegumbres
Weapons,2025.0,0.7777777777777778,2025-08-17,laslegumbres
Bad Lesbian,2018.0,0.4444444444444444,2025-08-20,laslegumbres
Girlfriends and Girlfriends,2022.0,0.6666666666666666,2025-08-21,laslegumbres
No No Nooky T.V.,1987.0,1.0,2025-08-22,laslegumbres
Blue Jean,2022.0,1.0,2025-08-22,laslegumbres
It Follows,2014.0,0.6666666666666666,2025-08-23,laslegumbres
"tick, tick... BOOM!",2021.0,0.8888888888888888,2025-08-23,laslegumbres
Rent,2005.0,0.5555555555555556,2025-08-23,laslegumbres
Honey Don't!,2025.0,0.3333333333333333,2025-08-25,laslegumbres
Common Wealth,2000.0,1.0,2025-08-25,laslegumbres
Howl's Moving Castle,2004.0,0.7777777777777778,2025-08-28,laslegumbres
Mary and Max,2009.0,0.7777777777777778,2025-08-31,laslegumbres
Elvira: Mistress of the Dark,1988.0,0.7777777777777778,2025-08-31,laslegumbres
Mario Banana I,1964.0,0.5555555555555556,2025-09-02,laslegumbres
Golondrinas,2022.0,1.0,2025-09-02,laslegumbres
Interns,2023.0,1.0,2025-09-02,laslegumbres
The Meg,2018.0,0.3333333333333333,2025-09-07,laslegumbres
Lady and the Tramp,1955.0,0.7777777777777778,2025-09-08,laslegumbres
Twin Peaks,1989.0,1.0,2025-09-15,laslegumbres
A Bird Hit My Window and Now I'm a Lesbian,2025.0,0.7777777777777778,2025-10-12,laslegumbres
Emilia Pérez,2024.0,0.1111111111111111,2025-10-19,laslegumbres
Unicorn Wars,2022.0,0.5555555555555556,2025-10-21,laslegumbres
Tangerine,2015.0,0.5555555555555556,2025-10-22,laslegumbres
Cuentos de la Filmomeca,,1.0,2025-10-25,laslegumbres
"Love, Death & Robots: Three Robots",2019.0,0.8888888888888888,2025-10-25,laslegumbres
"Love, Death & Robots: Beyond the Aquila Rift",2019.0,0.5555555555555556,2025-10-25,laslegumbres
"Love, Death & Robots: Ice Age",2019.0,0.6666666666666666,2025-10-25,laslegumbres
"Love, Death & Robots: Sonnie's Edge",2019.0,0.7777777777777778,2025-10-25,laslegumbres
"Love, Death & Robots: When the Yogurt Took Over",2019.0,0.7777777777777778,2025-10-25,laslegumbres
"Love, Death & Robots: The Secret War",2019.0,0.5555555555555556,2025-10-25,laslegumbres
Lost & Found,2018.0,0.7777777777777778,2025-10-26,laslegumbres
Schoolgirls,2020.0,0.6666666666666666,2025-10-27,laslegumbres
Scary Movie,2000.0,0.7777777777777778,2025-11-01,laslegumbres
La tragedia de Franco,2009.0,0.5555555555555556,2025-11-01,laslegumbres
Frankenstein,2025.0,0.8888888888888888,2025-11-06,laslegumbres
Wendell & Wild,2022.0,0.7777777777777778,2025-11-13,laslegumbres
Fall,2022.0,0.4444444444444444,2025-11-13,laslegumbres
Scary Movie 2,2001.0,0.7777777777777778,2025-11-16,laslegumbres
The Haunting of Bly Manor,2020.0,0.6666666666666666,2025-11-17,laslegumbres
Hedgehog in the Fog,1975.0,1.0,2025-11-19,laslegumbres
Over the Garden Wall,2014.0,0.8888888888888888,2025-11-19,laslegumbres
Midnight Mass,2021.0,0.7777777777777778,2025-11-19,laslegumbres
Chernobyl,2019.0,0.7777777777777778,2025-11-20,laslegumbres
Dear Child,2023.0,0.4444444444444444,2025-11-22,laslegumbres
Scott Pilgrim Takes Off,2023.0,0.7777777777777778,2025-11-22,laslegumbres
"Monsters, Inc.",2001.0,1.0,2025-11-24,laslegumbres
Dead End.,2019.0,1.0,2025-11-26,laslegumbres
Rushmore,1998.0,0.7777777777777778,2025-11-26,laslegumbres
The Notebook,2004.0,0.5555555555555556,2025-11-29,laslegumbres
Skin Flick,2025.0,1.0,2025-12-02,laslegumbres
"Love, Death & Robots: Close Encounters of the Mini Kind",2025.0,0.7777777777777778,2025-12-04,laslegumbres
The Virgin Suicides,1999.0,0.7777777777777778,2025-12-09,laslegumbres
Andrea's Love,2023.0,0.6666666666666666,2025-12-09,laslegumbres
Sentimental Value,2025.0,0.8888888888888888,2025-12-09,laslegumbres
To the Brink,2023.0,0.7777777777777778,2025-12-12,laslegumbres
Mad God,2021.0,0.5555555555555556,2025-12-12,laslegumbres
Wake Up Dead Man,2025.0,1.0,2025-12-14,laslegumbres
Eyes Wide Shut,1999.0,0.3333333333333333,2025-12-18,laslegumbres
Angel's Egg,1985.0,0.5555555555555556,2025-12-19,laslegumbres
THE GIRLS BATHROOM: A DOCUMENTARY,2025.0,0.7777777777777778,2025-12-25,laslegumbres
E.T.: A Holiday Reunion,2019.0,0.3333333333333333,2025-12-25,laslegumbres
Knives Out,2019.0,0.7777777777777778,2025-12-25,laslegumbres
Mary Poppins Returns,2018.0,0.7777777777777778,2025-12-26,laslegumbres
Close Your Eyes,2023.0,0.7777777777777778,2025-12-27,laslegumbres
Over the Garden Wall 10th Anniversary Tribute,2024.0,1.0,2025-12-27,laslegumbres
It,2017.0,0.3333333333333333,2025-12-28,laslegumbres
Berlin Horse,1970.0,0.5555555555555556,2025-12-28,laslegumbres
A Tale of Moonlight,1968.0,1.0,2025-12-28,laslegumbres
The Holdovers,2023.0,0.8888888888888888,2025-12-29,laslegumbres
Love Actually,2003.0,0.5555555555555556,2025-12-29,laslegumbres
How to Lose a Guy in 10 Days,2003.0,0.4444444444444444,2025-12-29,laslegumbres
boygenius: the film,2023.0,1.0,2025-12-31,laslegumbres
El Juego del Camelar,2025.0,1.0,2026-01-02,laslegumbres
"Los Estadios - La Bruja, La Niña y El Dragón",2026.0,0.7777777777777778,2026-01-05,laslegumbres
Wrinkles,2011.0,0.7777777777777778,2026-01-10,laslegumbres
How to Train Your Dragon,2010.0,1.0,2026-01-12,laslegumbres
How to Train Your Dragon 2,2014.0,0.7777777777777778,2026-01-13,laslegumbres
The Watermelon Woman,1996.0,1.0,2026-01-14,laslegumbres
Janine,1990.0,0.7777777777777778,2026-01-14,laslegumbres
Spy Kids,2001.0,0.6666666666666666,2026-01-15,laslegumbres
Spy Kids: All the Time in the World,2011.0,0.3333333333333333,2026-01-15,laslegumbres
Beforel Orel: Trust,2012.0,1.0,2026-01-17,laslegumbres
Things I Never Told You,1996.0,0.6666666666666666,2026-01-20,laslegumbres
"Love, Death & Robots: The Other Large Thing",2025.0,0.5555555555555556,2026-01-21,laslegumbres
Crazy Old Lady,2025.0,0.3333333333333333,2026-01-22,laslegumbres
Nymphomaniac: Vol. I,2013.0,0.5555555555555556,2026-01-22,laslegumbres
Nymphomaniac: Vol. II,2013.0,0.4444444444444444,2026-01-23,laslegumbres
Heathers: The Musical,2022.0,0.8888888888888888,2026-01-23,laslegumbres
The Curious Case of Benjamin Button,2008.0,0.6666666666666666,2026-01-25,laslegumbres
Sinners,2025.0,1.0,2026-01-25,laslegumbres
Goat Story,2008.0,0.5555555555555556,2026-01-26,laslegumbres
How to Train Your Dragon: The Hidden World,2019.0,1.0,2026-01-26,laslegumbres
Stonewall Forever,2019.0,0.7777777777777778,2026-01-26,laslegumbres
Lemon-Aid,2024.0,1.0,2026-01-28,laslegumbres
I Saw the TV Glow,2024.0,1.0,2026-01-30,laslegumbres
"Do girls eat? And if they do, what is it?",2024.0,0.3333333333333333,2026-01-31,laslegumbres
Bottoms,2023.0,1.0,2026-02-01,laslegumbres
The Galaxy,1973.0,1.0,2026-02-02,laslegumbres
Sirāt,2025.0,0.3333333333333333,2026-02-03,laslegumbres
Summer Night,1963.0,0.4444444444444444,2026-02-04,laslegumbres
Superdyke,1975.0,1.0,2026-02-04,laslegumbres
The Circle,2000.0,0.8888888888888888,2026-02-05,laslegumbres
The Principal Enemy,1974.0,1.0,2026-02-06,laslegumbres
Bouchra,2025.0,0.4444444444444444,2026-02-07,laslegumbres
Outliers and Outlaws,2024.0,0.8888888888888888,2026-02-08,laslegumbres
Le Havre,2011.0,1.0,2026-02-08,laslegumbres
Beyond Stonewall,2019.0,0.7777777777777778,2026-02-11,laslegumbres
Sundays,2025.0,1.0,2026-02-12,laslegumbres
Love Me Tender,2025.0,0.7777777777777778,2026-02-13,laslegumbres
Lesbian Space Princess,2025.0,0.2222222222222222,2026-02-13,laslegumbres
Eternal Sunshine of the Spotless Mind,2004.0,0.8888888888888888,2026-02-15,laslegumbres
Go Fishboy,2022.0,0.7777777777777778,2026-02-17,laslegumbres
Coming Out,2020.0,1.0,2026-02-17,laslegumbres
Lencería Milagros,2026.0,0.7777777777777778,2026-02-19,laslegumbres
Silencios,2025.0,0.8888888888888888,2026-02-19,laslegumbres
Toy Story,1995.0,1.0,2026-02-23,laslegumbres
Toy Story 2,1999.0,0.8888888888888888,2026-02-26,laslegumbres
Toy Story 4,2019.0,0.7777777777777778,2026-02-26,laslegumbres
"Ay, Carmela!",1990.0,0.7777777777777778,2026-02-26,laslegumbres
Nope,2022.0,0.7777777777777778,2026-03-02,laslegumbres
The Dover Boys at Pimento University or The Rivals of Roquefort Hall,1942.0,1.0,2026-03-04,laslegumbres
Zootopia,2016.0,0.7777777777777778,2026-03-05,laslegumbres
My Dearest Senorita,1972.0,0.7777777777777778,2026-03-13,laslegumbres
Zootopia 2,2025.0,0.6666666666666666,2026-03-19,laslegumbres
Jesus Christ Vampire Hunter,2001.0,1.0,2026-04-04,laslegumbres
But I'm a Cheerleader,1999.0,1.0,2026-04-13,laslegumbres
Braindead,1992.0,0.7777777777777778,2026-04-15,laslegumbres
Holy Camp!,2017.0,1.0,2026-04-18,laslegumbres
Bee Movie,2007.0,0.5555555555555556,2026-04-20,laslegumbres
Ana Can Do Everything,2024.0,0.7777777777777778,2026-04-21,laslegumbres
He robado tus cenizas,2024.0,0.8888888888888888,2026-04-21,laslegumbres
Ruth,2024.0,0.5555555555555556,2026-04-21,laslegumbres
Chicago,2002.0,0.7777777777777778,2026-04-21,laslegumbres
Come See Me in the Good Light,2025.0,1.0,2026-04-22,laslegumbres
Another League,2026.0,0.8888888888888888,2026-04-23,laslegumbres
Tulip,2021.0,0.7777777777777778,2026-04-29,laslegumbres
The Florida Project,2017.0,0.8888888888888888,2026-05-04,laslegumbres
But I'm a Cheerleader,1999.0,0.6666666666666666,2025-06-11,lukwhoshere
Scott Pilgrim vs. the World,2010.0,0.6666666666666666,2025-06-11,lukwhoshere
The Half of It,2020.0,0.8888888888888888,2025-06-11,lukwhoshere
The Grand Budapest Hotel,2014.0,0.7777777777777778,2025-06-11,lukwhoshere
I Saw the TV Glow,2024.0,0.7777777777777778,2025-06-11,lukwhoshere
I Want to Eat Your Pancreas,2018.0,0.8888888888888888,2025-06-11,lukwhoshere
Perfect Blue,1997.0,0.7777777777777778,2025-06-11,lukwhoshere
A Silent Voice: The Movie,2016.0,0.8888888888888888,2025-06-11,lukwhoshere
Neon Genesis Evangelion: The End of Evangelion,1997.0,0.8888888888888888,2025-06-11,lukwhoshere
The Anthem of the Heart,2015.0,0.7777777777777778,2025-06-11,lukwhoshere
The Girl Who Leapt Through Time,2006.0,0.7777777777777778,2025-06-11,lukwhoshere
When Marnie Was There,2014.0,0.7777777777777778,2025-06-11,lukwhoshere
Howl's Moving Castle,2004.0,0.6666666666666666,2025-06-11,lukwhoshere
"Josee, the Tiger and the Fish",2020.0,0.6666666666666666,2025-06-11,lukwhoshere
Spirited Away,2001.0,0.6666666666666666,2025-06-11,lukwhoshere
The Wind Rises,2013.0,0.6666666666666666,2025-06-11,lukwhoshere
Words Bubble Up Like Soda Pop,2020.0,0.5555555555555556,2025-06-11,lukwhoshere
Akira,1988.0,0.6666666666666666,2025-06-11,lukwhoshere
Violet Evergarden: The Movie,2020.0,0.3333333333333333,2025-06-11,lukwhoshere
The Lego Batman Movie,2017.0,0.8888888888888888,2025-06-25,lukwhoshere
10 Things I Hate About You,1999.0,0.4444444444444444,2025-07-06,lukwhoshere
Puella Magi Madoka Magica the Movie Part I: Beginnings,2012.0,0.6666666666666666,2025-08-09,lukwhoshere
The Lego Movie,2014.0,1.0,2025-08-16,lukwhoshere
KPop Demon Hunters,2025.0,0.7777777777777778,2025-08-17,lukwhoshere
OPAL,2020.0,1.0,2025-08-17,lukwhoshere
Superbad,2007.0,0.6666666666666666,2025-09-01,lukwhoshere
Puella Magi Madoka Magica the Movie Part III: Rebellion,2013.0,0.8888888888888888,2025-09-06,lukwhoshere
Puella Magi Madoka Magica the Movie Part II: Eternal,2012.0,0.8888888888888888,2025-09-06,lukwhoshere
Bo Burnham: What.,2013.0,0.6666666666666666,2025-09-11,lukwhoshere
Bo Burnham: Make Happy,2016.0,0.7777777777777778,2025-09-11,lukwhoshere
Bo Burnham: Inside,2021.0,1.0,2025-09-13,lukwhoshere
The Lobster,2015.0,0.6666666666666666,2025-10-06,lukwhoshere
A Cinderella Story,2004.0,1.0,2025-10-08,lukwhoshere
The Tale of The Princess Kaguya,2013.0,0.7777777777777778,2025-10-13,lukwhoshere
Weathering with You,2019.0,0.7777777777777778,2025-10-15,lukwhoshere
"tick, tick... BOOM!",2021.0,0.7777777777777778,2025-10-18,lukwhoshere
Jujutsu Kaisen 0,2021.0,0.6666666666666666,2025-11-25,lukwhoshere
Wicked,2024.0,0.5555555555555556,2025-11-26,lukwhoshere
Heathers: The Musical,2022.0,0.7777777777777778,2026-01-05,lukwhoshere
Shark Tale,2004.0,1.0,2026-01-31,lukwhoshere
Return to Silent Hill,2026.0,0.1111111111111111,2026-02-02,lukwhoshere
Chainsaw Man – The Movie: Reze Arc,2025.0,0.8888888888888888,2026-02-13,lukwhoshere
Aftersun,2022.0,0.8888888888888888,2026-03-20,lukwhoshere
Bo Burnham: The Inside Outtakes,2022.0,0.8888888888888888,2026-03-20,lukwhoshere
Your Name.,2016.0,0.7777777777777778,2026-03-26,lukwhoshere
Everything Everywhere All at Once,2022.0,1.0,2026-04-02,lukwhoshere
Project Hail Mary,2026.0,0.8888888888888888,2026-04-02,lukwhoshere
A Minecraft Movie,2025.0,0.0,2026-04-04,lukwhoshere
The Devil Wears Prada,2006.0,0.6666666666666666,2026-04-06,lukwhoshere
Avatar Aang: The Last Airbender,2026.0,0.7777777777777778,2026-04-21,lukwhoshere
Swiss Army Man,2016.0,0.7777777777777778,2026-04-29,lukwhoshere
Teen Beach Movie,2013.0,0.7777777777777778,2026-05-05,lukwhoshere
Teen Beach 2,2015.0,0.6666666666666666,2026-05-05,lukwhoshere
Fight Club,1999.0,1.0,2022-10-11,mariathehater
Lady Bird,2017.0,0.7777777777777778,2022-10-11,mariathehater
The Grand Budapest Hotel,2014.0,0.6666666666666666,2022-10-11,mariathehater
Once Upon a Time... in Hollywood,2019.0,0.5555555555555556,2022-10-11,mariathehater
The Shining,1980.0,0.5555555555555556,2022-10-11,mariathehater
Gone Girl,2014.0,0.7777777777777778,2022-10-11,mariathehater
Spirited Away,2001.0,0.7777777777777778,2022-10-11,mariathehater
The Truman Show,1998.0,0.6666666666666666,2022-10-11,mariathehater
Eternal Sunshine of the Spotless Mind,2004.0,0.7777777777777778,2022-10-11,mariathehater
Her,2013.0,0.5555555555555556,2022-10-11,mariathehater
Se7en,1995.0,0.7777777777777778,2022-10-11,mariathehater
Hereditary,2018.0,1.0,2022-10-11,mariathehater
Taxi Driver,1976.0,0.7777777777777778,2022-10-11,mariathehater
Us,2019.0,0.6666666666666666,2022-10-11,mariathehater
Coco,2017.0,0.8888888888888888,2022-10-11,mariathehater
Drive,2011.0,0.6666666666666666,2022-10-11,mariathehater
Trainspotting,1996.0,1.0,2022-10-11,mariathehater
10 Things I Hate About You,1999.0,1.0,2022-10-11,mariathehater
Black Swan,2010.0,0.8888888888888888,2022-10-11,mariathehater
Juno,2007.0,0.7777777777777778,2022-10-11,mariathehater
Bones and All,2022.0,0.7777777777777778,2023-01-17,mariathehater
Nope,2022.0,0.5555555555555556,2023-01-17,mariathehater
National Theatre Live: Fleabag,2019.0,1.0,2023-01-17,mariathehater
Little Women,2019.0,1.0,2023-01-19,mariathehater
Donnie Darko,2001.0,0.7777777777777778,2023-01-22,mariathehater
Aftersun,2022.0,0.7777777777777778,2023-01-30,mariathehater
La La Land,2016.0,1.0,2023-01-31,mariathehater
Normal People,2020.0,1.0,2023-01-31,mariathehater
The Whale,2022.0,0.8888888888888888,2023-02-18,mariathehater
Everything Everywhere All at Once,2022.0,1.0,2023-02-25,mariathehater
The Beasts,2022.0,0.6666666666666666,2023-03-25,mariathehater
Good Will Hunting,1997.0,0.8888888888888888,2023-03-29,mariathehater
The Banshees of Inisherin,2022.0,1.0,2023-04-01,mariathehater
20th Century Women,2016.0,0.8888888888888888,2023-04-06,mariathehater
Booksmart,2019.0,0.7777777777777778,2023-04-07,mariathehater
The Lobster,2015.0,0.7777777777777778,2023-04-07,mariathehater
Sing Street,2016.0,1.0,2023-04-07,mariathehater
Asteroid City,2023.0,0.7777777777777778,2023-06-26,mariathehater
Promising Young Woman,2020.0,0.5555555555555556,2023-07-10,mariathehater
Vivarium,2019.0,0.3333333333333333,2023-07-22,mariathehater
Barbie,2023.0,1.0,2023-07-23,mariathehater
Scott Pilgrim vs. the World,2010.0,1.0,2023-08-02,mariathehater
Young Frankenstein,1974.0,1.0,2023-08-02,mariathehater
Insidious: The Red Door,2023.0,0.3333333333333333,2023-08-04,mariathehater
Talk to Me,2022.0,0.7777777777777778,2023-08-26,mariathehater
Frances Ha,2012.0,0.8888888888888888,2023-09-18,mariathehater
Beetlejuice,1988.0,1.0,2023-10-14,mariathehater
Jennifer's Body,2009.0,0.6666666666666666,2023-10-22,mariathehater
Popstar: Never Stop Never Stopping,2016.0,1.0,2023-10-28,mariathehater
In Transit,2004.0,1.0,2023-11-28,mariathehater
Love Actually,2003.0,1.0,2023-12-11,mariathehater
Bottoms,2023.0,1.0,2023-12-24,mariathehater
Saltburn,2023.0,0.7777777777777778,2023-12-31,mariathehater
Superbad,2007.0,1.0,2024-01-14,mariathehater
Society of the Snow,2023.0,1.0,2024-02-12,mariathehater
All of Us Strangers,2023.0,0.8888888888888888,2024-02-25,mariathehater
The Holdovers,2023.0,1.0,2024-03-09,mariathehater
Poor Things,2023.0,0.7777777777777778,2024-03-09,mariathehater
Challengers,2024.0,1.0,2024-05-04,mariathehater
Diary of a Wimpy Kid,2010.0,1.0,2024-05-05,mariathehater
Diary of a Wimpy Kid: Rodrick Rules,2011.0,1.0,2024-05-05,mariathehater
68 Kill,2017.0,0.1111111111111111,2024-06-30,mariathehater
High Fidelity,2000.0,0.6666666666666666,2024-07-21,mariathehater
Longlegs,2024.0,0.7777777777777778,2024-08-18,mariathehater
Napoleon Dynamite,2004.0,0.5555555555555556,2024-09-03,mariathehater
Mean Girls,2004.0,0.7777777777777778,2024-09-04,mariathehater
Beetlejuice Beetlejuice,2024.0,0.7777777777777778,2024-09-08,mariathehater
I Saw the TV Glow,2024.0,0.7777777777777778,2024-09-14,mariathehater
A Man Called Otto,2022.0,0.6666666666666666,2024-10-14,mariathehater
The Nightmare Before Christmas,1993.0,1.0,2024-10-15,mariathehater
American Psycho,2000.0,0.8888888888888888,2024-10-23,mariathehater
Little Miss Sunshine,2006.0,1.0,2024-11-06,mariathehater
The 40 Year Old Virgin,2005.0,0.5555555555555556,2024-11-06,mariathehater
Amélie,2001.0,0.8888888888888888,2024-11-11,mariathehater
A Real Pain,2024.0,1.0,2024-11-26,mariathehater
It Ends with Us,2024.0,0.1111111111111111,2024-12-05,mariathehater
But I'm a Cheerleader,1999.0,0.6666666666666666,2024-12-08,mariathehater
The Substance,2024.0,1.0,2024-12-12,mariathehater
Gladiator II,2024.0,0.6666666666666666,2024-12-24,mariathehater
All About My Mother,1999.0,0.7777777777777778,2024-12-27,mariathehater
Shiva Baby,2020.0,0.6666666666666666,2024-12-28,mariathehater
Nosferatu,2024.0,0.7777777777777778,2024-12-29,mariathehater
Women on the Verge of a Nervous Breakdown,1988.0,0.8888888888888888,2024-12-30,mariathehater
Easy A,2010.0,0.5555555555555556,2025-01-01,mariathehater
Cunk on Life,2024.0,1.0,2025-01-09,mariathehater
Perfect Days,2023.0,0.8888888888888888,2025-01-11,mariathehater
Annie Hall,1977.0,1.0,2025-01-13,mariathehater
Manhattan,1979.0,0.7777777777777778,2025-01-14,mariathehater
Midnight in Paris,2011.0,0.7777777777777778,2025-01-19,mariathehater
Kneecap,2024.0,0.7777777777777778,2025-01-23,mariathehater
Crimes and Misdemeanors,1989.0,0.8888888888888888,2025-01-24,mariathehater
Emilia Pérez,2024.0,0.4444444444444444,2025-01-25,mariathehater
Igby Goes Down,2002.0,0.6666666666666666,2025-01-27,mariathehater
Before Sunrise,1995.0,0.8888888888888888,2025-01-29,mariathehater
Forrest Gump,1994.0,0.7777777777777778,2025-02-01,mariathehater
Hannah and Her Sisters,1986.0,0.8888888888888888,2025-02-04,mariathehater
Singin' in the Rain,1952.0,1.0,2025-02-05,mariathehater
When Harry Met Sally...,1989.0,0.6666666666666666,2025-02-05,mariathehater
Take the Money and Run,1969.0,0.6666666666666666,2025-02-06,mariathehater
Pride & Prejudice,2005.0,0.8888888888888888,2025-02-06,mariathehater
The Silence of the Lambs,1991.0,0.8888888888888888,2025-02-07,mariathehater
Manhattan Murder Mystery,1993.0,1.0,2025-02-08,mariathehater
The Purple Rose of Cairo,1985.0,0.7777777777777778,2025-02-08,mariathehater
Whiplash,2014.0,0.8888888888888888,2025-02-09,mariathehater
"Girl, Interrupted",1999.0,0.8888888888888888,2025-02-09,mariathehater
Daisy Jones & the Six,2023.0,0.7777777777777778,2025-02-09,mariathehater
Lost in Translation,2003.0,1.0,2025-02-09,mariathehater
Parasite,2019.0,0.8888888888888888,2025-02-10,mariathehater
Everyone Says I Love You,1996.0,0.7777777777777778,2025-02-11,mariathehater
Deconstructing Harry,1997.0,0.6666666666666666,2025-02-12,mariathehater
Love and Death,1975.0,0.7777777777777778,2025-02-19,mariathehater
Conclave,2024.0,0.7777777777777778,2025-02-24,mariathehater
A Complete Unknown,2024.0,0.7777777777777778,2025-03-02,mariathehater
Husbands and Wives,1992.0,0.6666666666666666,2025-03-13,mariathehater
Mulholland Drive,2001.0,1.0,2025-03-27,mariathehater
Don't Look Up,2021.0,0.5555555555555556,2025-04-03,mariathehater
Don't Worry Darling,2022.0,0.6666666666666666,2025-04-16,mariathehater
Past Lives,2023.0,1.0,2025-04-20,mariathehater
Twin Peaks,1989.0,1.0,2025-04-24,mariathehater
12 Angry Men,1957.0,0.8888888888888888,2025-04-25,mariathehater
The Elephant Man,1980.0,1.0,2025-04-28,mariathehater
Blue Velvet,1986.0,0.8888888888888888,2025-04-29,mariathehater
The Lost Boys,1987.0,0.6666666666666666,2025-05-01,mariathehater
Sinners,2025.0,0.8888888888888888,2025-05-03,mariathehater
Elizabethtown,2005.0,0.5555555555555556,2025-06-02,mariathehater
Ruby Sparks,2012.0,0.6666666666666666,2025-06-03,mariathehater
Run,2020.0,0.5555555555555556,2025-06-29,mariathehater
The Straight Story,1999.0,0.7777777777777778,2025-06-29,mariathehater
Punch-Drunk Love,2002.0,0.7777777777777778,2025-06-29,mariathehater
Fear and Loathing in Las Vegas,1998.0,0.7777777777777778,2025-07-07,mariathehater
Thelma & Louise,1991.0,0.7777777777777778,2025-07-16,mariathehater
"To Wong Foo, Thanks for Everything! Julie Newmar",1995.0,0.8888888888888888,2025-07-24,mariathehater
Twin Peaks: Fire Walk with Me,1992.0,1.0,2025-07-29,mariathehater
Smiling Friends,2020.0,1.0,2025-07-31,mariathehater
La Haine,1995.0,0.7777777777777778,2025-08-08,mariathehater
Call Me by Your Name,2017.0,0.7777777777777778,2025-08-08,mariathehater
Bring Her Back,2025.0,0.6666666666666666,2025-08-11,mariathehater
In the Mood for Love,2000.0,0.8888888888888888,2025-08-11,mariathehater
Daisies,1966.0,0.5555555555555556,2025-08-16,mariathehater
Nathan for You: Finding Frances,2017.0,1.0,2025-09-06,mariathehater
The Virgin Suicides,1999.0,0.6666666666666666,2025-09-16,mariathehater
Submarine,2010.0,1.0,2025-09-29,mariathehater
Perfect Blue,1997.0,0.7777777777777778,2025-10-09,mariathehater
The Florida Project,2017.0,0.6666666666666666,2025-10-11,mariathehater
The Rocky Horror Picture Show,1975.0,1.0,2025-10-14,mariathehater
The Craft,1996.0,0.6666666666666666,2025-10-27,mariathehater
Frankenstein,2025.0,0.7777777777777778,2025-11-09,mariathehater
The Roses,2025.0,0.7777777777777778,2025-11-09,mariathehater
Small Things Like These,2024.0,0.7777777777777778,2026-01-21,mariathehater
Hamnet,2025.0,1.0,2026-01-31,mariathehater
Marty Supreme,2025.0,1.0,2026-02-08,mariathehater
Psycho,1960.0,1.0,2026-03-06,mariathehater
Get Out,2017.0,0.8888888888888888,2026-03-10,mariathehater
Welcome to the Dollhouse,1995.0,0.6666666666666666,2026-03-10,mariathehater
Wild at Heart,1990.0,0.7777777777777778,2026-03-20,mariathehater
Ghost World,2001.0,0.5555555555555556,2026-03-25,mariathehater
The Big Lebowski,1998.0,0.7777777777777778,2026-03-31,mariathehater
Project Hail Mary,2026.0,1.0,2026-04-03,mariathehater
The Worst Person in the World,2021.0,0.7777777777777778,2026-04-06,mariathehater
Sentimental Value,2025.0,0.8888888888888888,2026-04-06,mariathehater
Something Very Bad Is Going to Happen,2026.0,0.6666666666666666,2026-04-17,mariathehater
The Piano Teacher,2001.0,0.8888888888888888,2026-05-04,mariathehater
Once Upon a Time... in Hollywood,2019.0,1.0,2020-02-09,mariohervas
Parasite,2019.0,1.0,2020-02-09,mariohervas
Donnie Darko,2001.0,1.0,2020-03-08,mariohervas
Uncut Gems,2019.0,0.7777777777777778,2020-03-08,mariohervas
Mia and the White Lion,2018.0,0.0,2020-03-08,mariohervas
Bohemian Rhapsody,2018.0,0.1111111111111111,2020-03-08,mariohervas
The Nice Guys,2016.0,0.8888888888888888,2020-07-29,mariohervas
Birdman or (The Unexpected Virtue of Ignorance),2014.0,1.0,2020-07-29,mariohervas
The Platform,2019.0,0.0,2020-07-29,mariohervas
The House That Jack Built,2018.0,1.0,2020-09-10,mariohervas
Portrait of a Lady on Fire,2019.0,1.0,2020-09-19,mariohervas
If I Were a Rich Man,2019.0,0.3333333333333333,2020-09-19,mariohervas
Solaris,1972.0,1.0,2021-01-10,mariohervas
Tenet,2020.0,1.0,2021-01-16,mariohervas
Good Time,2017.0,0.7777777777777778,2021-01-20,mariohervas
Spider-Man: Far From Home,2019.0,0.3333333333333333,2021-06-20,mariohervas
Murder Mystery,2019.0,0.2222222222222222,2021-06-20,mariohervas
Avatar: The Way of Water,2022.0,0.4444444444444444,2022-12-28,mariohervas
Triangle of Sadness,2022.0,0.5555555555555556,2023-01-02,mariohervas
Get Out,2017.0,0.7777777777777778,2023-01-02,mariohervas
The Batman,2022.0,0.8888888888888888,2023-01-02,mariohervas
Us,2019.0,0.6666666666666666,2023-01-03,mariohervas
Knives Out,2019.0,0.6666666666666666,2023-01-10,mariohervas
The Mule,2018.0,0.5555555555555556,2023-01-22,mariohervas
Game Night,2018.0,0.6666666666666666,2023-02-05,mariohervas
Creep,2014.0,0.6666666666666666,2023-02-05,mariohervas
The Menu,2022.0,0.5555555555555556,2023-02-07,mariohervas
Oldboy,2003.0,0.7777777777777778,2023-02-08,mariohervas
The Lighthouse,2019.0,0.7777777777777778,2023-02-08,mariohervas
Sleep Tight,2011.0,0.6666666666666666,2023-02-08,mariohervas
Black Swan,2010.0,0.6666666666666666,2023-02-10,mariohervas
Ready or Not,2019.0,0.5555555555555556,2023-02-10,mariohervas
Puss in Boots: The Last Wish,2022.0,0.8888888888888888,2023-02-11,mariohervas
Aftersun,2022.0,0.7777777777777778,2023-02-12,mariohervas
Prison 77,2022.0,0.4444444444444444,2023-02-12,mariohervas
Infinity Pool,2023.0,0.6666666666666666,2023-02-15,mariohervas
Venus,2022.0,0.5555555555555556,2023-02-16,mariohervas
The Northman,2022.0,0.7777777777777778,2023-02-17,mariohervas
mother!,2017.0,0.7777777777777778,2023-02-18,mariohervas
The Autopsy of Jane Doe,2016.0,0.5555555555555556,2023-03-02,mariohervas
Scream VI,2023.0,0.6666666666666666,2023-03-20,mariohervas
Winnie the Pooh: Blood and Honey,2023.0,0.0,2023-04-02,mariohervas
Kill Bill: Vol. 1,2003.0,0.8888888888888888,2023-04-08,mariohervas
Nope,2022.0,0.8888888888888888,2023-04-16,mariohervas
Citizenfour,2014.0,0.4444444444444444,2023-04-21,mariohervas
Evil Dead Rise,2023.0,0.6666666666666666,2023-04-22,mariohervas
Beau Is Afraid,2023.0,0.3333333333333333,2023-05-01,mariohervas
Spider-Man: Across the Spider-Verse,2023.0,0.6666666666666666,2023-06-11,mariohervas
The Flash,2023.0,0.4444444444444444,2023-06-18,mariohervas
Harry Potter and the Chamber of Secrets,2002.0,0.4444444444444444,2023-07-04,mariohervas
Harry Potter and the Prisoner of Azkaban,2004.0,0.5555555555555556,2023-07-04,mariohervas
Operation Fortune: Ruse de Guerre,2023.0,0.3333333333333333,2023-07-08,mariohervas
Harry Potter and the Goblet of Fire,2005.0,0.5555555555555556,2023-07-10,mariohervas
Captain Voyeur,1969.0,0.4444444444444444,2023-07-10,mariohervas
Harry Potter and the Order of the Phoenix,2007.0,0.5555555555555556,2023-07-13,mariohervas
Harry Potter and the Half-Blood Prince,2009.0,0.4444444444444444,2023-07-13,mariohervas
Harry Potter and the Deathly Hallows: Part 1,2010.0,0.6666666666666666,2023-07-16,mariohervas
Mission: Impossible – Dead Reckoning,2023.0,0.6666666666666666,2023-07-16,mariohervas
Following,1998.0,0.7777777777777778,2023-07-17,mariohervas
Memento,2000.0,0.7777777777777778,2023-07-17,mariohervas
Batman Begins,2005.0,0.8888888888888888,2023-07-17,mariohervas
The Prestige,2006.0,0.7777777777777778,2023-07-18,mariohervas
The Dark Knight,2008.0,0.7777777777777778,2023-07-18,mariohervas
Inception,2010.0,0.8888888888888888,2023-07-19,mariohervas
The Dark Knight Rises,2012.0,1.0,2023-07-19,mariohervas
Interstellar,2014.0,1.0,2023-07-19,mariohervas
Dunkirk,2017.0,0.6666666666666666,2023-07-20,mariohervas
Oppenheimer,2023.0,0.7777777777777778,2023-07-21,mariohervas
Fight Club,1999.0,0.8888888888888888,2023-07-23,mariohervas
B.I.B.L.E. - The Documentary,2022.0,0.4444444444444444,2023-08-11,mariohervas
Talk to Me,2022.0,0.6666666666666666,2023-08-12,mariohervas
Harry Potter and the Deathly Hallows: Part 2,2011.0,0.5555555555555556,2023-08-13,mariohervas
Beyond the Infinite Two Minutes,2020.0,0.6666666666666666,2023-08-14,mariohervas
Siege (Asedio),2023.0,0.1111111111111111,2023-08-14,mariohervas
Midsommar,2019.0,0.4444444444444444,2023-08-14,mariohervas
Moby & the Void Pacific Choir: Are You Lost in the World Like Me,2016.0,0.1111111111111111,2023-08-16,mariohervas
A Prayer Before Dawn,2017.0,0.5555555555555556,2023-08-17,mariohervas
Circus Maximus,2023.0,0.5555555555555556,2023-08-17,mariohervas
Cruising,1980.0,0.4444444444444444,2023-08-18,mariohervas
No Hard Feelings,2023.0,0.5555555555555556,2023-08-18,mariohervas
Whateverest,2012.0,0.5555555555555556,2023-08-19,mariohervas
Under the Silver Lake,2018.0,0.4444444444444444,2023-08-19,mariohervas
Us and Them,2017.0,0.5555555555555556,2023-08-20,mariohervas
Flux Gourmet,2022.0,0.5555555555555556,2023-08-20,mariohervas
Mandy,2018.0,0.6666666666666666,2023-08-20,mariohervas
Only God Forgives,2013.0,0.4444444444444444,2023-08-20,mariohervas
Fear and Desire,1952.0,0.3333333333333333,2023-08-20,mariohervas
Killer's Kiss,1955.0,0.4444444444444444,2023-08-20,mariohervas
The Killing,1956.0,0.4444444444444444,2023-08-20,mariohervas
Paths of Glory,1957.0,0.7777777777777778,2023-08-20,mariohervas
Spartacus,1960.0,0.7777777777777778,2023-08-20,mariohervas
Lolita,1962.0,0.2222222222222222,2023-08-20,mariohervas
Dr. Strangelove or: How I Learned to Stop Worrying and Love the Bomb,1964.0,0.6666666666666666,2023-08-20,mariohervas
2001: A Space Odyssey,1968.0,0.8888888888888888,2023-08-20,mariohervas
A Clockwork Orange,1971.0,0.6666666666666666,2023-08-20,mariohervas
Barry Lyndon,1975.0,0.7777777777777778,2023-08-20,mariohervas
The Shining,1980.0,0.7777777777777778,2023-08-20,mariohervas
Full Metal Jacket,1987.0,0.7777777777777778,2023-08-20,mariohervas
Eyes Wide Shut,1999.0,1.0,2023-08-20,mariohervas
The Great Beauty,2013.0,0.7777777777777778,2023-08-21,mariohervas
The Worst Person in the World,2021.0,0.5555555555555556,2023-08-22,mariohervas
Boiling Point,2021.0,0.6666666666666666,2023-08-23,mariohervas
The Lobster,2015.0,0.6666666666666666,2023-08-25,mariohervas
Mission: Impossible,1996.0,0.4444444444444444,2023-08-27,mariohervas
Trash Humpers,2009.0,0.3333333333333333,2023-08-29,mariohervas
Lamb,2021.0,0.4444444444444444,2023-08-29,mariohervas
Fear and Loathing in Las Vegas,1998.0,0.5555555555555556,2023-08-31,mariohervas
Too Late,2015.0,0.4444444444444444,2023-09-01,mariohervas
Teenage Mutant Ninja Turtles: Mutant Mayhem,2023.0,0.7777777777777778,2023-09-02,mariohervas
La Haine,1995.0,0.7777777777777778,2023-09-03,mariohervas
Former Cult Member Hears Music for the First Time,2020.0,0.5555555555555556,2023-09-04,mariohervas
Scarface,1983.0,0.7777777777777778,2023-09-05,mariohervas
Eer,2021.0,0.5555555555555556,2023-09-06,mariohervas
Past Lives,2023.0,0.5555555555555556,2023-09-07,mariohervas
The Banshees of Inisherin,2022.0,0.5555555555555556,2023-09-08,mariohervas
The Nun II,2023.0,0.1111111111111111,2023-09-09,mariohervas
Saw,2004.0,0.5555555555555556,2023-09-10,mariohervas
Come and See,1985.0,0.6666666666666666,2023-09-11,mariohervas
X,2022.0,0.5555555555555556,2023-09-11,mariohervas
Pearl,2022.0,0.4444444444444444,2023-09-11,mariohervas
Saw II,2005.0,0.5555555555555556,2023-09-11,mariohervas
Dogville,2003.0,0.7777777777777778,2023-09-12,mariohervas
Saw III,2006.0,0.2222222222222222,2023-09-15,mariohervas
The Elephant Man,1980.0,0.7777777777777778,2023-09-16,mariohervas
Saw IV,2007.0,0.3333333333333333,2023-09-18,mariohervas
Bottoms,2023.0,0.5555555555555556,2023-09-25,mariohervas
The Creator,2023.0,0.5555555555555556,2023-10-01,mariohervas
Saw X,2023.0,0.5555555555555556,2023-10-08,mariohervas
Jigsaw,2017.0,0.5555555555555556,2023-10-08,mariohervas
Killers of the Flower Moon,2023.0,0.8888888888888888,2023-10-21,mariohervas
Halloween Ends,2022.0,0.0,2023-11-04,mariohervas
Five Nights at Freddy's,2023.0,0.5555555555555556,2023-11-04,mariohervas
Skinamarink,2022.0,0.7777777777777778,2023-11-04,mariohervas
Terrifier 2,2022.0,0.3333333333333333,2023-11-04,mariohervas
Fractured,2019.0,0.3333333333333333,2023-11-18,mariohervas
Something Is About to Happen,2023.0,0.0,2023-11-20,mariohervas
The Perfect Family,2021.0,0.0,2023-11-25,mariohervas
A Simple Favor,2018.0,0.4444444444444444,2023-11-25,mariohervas
Barbie,2023.0,0.5555555555555556,2023-11-27,mariohervas
Another Round,2020.0,0.7777777777777778,2023-11-27,mariohervas
Godzilla Minus One,2023.0,0.7777777777777778,2023-12-18,mariohervas
Aquaman and the Lost Kingdom,2023.0,0.1111111111111111,2023-12-24,mariohervas
Anatomy of a Fall,2023.0,0.6666666666666666,2023-12-24,mariohervas
Father There Is Only One,2019.0,0.2222222222222222,2023-12-24,mariohervas
La Jetée,1962.0,0.7777777777777778,2024-01-07,mariohervas
The Beasts,2022.0,0.8888888888888888,2024-01-14,mariohervas
Poor Things,2023.0,0.5555555555555556,2024-01-29,mariohervas
Edge of Winter,2016.0,0.3333333333333333,2024-01-31,mariohervas
Escape from New York,1981.0,0.5555555555555556,2024-02-27,mariohervas
Decision to Leave,2022.0,0.7777777777777778,2024-02-27,mariohervas
The Informer,2019.0,0.4444444444444444,2024-03-05,mariohervas
Dune,2021.0,0.5555555555555556,2024-03-09,mariohervas
Perfect Days,2023.0,0.6666666666666666,2024-03-11,mariohervas
The Holdovers,2023.0,0.6666666666666666,2024-03-18,mariohervas
Road House,2024.0,0.4444444444444444,2024-03-23,mariohervas
Dune: Part Two,2024.0,0.8888888888888888,2024-03-25,mariohervas
The Others,2001.0,0.6666666666666666,2024-03-25,mariohervas
John Wick: Chapter 4,2023.0,0.6666666666666666,2024-03-26,mariohervas
Gran Turismo,2023.0,0.5555555555555556,2024-03-27,mariohervas
Heat,1995.0,0.7777777777777778,2024-03-27,mariohervas
Anyone But You,2023.0,0.5555555555555556,2024-03-28,mariohervas
Judas and the Black Messiah,2021.0,0.6666666666666666,2024-03-28,mariohervas
Eastern Promises,2007.0,0.3333333333333333,2024-03-28,mariohervas
The Iron Claw,2023.0,0.6666666666666666,2024-03-28,mariohervas
Crimes of the Future,2022.0,0.2222222222222222,2024-03-29,mariohervas
EO,2022.0,0.6666666666666666,2024-03-29,mariohervas
Prisoners of the Ghostland,2021.0,0.2222222222222222,2024-03-29,mariohervas
Willy's Wonderland,2021.0,0.5555555555555556,2024-03-29,mariohervas
Guns Akimbo,2019.0,0.4444444444444444,2024-03-29,mariohervas
Custody,2017.0,0.8888888888888888,2024-03-29,mariohervas
Collateral,2004.0,0.5555555555555556,2024-03-30,mariohervas
Southpaw,2015.0,0.6666666666666666,2024-03-30,mariohervas
Prince of Darkness,1987.0,0.6666666666666666,2024-03-30,mariohervas
Air,2023.0,0.5555555555555556,2024-03-31,mariohervas
Dream Scenario,2023.0,0.5555555555555556,2024-04-01,mariohervas
I Stand Alone,1998.0,0.3333333333333333,2024-04-01,mariohervas
The Big Short,2015.0,0.4444444444444444,2024-04-01,mariohervas
First Man,2018.0,0.5555555555555556,2024-04-01,mariohervas
Pain and Glory,2019.0,0.4444444444444444,2024-04-01,mariohervas
The Revenant,2015.0,0.5555555555555556,2024-04-01,mariohervas
Belleville Cop,2018.0,0.1111111111111111,2024-04-01,mariohervas
1917,2019.0,0.4444444444444444,2024-04-01,mariohervas
Jojo Rabbit,2019.0,0.5555555555555556,2024-04-01,mariohervas
While at War,2019.0,0.3333333333333333,2024-04-01,mariohervas
Se7en,1995.0,0.7777777777777778,2024-04-01,mariohervas
Birds of Prey (and the Fantabulous Emancipation of One Harley Quinn),2020.0,0.3333333333333333,2024-04-01,mariohervas
The Host,2006.0,0.6666666666666666,2024-04-01,mariohervas
The Gentlemen,2019.0,0.6666666666666666,2024-04-01,mariohervas
The Ballad of Buster Scruggs,2018.0,0.5555555555555556,2024-04-01,mariohervas
Primal Fear,1996.0,0.5555555555555556,2024-04-01,mariohervas
Enter the Void,2009.0,0.6666666666666666,2024-04-01,mariohervas
The Hunt,2012.0,0.7777777777777778,2024-04-01,mariohervas
The Hunt,2020.0,0.6666666666666666,2024-04-01,mariohervas
The Invisible Man,2020.0,0.7777777777777778,2024-04-01,mariohervas
Terrifier,2016.0,0.5555555555555556,2024-04-01,mariohervas
The Evil Dead,1981.0,0.6666666666666666,2024-04-01,mariohervas
Evil Dead II,1987.0,0.6666666666666666,2024-04-01,mariohervas
QT8: The First Eight,2019.0,0.5555555555555556,2024-04-01,mariohervas
John Wick: Chapter 3 – Parabellum,2019.0,0.6666666666666666,2024-04-01,mariohervas
The Unbearable Weight of Massive Talent,2022.0,0.5555555555555556,2024-04-02,mariohervas
Argylle,2024.0,0.4444444444444444,2024-04-03,mariohervas
Imaginary,2024.0,0.1111111111111111,2024-04-03,mariohervas
Mad Max: Fury Road,2015.0,0.8888888888888888,2024-04-03,mariohervas
Army of Darkness,1992.0,0.5555555555555556,2024-04-03,mariohervas
Memories of Murder,2003.0,0.6666666666666666,2024-04-03,mariohervas
Terminator: Dark Fate,2019.0,0.2222222222222222,2024-04-03,mariohervas
Enemy,2013.0,0.6666666666666666,2024-04-03,mariohervas
The Raid,2011.0,0.6666666666666666,2024-04-03,mariohervas
Twin Murders: The Silence of the White City,2019.0,0.0,2024-04-03,mariohervas
The Spider Within: A Spider-Verse Story,2023.0,0.5555555555555556,2024-04-04,mariohervas
Watchmen,2019.0,0.6666666666666666,2024-04-04,mariohervas
The Lincoln Lawyer,2011.0,0.5555555555555556,2024-04-04,mariohervas
Da 5 Bloods,2020.0,0.5555555555555556,2024-04-04,mariohervas
The Godfather,1972.0,0.8888888888888888,2024-04-04,mariohervas
The Godfather Part II,1974.0,0.7777777777777778,2024-04-04,mariohervas
Pierrot le Fou,1965.0,0.3333333333333333,2024-04-07,mariohervas
The First Omen,2024.0,0.5555555555555556,2024-04-08,mariohervas
Marcel the Shell with Shoes On,2021.0,0.8888888888888888,2024-04-09,mariohervas
Love Lies Bleeding,2024.0,0.6666666666666666,2024-04-13,mariohervas
Monkey Man,2024.0,0.6666666666666666,2024-04-15,mariohervas
Ford v Ferrari,2019.0,0.6666666666666666,2024-04-15,mariohervas
Drive,2011.0,0.6666666666666666,2024-04-15,mariohervas
7500,2019.0,0.2222222222222222,2024-04-15,mariohervas
Ex Machina,2015.0,0.5555555555555556,2024-04-15,mariohervas
BlacKkKlansman,2018.0,0.6666666666666666,2024-04-15,mariohervas
Boogie Nights,1997.0,0.7777777777777778,2024-04-15,mariohervas
Civil War,2024.0,0.6666666666666666,2024-04-22,mariohervas
The Fall Guy,2024.0,0.5555555555555556,2024-04-27,mariohervas
Suspiria,2018.0,0.8888888888888888,2024-04-28,mariohervas
Suspiria,1977.0,0.5555555555555556,2024-04-29,mariohervas
Challengers,2024.0,0.5555555555555556,2024-04-30,mariohervas
Punch-Drunk Love,2002.0,0.5555555555555556,2024-05-18,mariohervas
Prisoners,2013.0,0.7777777777777778,2024-05-18,mariohervas
Nocturnal Animals,2016.0,0.6666666666666666,2024-06-07,mariohervas
The Lego Movie,2014.0,0.7777777777777778,2024-06-07,mariohervas
Hit Man,2023.0,0.6666666666666666,2024-07-16,mariohervas
A Quiet Place: Day One,2024.0,0.5555555555555556,2024-07-16,mariohervas
Despicable Me 4,2024.0,0.5555555555555556,2024-07-16,mariohervas
The Zone of Interest,2023.0,0.6666666666666666,2024-07-16,mariohervas
The Party,2017.0,0.4444444444444444,2024-07-19,mariohervas
Upon Entry,2022.0,0.7777777777777778,2024-07-20,mariohervas
The Guernsey Literary & Potato Peel Pie Society,2018.0,0.3333333333333333,2024-07-22,mariohervas
Fallen Leaves,2023.0,0.7777777777777778,2024-07-23,mariohervas
The Last Letter from Your Lover,2021.0,0.3333333333333333,2024-07-25,mariohervas
About Time,2013.0,0.7777777777777778,2024-07-28,mariohervas
Deadpool & Wolverine,2024.0,0.3333333333333333,2024-07-29,mariohervas
MaXXXine,2024.0,0.4444444444444444,2024-08-07,mariohervas
La Chimera,2023.0,0.5555555555555556,2024-08-07,mariohervas
Boiling Point,2023.0,0.7777777777777778,2024-08-08,mariohervas
After Hours,1985.0,0.6666666666666666,2024-08-08,mariohervas
How to Blow Up a Pipeline,2022.0,0.5555555555555556,2024-08-09,mariohervas
Longlegs,2024.0,0.7777777777777778,2024-08-10,mariohervas
The Lives of Others,2006.0,0.7777777777777778,2024-08-10,mariohervas
Trap,2024.0,0.5555555555555556,2024-08-11,mariohervas
Top Gun: Maverick,2022.0,0.6666666666666666,2024-08-13,mariohervas
Before Sunrise,1995.0,0.5555555555555556,2024-08-13,mariohervas
Apocalypse Now,1979.0,0.7777777777777778,2024-08-14,mariohervas
The Father,2020.0,0.2222222222222222,2024-08-14,mariohervas
Magnolia,1999.0,0.6666666666666666,2024-08-14,mariohervas
12 Angry Men,1957.0,0.6666666666666666,2024-08-14,mariohervas
Guardians of the Galaxy Vol. 2,2017.0,0.2222222222222222,2024-08-14,mariohervas
The Traitor,2019.0,0.6666666666666666,2024-08-14,mariohervas
Inherent Vice,2014.0,0.2222222222222222,2024-08-14,mariohervas
El crack,1981.0,0.2222222222222222,2024-08-14,mariohervas
El crack dos,1983.0,0.1111111111111111,2024-08-14,mariohervas
Little Women,2019.0,0.7777777777777778,2024-08-14,mariohervas
The Ministry of Ungentlemanly Warfare,2024.0,0.2222222222222222,2024-08-14,mariohervas
Breaking the Waves,1996.0,0.6666666666666666,2024-08-15,mariohervas
American Psycho,2000.0,0.5555555555555556,2024-08-15,mariohervas
The Boss of It All,2006.0,0.5555555555555556,2024-08-15,mariohervas
There Will Be Blood,2007.0,0.4444444444444444,2024-08-16,mariohervas
Antichrist,2009.0,0.7777777777777778,2024-08-16,mariohervas
Melancholia,2011.0,0.7777777777777778,2024-08-16,mariohervas
Nymphomaniac: Vol. I,2013.0,0.7777777777777778,2024-08-16,mariohervas
The Truman Show,1998.0,0.7777777777777778,2024-08-16,mariohervas
Highlander,1986.0,0.2222222222222222,2024-08-17,mariohervas
Seven Samurai,1954.0,0.5555555555555556,2024-08-17,mariohervas
Children of Men,2006.0,0.7777777777777778,2024-08-17,mariohervas
Network,1976.0,0.3333333333333333,2024-08-17,mariohervas
Eternal Sunshine of the Spotless Mind,2004.0,1.0,2024-08-17,mariohervas
City of God,2002.0,1.0,2024-08-18,mariohervas
The Kingdom,1994.0,0.6666666666666666,2024-08-20,mariohervas
Downfall,2004.0,0.6666666666666666,2024-08-21,mariohervas
Alien,1979.0,0.6666666666666666,2024-08-21,mariohervas
Alien: Romulus,2024.0,0.6666666666666666,2024-08-21,mariohervas
Pain & Gain,2013.0,0.7777777777777778,2024-08-21,mariohervas
Harakiri,1962.0,0.7777777777777778,2024-08-23,mariohervas
Dancer in the Dark,2000.0,0.7777777777777778,2024-08-23,mariohervas
I Hired a Contract Killer,1990.0,0.5555555555555556,2024-08-25,mariohervas
The Coffee Table,2022.0,0.5555555555555556,2024-09-06,mariohervas
Kinds of Kindness,2024.0,0.5555555555555556,2024-09-06,mariohervas
Nina,2024.0,0.0,2024-09-07,mariohervas
Le Samouraï,1967.0,0.6666666666666666,2024-09-08,mariohervas
Gummo,1997.0,0.6666666666666666,2024-09-08,mariohervas
Julien Donkey-Boy,1999.0,0.4444444444444444,2024-09-10,mariohervas
The Human Condition I: No Greater Love,1959.0,0.7777777777777778,2024-09-10,mariohervas
The Human Condition II: Road to Eternity,1959.0,0.7777777777777778,2024-09-12,mariohervas
Speak No Evil,2024.0,0.6666666666666666,2024-09-15,mariohervas
Beetlejuice,1988.0,0.5555555555555556,2024-09-16,mariohervas
Beetlejuice Beetlejuice,2024.0,0.5555555555555556,2024-09-16,mariohervas
Cure,1997.0,0.4444444444444444,2024-09-16,mariohervas
The Messiah,2023.0,0.8888888888888888,2024-09-19,mariohervas
The Teachers' Lounge,2023.0,0.5555555555555556,2024-09-21,mariohervas
Jumanji: The Next Level,2019.0,0.2222222222222222,2024-09-21,mariohervas
Spree,2020.0,0.5555555555555556,2024-09-21,mariohervas
Feels Good Man,2020.0,0.6666666666666666,2024-09-21,mariohervas
Bad Boys for Life,2020.0,0.3333333333333333,2024-09-21,mariohervas
The Texas Chain Saw Massacre,1974.0,0.7777777777777778,2024-09-21,mariohervas
The Social Dilemma,2020.0,0.2222222222222222,2024-09-21,mariohervas
Symbiopsychotaxiplasm: Take One,1968.0,0.5555555555555556,2024-09-21,mariohervas
The Shawshank Redemption,1994.0,0.7777777777777778,2024-09-21,mariohervas
Richard Jewell,2019.0,0.5555555555555556,2024-09-21,mariohervas
The Skin I Live In,2011.0,0.8888888888888888,2024-09-21,mariohervas
Possessor,2020.0,0.5555555555555556,2024-09-21,mariohervas
Videodrome,1983.0,0.5555555555555556,2024-09-21,mariohervas
Citizen Kane,1941.0,0.5555555555555556,2024-09-21,mariohervas
Transformers One,2024.0,0.7777777777777778,2024-09-22,mariohervas
Transformers,2007.0,0.5555555555555556,2024-09-23,mariohervas
Twin Peaks: The Return,2017.0,1.0,2024-09-27,mariohervas
Megalopolis,2024.0,0.8888888888888888,2024-09-30,mariohervas
Late Night with the Devil,2023.0,0.5555555555555556,2024-10-01,mariohervas
The Whale,2022.0,0.5555555555555556,2024-10-05,mariohervas
Trouble,2024.0,0.3333333333333333,2024-10-06,mariohervas
Joker: Folie à Deux,2024.0,0.1111111111111111,2024-10-07,mariohervas
The Boy and the Heron,2023.0,0.6666666666666666,2024-10-08,mariohervas
Vertigo,1958.0,0.6666666666666666,2024-10-11,mariohervas
Timecrimes,2007.0,0.7777777777777778,2024-10-12,mariohervas
The Substance,2024.0,0.7777777777777778,2024-10-13,mariohervas
The Human Condition III: A Soldier's Prayer,1961.0,0.7777777777777778,2024-10-14,mariohervas
The Killing of a Sacred Deer,2017.0,0.8888888888888888,2024-10-15,mariohervas
Nimic,2019.0,0.6666666666666666,2024-10-15,mariohervas
Black and Blue,2019.0,0.1111111111111111,2024-10-15,mariohervas
Minari,2020.0,0.5555555555555556,2024-10-15,mariohervas
The Act of Killing,2012.0,0.6666666666666666,2024-10-15,mariohervas
Anima,2019.0,0.6666666666666666,2024-10-15,mariohervas
The Steamroller and the Violin,1961.0,0.5555555555555556,2024-10-15,mariohervas
"Aguirre, the Wrath of God",1972.0,0.5555555555555556,2024-10-15,mariohervas
Stalker,1979.0,0.8888888888888888,2024-10-15,mariohervas
The Killers,1956.0,0.3333333333333333,2024-10-15,mariohervas
Lux Æterna,2019.0,0.5555555555555556,2024-10-15,mariohervas
Orpheus,1950.0,0.6666666666666666,2024-10-15,mariohervas
Primer,2004.0,0.7777777777777778,2024-10-15,mariohervas
Incendies,2010.0,0.6666666666666666,2024-10-15,mariohervas
Irreversible,2002.0,1.0,2024-10-15,mariohervas
Eraserhead,1977.0,0.7777777777777778,2024-10-18,mariohervas
The Room Next Door,2024.0,0.5555555555555556,2024-10-19,mariohervas
Smile 2,2024.0,0.3333333333333333,2024-10-23,mariohervas
Terrifier 3,2024.0,0.5555555555555556,2024-10-25,mariohervas
Crash,1996.0,0.5555555555555556,2024-10-28,mariohervas
Bliss,2019.0,0.8888888888888888,2024-10-28,mariohervas
Insomnia,2002.0,0.4444444444444444,2024-10-28,mariohervas
The Trial of the Chicago 7,2020.0,0.4444444444444444,2024-10-28,mariohervas
Saltburn,2023.0,0.4444444444444444,2024-10-28,mariohervas
Inside Out 2,2024.0,0.4444444444444444,2024-10-28,mariohervas
"Good Luck to You, Leo Grande",2022.0,0.4444444444444444,2024-10-28,mariohervas
Motherless Brooklyn,2019.0,0.4444444444444444,2024-10-28,mariohervas
Glass Onion,2022.0,0.6666666666666666,2024-10-28,mariohervas
Venom: The Last Dance,2024.0,0.2222222222222222,2024-10-28,mariohervas
Furiosa: A Mad Max Saga,2024.0,0.6666666666666666,2024-10-28,mariohervas
La Joia: Bad Gyal,2024.0,0.1111111111111111,2024-10-29,mariohervas
The Straight Story,1999.0,0.6666666666666666,2024-10-30,mariohervas
Sans Soleil,1983.0,0.5555555555555556,2024-10-31,mariohervas
The Fabelmans,2022.0,0.6666666666666666,2024-10-31,mariohervas
First Reformed,2017.0,0.7777777777777778,2024-11-01,mariohervas
Possession,1981.0,0.4444444444444444,2024-11-01,mariohervas
L'Argent,1983.0,0.5555555555555556,2024-11-01,mariohervas
Knock at the Cabin,2023.0,0.5555555555555556,2024-11-02,mariohervas
Juror #2,2024.0,0.5555555555555556,2024-11-02,mariohervas
Dune,1984.0,0.5555555555555556,2024-11-04,mariohervas
The Seventh Seal,1957.0,0.6666666666666666,2024-11-05,mariohervas
Matador,1986.0,0.7777777777777778,2024-11-10,mariohervas
The 400 Blows,1959.0,0.6666666666666666,2024-11-12,mariohervas
Beau Travail,1999.0,0.7777777777777778,2024-11-13,mariohervas
Out 1,1971.0,0.6666666666666666,2024-11-14,mariohervas
Twisters,2024.0,0.4444444444444444,2024-11-16,mariohervas
A Woman Under the Influence,1974.0,0.5555555555555556,2024-11-16,mariohervas
The Celebration,1998.0,0.5555555555555556,2024-11-17,mariohervas
Gladiator II,2024.0,0.5555555555555556,2024-11-17,mariohervas
The Night of the Hunter,1955.0,0.6666666666666666,2024-11-18,mariohervas
Deerskin,2019.0,0.5555555555555556,2024-11-19,mariohervas
The Beast,2023.0,0.6666666666666666,2024-11-23,mariohervas
Wicked,2024.0,0.5555555555555556,2024-11-25,mariohervas
Blow Out,1981.0,0.6666666666666666,2024-11-29,mariohervas
Yojimbo,1961.0,0.5555555555555556,2024-12-03,mariohervas
Green Room,2015.0,0.5555555555555556,2024-12-05,mariohervas
The First Charge of the Machete,1969.0,0.7777777777777778,2024-12-09,mariohervas
Nosferatu,2024.0,0.4444444444444444,2024-12-19,mariohervas
The Flamenco Guitar of Yerai Cortés,2024.0,0.7777777777777778,2024-12-20,mariohervas
Sonic the Hedgehog 3,2024.0,0.3333333333333333,2024-12-26,mariohervas
Wings of Desire,1987.0,0.6666666666666666,2025-01-02,mariohervas
Totally F***ed Up,1993.0,0.6666666666666666,2025-01-02,mariohervas
Queer,2024.0,0.7777777777777778,2025-01-03,mariohervas
Wallace & Gromit: The Curse of the Were-Rabbit,2005.0,0.5555555555555556,2025-01-04,mariohervas
"Paris, Texas",1984.0,0.6666666666666666,2025-01-04,mariohervas
The Doom Generation,1995.0,0.6666666666666666,2025-01-05,mariohervas
Heretic,2024.0,0.5555555555555556,2025-01-05,mariohervas
Inland Empire,2006.0,0.8888888888888888,2025-01-05,mariohervas
Wallace & Gromit: Vengeance Most Fowl,2024.0,0.5555555555555556,2025-01-06,mariohervas
Diabolique,1955.0,0.6666666666666666,2025-01-06,mariohervas
Nowhere,1997.0,0.7777777777777778,2025-01-07,mariohervas
A History of Violence,2005.0,0.5555555555555556,2025-01-08,mariohervas
Ghostland,2018.0,0.4444444444444444,2025-01-08,mariohervas
Man Bites Dog,1992.0,0.5555555555555556,2025-01-09,mariohervas
Thief,1981.0,0.7777777777777778,2025-01-10,mariohervas
Absurda,2007.0,1.0,2025-01-11,mariohervas
Flow,2024.0,0.6666666666666666,2025-01-25,mariohervas
The Brutalist,2024.0,0.7777777777777778,2025-01-26,mariohervas
Vox Lux,2018.0,0.5555555555555556,2025-01-27,mariohervas
All That Jazz,1979.0,0.6666666666666666,2025-01-28,mariohervas
Princess Mononoke,1997.0,0.5555555555555556,2025-01-28,mariohervas
Joker,2019.0,0.7777777777777778,2025-01-29,mariohervas
Mysterious Skin,2004.0,0.7777777777777778,2025-01-29,mariohervas
"Synecdoche, New York",2008.0,0.3333333333333333,2025-01-30,mariohervas
I Am Cuba,1964.0,0.8888888888888888,2025-01-31,mariohervas
Dog Man,2025.0,0.3333333333333333,2025-02-04,mariohervas
Companion,2025.0,0.4444444444444444,2025-02-04,mariohervas
Twin Peaks: Fire Walk with Me,1992.0,0.8888888888888888,2025-02-05,mariohervas
Spirited Away,2001.0,0.5555555555555556,2025-02-06,mariohervas
Climax,2018.0,0.6666666666666666,2025-02-08,mariohervas
The Wild Robot,2024.0,0.6666666666666666,2025-02-08,mariohervas
Lost Highway,1997.0,0.7777777777777778,2025-02-08,mariohervas
Neon Genesis Evangelion: The End of Evangelion,1997.0,0.7777777777777778,2025-02-09,mariohervas
Evangelion: 1.0 You Are (Not) Alone,2007.0,0.5555555555555556,2025-02-09,mariohervas
Evangelion: 2.0 You Can (Not) Advance,2009.0,0.5555555555555556,2025-02-10,mariohervas
The Order,2024.0,0.5555555555555556,2025-02-10,mariohervas
Evangelion: 3.0 You Can (Not) Redo,2012.0,0.4444444444444444,2025-02-10,mariohervas
A Brighter Summer Day,1991.0,0.7777777777777778,2025-02-10,mariohervas
Evangelion: 3.0+1.0 Thrice Upon a Time,2021.0,0.5555555555555556,2025-02-12,mariohervas
State of Siege,1972.0,0.8888888888888888,2025-02-12,mariohervas
The Seventh Continent,1989.0,0.7777777777777778,2025-02-13,mariohervas
Mishima: A Life in Four Chapters,1985.0,0.3333333333333333,2025-02-14,mariohervas
The Grand Budapest Hotel,2014.0,0.8888888888888888,2025-02-14,mariohervas
Perfect Blue,1997.0,0.7777777777777778,2025-02-15,mariohervas
The Conversation,1974.0,0.4444444444444444,2025-02-17,mariohervas
One Last Deal,2018.0,0.3333333333333333,2025-02-18,mariohervas
Babygirl,2024.0,0.2222222222222222,2025-02-18,mariohervas
The Childhood of a Leader,2015.0,0.2222222222222222,2025-02-19,mariohervas
Three Colours: Blue,1993.0,0.5555555555555556,2025-02-19,mariohervas
Three Colours: White,1994.0,0.6666666666666666,2025-02-20,mariohervas
Three Colours: Red,1994.0,0.6666666666666666,2025-02-21,mariohervas
The Monkey,2025.0,0.4444444444444444,2025-02-23,mariohervas
I'm Still Here,2024.0,0.7777777777777778,2025-02-24,mariohervas
Conclave,2024.0,0.6666666666666666,2025-02-25,mariohervas
Deep Red,1975.0,0.5555555555555556,2025-02-26,mariohervas
Arrival,2016.0,0.8888888888888888,2025-02-26,mariohervas
Vivarium,2019.0,0.1111111111111111,2025-02-27,mariohervas
Bones and All,2022.0,0.5555555555555556,2025-02-27,mariohervas
Satantango,1994.0,0.8888888888888888,2025-02-28,mariohervas
Nickel Boys,2024.0,0.7777777777777778,2025-03-02,mariohervas
A Complete Unknown,2024.0,0.5555555555555556,2025-03-02,mariohervas
Moonlight,2016.0,0.7777777777777778,2025-03-03,mariohervas
La Cocina,2024.0,0.2222222222222222,2025-03-03,mariohervas
Napoleon,1927.0,0.6666666666666666,2025-03-04,mariohervas
Bottle Rocket,1996.0,0.6666666666666666,2025-03-04,mariohervas
The Fountainhead,1949.0,0.5555555555555556,2025-03-05,mariohervas
Caché,2005.0,0.7777777777777778,2025-03-06,mariohervas
The Taste of Things,2023.0,0.3333333333333333,2025-03-07,mariohervas
Anora,2024.0,0.8888888888888888,2025-03-07,mariohervas
The Florida Project,2017.0,0.6666666666666666,2025-03-08,mariohervas
Carlito's Way,1993.0,0.7777777777777778,2025-03-09,mariohervas
Here,2024.0,0.4444444444444444,2025-03-09,mariohervas
Rushmore,1998.0,0.5555555555555556,2025-03-11,mariohervas
Red Rocket,2021.0,0.6666666666666666,2025-03-12,mariohervas
Uncle Boonmee Who Can Recall His Past Lives,2010.0,0.5555555555555556,2025-03-13,mariohervas
The White Ribbon,2009.0,0.6666666666666666,2025-03-13,mariohervas
The Piano Teacher,2001.0,0.7777777777777778,2025-03-13,mariohervas
Live Flesh,1997.0,0.6666666666666666,2025-03-14,mariohervas
"Jeanne Dielman, 23, quai du Commerce, 1080 Bruxelles",1975.0,0.6666666666666666,2025-03-14,mariohervas
The Executioner,1963.0,0.6666666666666666,2025-03-17,mariohervas
Love Exposure,2008.0,0.4444444444444444,2025-03-18,mariohervas
Mickey 17,2025.0,0.5555555555555556,2025-03-18,mariohervas
Fantastic Mr. Fox,2009.0,0.6666666666666666,2025-03-18,mariohervas
Moonrise Kingdom,2012.0,0.5555555555555556,2025-03-19,mariohervas
The Tree of Life,2011.0,1.0,2025-03-19,mariohervas
Sunset Boulevard,1950.0,0.6666666666666666,2025-03-20,mariohervas
Rear Window,1954.0,0.6666666666666666,2025-03-20,mariohervas
Babylon,2022.0,0.6666666666666666,2025-03-21,mariohervas
Kneecap,2024.0,0.5555555555555556,2025-03-22,mariohervas
We're All Going to the World's Fair,2021.0,0.4444444444444444,2025-03-22,mariohervas
Fallen Angels,1995.0,0.5555555555555556,2025-03-26,mariohervas
Cloud,2024.0,0.5555555555555556,2025-03-26,mariohervas
The Lord of the Rings: The Fellowship of the Ring,2001.0,0.6666666666666666,2025-03-31,mariohervas
The Lord of the Rings: The Two Towers,2002.0,0.6666666666666666,2025-04-09,mariohervas
Blue Velvet,1986.0,0.6666666666666666,2025-04-14,mariohervas
How to Make Millions Before Grandma Dies,2024.0,0.6666666666666666,2025-04-16,mariohervas
Warfare,2025.0,0.6666666666666666,2025-04-17,mariohervas
Black Bag,2025.0,0.3333333333333333,2025-04-17,mariohervas
Escape,2024.0,0.3333333333333333,2025-04-21,mariohervas
Wild at Heart,1990.0,0.6666666666666666,2025-04-21,mariohervas
The Big Lebowski,1998.0,0.5555555555555556,2025-04-22,mariohervas
Take Out,2004.0,0.5555555555555556,2025-04-23,mariohervas
iHostage,2025.0,0.1111111111111111,2025-04-25,mariohervas
Badlands,1973.0,0.5555555555555556,2025-04-27,mariohervas
Days of Heaven,1978.0,0.5555555555555556,2025-05-04,mariohervas
Thunderbolts*,2025.0,0.4444444444444444,2025-05-07,mariohervas
La La Land,2016.0,0.8888888888888888,2025-05-09,mariohervas
Bullet Train Explosion,2025.0,0.1111111111111111,2025-05-13,mariohervas
Breathless,1960.0,0.5555555555555556,2025-06-20,mariohervas
The Phoenician Scheme,2025.0,0.6666666666666666,2025-06-20,mariohervas
Spring Breakers,2012.0,0.3333333333333333,2025-07-01,mariohervas
Sinners,2025.0,0.8888888888888888,2025-07-04,mariohervas
A Girl Walks Home Alone at Night,2014.0,0.5555555555555556,2025-07-06,mariohervas
Mulholland Drive,2001.0,1.0,2025-07-12,mariohervas
Superman,2025.0,0.5555555555555556,2025-07-13,mariohervas
Pickpocket,1959.0,0.2222222222222222,2025-07-17,mariohervas
Babies Don't Come with Instructions,2024.0,0.4444444444444444,2025-07-20,mariohervas
The Marching Band,2024.0,0.5555555555555556,2025-07-20,mariohervas
The Amateur,2025.0,0.3333333333333333,2025-07-21,mariohervas
Deep Cover,2025.0,0.4444444444444444,2025-07-22,mariohervas
Black Dog,2024.0,0.5555555555555556,2025-07-23,mariohervas
Paprika,2006.0,0.5555555555555556,2025-07-27,mariohervas
Audition,1999.0,0.7777777777777778,2025-07-28,mariohervas
Porco Rosso,1992.0,0.6666666666666666,2025-07-28,mariohervas
Fireworks,1997.0,0.6666666666666666,2025-07-30,mariohervas
Outrage,2010.0,0.4444444444444444,2025-07-30,mariohervas
Brother,2000.0,0.5555555555555556,2025-07-31,mariohervas
Yi Yi,2000.0,0.6666666666666666,2025-07-31,mariohervas
High and Low,1963.0,0.7777777777777778,2025-08-01,mariohervas
A Man Escaped,1956.0,0.5555555555555556,2025-08-02,mariohervas
Le Trou,1960.0,0.6666666666666666,2025-08-02,mariohervas
The Fantastic 4: First Steps,2025.0,0.4444444444444444,2025-08-03,mariohervas
Funny Games,1997.0,0.5555555555555556,2025-08-04,mariohervas
Double Indemnity,1944.0,0.7777777777777778,2025-08-07,mariohervas
Before Sunset,2004.0,0.3333333333333333,2025-08-07,mariohervas
F1,2025.0,0.6666666666666666,2025-08-07,mariohervas
It Comes at Night,2017.0,0.6666666666666666,2025-08-07,mariohervas
Some Like It Hot,1959.0,0.5555555555555556,2025-08-07,mariohervas
How to Make a Killing,2024.0,0.2222222222222222,2025-08-07,mariohervas
mid90s,2018.0,0.5555555555555556,2025-08-09,mariohervas
Band of Outsiders,1964.0,0.6666666666666666,2025-08-10,mariohervas
Barbarian,2022.0,0.6666666666666666,2025-08-10,mariohervas
Weapons,2025.0,0.5555555555555556,2025-08-10,mariohervas
Pacifiction,2022.0,0.5555555555555556,2025-08-11,mariohervas
The Killer,1989.0,0.8888888888888888,2025-08-12,mariohervas
Women on the Verge of a Nervous Breakdown,1988.0,0.6666666666666666,2025-08-13,mariohervas
Good Will Hunting,1997.0,0.6666666666666666,2025-08-17,mariohervas
Sing Sing,2023.0,0.6666666666666666,2025-08-17,mariohervas
Mission: Impossible – The Final Reckoning,2025.0,0.6666666666666666,2025-08-21,mariohervas
Materialists,2025.0,0.3333333333333333,2025-08-24,mariohervas
Heads of State,2025.0,0.1111111111111111,2025-08-26,mariohervas
The Naked Gun,2025.0,0.5555555555555556,2025-08-28,mariohervas
Superbad,2007.0,0.4444444444444444,2025-09-01,mariohervas
Speed Racer,2008.0,0.7777777777777778,2025-09-03,mariohervas
12 Hour Shift,2020.0,0.2222222222222222,2025-09-04,mariohervas
The Conjuring: Last Rites,2025.0,0.3333333333333333,2025-09-06,mariohervas
Shang-Chi and the Legend of the Ten Rings,2021.0,0.2222222222222222,2025-09-21,mariohervas
Dark Phoenix,2019.0,0.1111111111111111,2025-09-21,mariohervas
X-Men: Apocalypse,2016.0,0.2222222222222222,2025-09-21,mariohervas
Alita: Battle Angel,2019.0,0.2222222222222222,2025-09-21,mariohervas
The Matrix Resurrections,2021.0,0.1111111111111111,2025-09-21,mariohervas
Terminator Genisys,2015.0,0.1111111111111111,2025-09-21,mariohervas
Jackie Brown,1997.0,0.2222222222222222,2025-09-23,mariohervas
Death Proof,2007.0,0.3333333333333333,2025-09-23,mariohervas
The Wolf of Wall Street,2013.0,0.8888888888888888,2025-09-26,mariohervas
"Lock, Stock and Two Smoking Barrels",1998.0,0.4444444444444444,2025-09-26,mariohervas
Blade Runner 2049,2017.0,0.8888888888888888,2025-09-26,mariohervas
Gone Girl,2014.0,0.8888888888888888,2025-09-26,mariohervas
Mank,2020.0,0.1111111111111111,2025-09-26,mariohervas
The Killer,2023.0,0.3333333333333333,2025-09-26,mariohervas
The Curious Case of Benjamin Button,2008.0,0.4444444444444444,2025-09-26,mariohervas
Zodiac,2007.0,0.8888888888888888,2025-09-26,mariohervas
Men in Black: International,2019.0,0.1111111111111111,2025-09-27,mariohervas
The BFG,2016.0,0.1111111111111111,2025-09-27,mariohervas
Warrior,2011.0,0.7777777777777778,2025-09-27,mariohervas
The Handmaiden,2016.0,0.8888888888888888,2025-09-27,mariohervas
F9,2021.0,0.1111111111111111,2025-09-27,mariohervas
The Fate of the Furious,2017.0,0.1111111111111111,2025-09-27,mariohervas
RED,2010.0,0.2222222222222222,2025-09-27,mariohervas
John Wick: Chapter 2,2017.0,0.4444444444444444,2025-09-27,mariohervas
Vortex,2021.0,0.5555555555555556,2025-09-27,mariohervas
Lone Survivor,2013.0,0.3333333333333333,2025-09-27,mariohervas
Upgrade,2018.0,0.8888888888888888,2025-09-27,mariohervas
Justice League,2017.0,0.1111111111111111,2025-09-27,mariohervas
Fantastic Four,2015.0,0.1111111111111111,2025-09-27,mariohervas
The First Purge,2018.0,0.2222222222222222,2025-09-27,mariohervas
No Time to Die,2021.0,0.4444444444444444,2025-09-27,mariohervas
Quantum of Solace,2008.0,0.2222222222222222,2025-09-27,mariohervas
Titane,2021.0,0.4444444444444444,2025-09-27,mariohervas
Godzilla vs. Kong,2021.0,0.1111111111111111,2025-09-27,mariohervas
Venom,2018.0,0.4444444444444444,2025-09-27,mariohervas
The Suicide Squad,2021.0,0.3333333333333333,2025-09-27,mariohervas
Harry Potter and the Philosopher's Stone,2001.0,0.4444444444444444,2025-09-27,mariohervas
Deadpool,2016.0,0.4444444444444444,2025-09-27,mariohervas
Deadpool 2,2018.0,0.5555555555555556,2025-09-27,mariohervas
Shazam!,2019.0,0.4444444444444444,2025-09-27,mariohervas
It,2017.0,0.5555555555555556,2025-09-27,mariohervas
Divergent,2014.0,0.1111111111111111,2025-09-27,mariohervas
Zombieland: Double Tap,2019.0,0.2222222222222222,2025-09-27,mariohervas
Suicide Squad,2016.0,0.1111111111111111,2025-09-27,mariohervas
One Battle After Another,2025.0,0.7777777777777778,2025-09-29,mariohervas
Natural Born Killers,1994.0,0.2222222222222222,2025-09-29,mariohervas
Nomadland,2020.0,0.2222222222222222,2025-09-29,mariohervas
Wonder Woman 1984,2020.0,0.0,2025-09-29,mariohervas
After Earth,2013.0,0.1111111111111111,2025-09-29,mariohervas
Deaf,2025.0,0.7777777777777778,2025-09-29,mariohervas
Oblivion,2013.0,0.4444444444444444,2025-09-29,mariohervas
The Hobbit: An Unexpected Journey,2012.0,0.4444444444444444,2025-09-29,mariohervas
The Hobbit: The Desolation of Smaug,2013.0,0.4444444444444444,2025-09-29,mariohervas
Jumanji: Welcome to the Jungle,2017.0,0.3333333333333333,2025-09-29,mariohervas
Twilight,2008.0,0.1111111111111111,2025-09-29,mariohervas
Angel Has Fallen,2019.0,0.2222222222222222,2025-09-29,mariohervas
Phantom Thread,2017.0,0.6666666666666666,2025-09-30,mariohervas
Little Monsters,2019.0,0.4444444444444444,2025-09-30,mariohervas
Fire Will Come,2019.0,0.5555555555555556,2025-09-30,mariohervas
Licorice Pizza,2021.0,0.5555555555555556,2025-09-30,mariohervas
The Master,2012.0,0.7777777777777778,2025-09-30,mariohervas
Before the Devil Knows You're Dead,2007.0,0.6666666666666666,2025-09-30,mariohervas
Monster,2004.0,0.8888888888888888,2025-09-30,mariohervas
Caught Stealing,2025.0,0.5555555555555556,2025-10-02,mariohervas
The Battle of Algiers,1966.0,0.8888888888888888,2025-10-02,mariohervas
The Smashing Machine,2025.0,0.4444444444444444,2025-10-07,mariohervas
Humanist Vampire Seeking Consenting Suicidal Person,2023.0,0.6666666666666666,2025-10-11,mariohervas
TRON: Ares,2025.0,0.2222222222222222,2025-10-11,mariohervas
3-Iron,2004.0,0.6666666666666666,2025-10-16,mariohervas
Springsteen: Deliver Me from Nowhere,2025.0,0.5555555555555556,2025-10-26,mariohervas
The Long Walk,2025.0,0.5555555555555556,2025-11-03,mariohervas
Sundays,2025.0,0.6666666666666666,2025-11-03,mariohervas
Together,2025.0,0.5555555555555556,2025-11-04,mariohervas
The Aura,2005.0,0.5555555555555556,2025-11-04,mariohervas
Good Boy,2025.0,0.4444444444444444,2025-11-04,mariohervas
Bugonia,2025.0,0.6666666666666666,2025-11-09,mariohervas
Mad God,2021.0,0.7777777777777778,2025-11-14,mariohervas
Die My Love,2025.0,0.7777777777777778,2025-11-16,mariohervas
Now You See Me: Now You Don't,2025.0,0.4444444444444444,2025-11-17,mariohervas
Frankenstein,2025.0,0.6666666666666666,2025-11-21,mariohervas
Robot Dreams,2023.0,0.8888888888888888,2025-11-21,mariohervas
Wicked: For Good,2025.0,0.4444444444444444,2025-11-24,mariohervas
No Other Choice,2025.0,0.6666666666666666,2025-11-28,mariohervas
Aro berria,2025.0,0.5555555555555556,2025-12-01,mariohervas
Five Nights at Freddy's 2,2025.0,0.2222222222222222,2025-12-07,mariohervas
The Naked Gun: From the Files of Police Squad!,1988.0,0.4444444444444444,2025-12-09,mariohervas
Sentimental Value,2025.0,0.3333333333333333,2025-12-14,mariohervas
Train Dreams,2025.0,0.7777777777777778,2025-12-15,mariohervas
Avatar: Fire and Ash,2025.0,0.4444444444444444,2025-12-25,mariohervas
Wake Up Dead Man,2025.0,0.6666666666666666,2025-12-25,mariohervas
Airplane!,1980.0,0.3333333333333333,2025-12-25,mariohervas
Reflection in a Dead Diamond,2025.0,0.6666666666666666,2025-12-27,mariohervas
When Harry Met Sally...,1989.0,0.8888888888888888,2026-01-02,mariohervas
Eternity,2025.0,0.6666666666666666,2026-01-07,mariohervas
Romería,2025.0,0.7777777777777778,2026-01-22,mariohervas
28 Years Later,2025.0,0.5555555555555556,2026-01-22,mariohervas
28 Years Later: The Bone Temple,2026.0,0.6666666666666666,2026-01-22,mariohervas
The Mastermind,2025.0,0.5555555555555556,2026-01-22,mariohervas
The Thin Red Line,1998.0,0.8888888888888888,2026-01-22,mariohervas
Marty Supreme,2025.0,1.0,2026-01-25,mariohervas
Hamnet,2025.0,0.7777777777777778,2026-01-26,mariohervas
MadS,2024.0,0.1111111111111111,2026-02-01,mariohervas
Annie Hall,1977.0,0.2222222222222222,2026-02-08,mariohervas
Manhattan,1979.0,0.5555555555555556,2026-02-09,mariohervas
L'Eclisse,1962.0,0.0,2026-02-11,mariohervas
Blow-Up,1966.0,0.8888888888888888,2026-02-15,mariohervas
10 Things I Hate About You,1999.0,1.0,2026-02-18,mariohervas
Dodes'ka-den,1970.0,0.3333333333333333,2026-02-19,mariohervas
The Secret Agent,2025.0,0.4444444444444444,2026-02-23,mariohervas
Shutter Island,2010.0,0.5555555555555556,2026-03-05,mariohervas
Lost in Translation,2003.0,0.5555555555555556,2026-03-06,mariohervas
All About Lily Chou-Chou,2001.0,0.5555555555555556,2026-03-15,mariohervas
Torrente for President,2026.0,0.0,2026-03-16,mariohervas
The Testament of Ann Lee,2025.0,0.5555555555555556,2026-03-20,mariohervas
I Swear,2025.0,0.6666666666666666,2026-03-23,mariohervas
Bitter Christmas,2026.0,0.5555555555555556,2026-03-23,mariohervas
Kin-dza-dza!,1986.0,0.1111111111111111,2026-03-28,mariohervas
Project Hail Mary,2026.0,0.8888888888888888,2026-03-28,mariohervas
Sirāt,2025.0,0.0,2026-03-30,mariohervas
Sorry to Bother You,2018.0,0.8888888888888888,2026-03-31,mariohervas
Werckmeister Harmonies,2000.0,0.6666666666666666,2026-04-03,mariohervas
The Silence of the Lambs,1991.0,0.6666666666666666,2026-04-06,mariohervas
Nirvanna the Band the Show the Movie,2025.0,0.5555555555555556,2026-04-06,mariohervas
Kill Bill: The Whole Bloody Affair,2004.0,0.6666666666666666,2026-04-12,mariohervas
Left-Handed Girl,2025.0,0.2222222222222222,2026-04-13,mariohervas
Linda Linda Linda,2005.0,0.5555555555555556,2026-04-27,mariohervas
Redline,2009.0,0.6666666666666666,2026-04-27,mariohervas
The Usual Suspects,1995.0,0.5555555555555556,2026-05-02,mariohervas
Dog Day Afternoon,1975.0,0.5555555555555556,2026-05-02,mariohervas
Resurrection,2025.0,0.6666666666666666,2026-05-03,mariohervas
Michael,2026.0,0.3333333333333333,2026-05-04,mariohervas
La La Land,2016.0,0.8888888888888888,2025-06-13,shepper_
Oppenheimer,2023.0,0.8888888888888888,2025-06-13,shepper_
Interstellar,2014.0,1.0,2025-06-13,shepper_
Don't Look Now... We're Being Shot At!,1966.0,1.0,2025-06-13,shepper_
Now Where Did the Seventh Company Get to?,1973.0,1.0,2025-06-13,shepper_
The Seventh Company Has Been Found,1975.0,0.8888888888888888,2025-06-13,shepper_
The Seventh Company Outdoors,1977.0,0.7777777777777778,2025-06-13,shepper_
The Visitors,1993.0,0.8888888888888888,2025-06-13,shepper_
The Visitors II: The Corridors of Time,1998.0,1.0,2025-06-13,shepper_
Cars,2006.0,1.0,2025-06-13,shepper_
Cars 2,2011.0,0.8888888888888888,2025-06-13,shepper_
Cars 3,2017.0,0.7777777777777778,2025-06-13,shepper_
Welcome to the Sticks,2008.0,1.0,2025-06-13,shepper_
Up,2009.0,1.0,2025-06-13,shepper_
The Count of Monte Cristo,2024.0,1.0,2025-06-13,shepper_
A Monster in Paris,2011.0,0.7777777777777778,2025-06-13,shepper_
Coco,2017.0,0.5555555555555556,2025-06-13,shepper_
The Boss Baby,2017.0,0.5555555555555556,2025-06-13,shepper_
Brave,2012.0,0.7777777777777778,2025-06-13,shepper_
Turbo,2013.0,0.7777777777777778,2025-06-13,shepper_
Ice Age: Continental Drift,2012.0,0.7777777777777778,2025-06-13,shepper_
Ice Age: The Meltdown,2006.0,0.6666666666666666,2025-06-13,shepper_
Minions: The Rise of Gru,2022.0,0.6666666666666666,2025-06-13,shepper_
The Incredibles,2004.0,0.8888888888888888,2025-06-13,shepper_
Incredibles 2,2018.0,0.7777777777777778,2025-06-13,shepper_
WALL·E,2008.0,1.0,2025-06-13,shepper_
Asterix & Obelix: Mission Cleopatra,2002.0,1.0,2025-06-13,shepper_
The Smurfs,2011.0,0.7777777777777778,2025-06-13,shepper_
Madagascar,2005.0,0.7777777777777778,2025-06-13,shepper_
Kirikou and the Sorceress,1998.0,0.7777777777777778,2025-06-13,shepper_
Kaizen,2024.0,0.7777777777777778,2025-06-13,shepper_
The Conjuring,2013.0,0.8888888888888888,2025-06-13,shepper_
The Conjuring 2,2016.0,0.7777777777777778,2025-06-13,shepper_
The Shining,1980.0,1.0,2025-06-13,shepper_
Doctor Sleep,2019.0,0.1111111111111111,2025-06-13,shepper_
Jumanji: The Next Level,2019.0,0.5555555555555556,2025-06-13,shepper_
Hotel Transylvania,2012.0,0.8888888888888888,2025-06-13,shepper_
Hotel Transylvania 2,2015.0,0.7777777777777778,2025-06-13,shepper_
The Croods,2013.0,0.5555555555555556,2025-06-13,shepper_
"Monsters, Inc.",2001.0,1.0,2025-06-13,shepper_
Parasite,2019.0,0.8888888888888888,2025-06-13,shepper_
La Haine,1995.0,0.7777777777777778,2025-06-13,shepper_
Moana,2016.0,0.7777777777777778,2025-06-13,shepper_
Zootopia,2016.0,0.7777777777777778,2025-06-13,shepper_
Rio,2011.0,0.7777777777777778,2025-06-13,shepper_
Rio 2,2014.0,0.6666666666666666,2025-06-13,shepper_
Lars and the Real Girl,2007.0,0.7777777777777778,2025-06-13,shepper_
Toy Story,1995.0,0.8888888888888888,2025-06-14,shepper_
Ratatouille,2007.0,1.0,2025-06-14,shepper_
Shrek,2001.0,0.7777777777777778,2025-06-14,shepper_
The Intouchables,2011.0,0.7777777777777778,2025-06-14,shepper_
The Terminal,2004.0,0.7777777777777778,2025-06-14,shepper_
The Lego Movie,2014.0,0.8888888888888888,2025-06-14,shepper_
Apollo 13,1995.0,1.0,2025-06-14,shepper_
Kung Fu Panda,2008.0,0.8888888888888888,2025-06-14,shepper_
Inside Out,2015.0,0.8888888888888888,2025-06-14,shepper_
Jurassic Park,1993.0,0.8888888888888888,2025-06-14,shepper_
Ice Age,2002.0,0.8888888888888888,2025-06-14,shepper_
Despicable Me,2010.0,0.8888888888888888,2025-06-14,shepper_
Snow White and the Seven Dwarfs,1937.0,0.8888888888888888,2025-06-14,shepper_
Ice Age: Dawn of the Dinosaurs,2009.0,0.7777777777777778,2025-06-14,shepper_
Gulliver's Travels,2010.0,0.6666666666666666,2025-06-14,shepper_
Madagascar 3: Europe's Most Wanted,2012.0,0.7777777777777778,2025-06-14,shepper_
Despicable Me 3,2017.0,0.7777777777777778,2025-06-14,shepper_
War of the Buttons,2011.0,0.6666666666666666,2025-06-14,shepper_
The Sucker,1965.0,0.8888888888888888,2025-06-14,shepper_
The Little Bather,1968.0,0.7777777777777778,2025-06-14,shepper_
Hibernatus,1969.0,0.6666666666666666,2025-06-14,shepper_
The Fall Guy,2024.0,0.7777777777777778,2025-06-19,shepper_
The Nice Guys,2016.0,0.6666666666666666,2025-07-03,shepper_
The Tuche Family,2011.0,0.8888888888888888,2025-07-03,shepper_
The Magic Tuche,2018.0,0.6666666666666666,2025-07-03,shepper_
Christmas with the Tuches,2021.0,0.5555555555555556,2025-07-03,shepper_
The Tuche Family: The American Dream,2016.0,0.7777777777777778,2025-07-03,shepper_
Tanguy,2001.0,0.7777777777777778,2025-07-03,shepper_
Fujisan,2022.0,0.6666666666666666,2025-07-03,shepper_
The Place Beyond the Pines,2012.0,0.8888888888888888,2025-07-06,shepper_
Final Destination Bloodlines,2025.0,0.7777777777777778,2025-07-15,shepper_
El Camino: A Breaking Bad Movie,2019.0,0.8888888888888888,2025-07-16,shepper_
The Truman Show,1998.0,0.8888888888888888,2025-07-16,shepper_
Despicable Me 2,2013.0,0.8888888888888888,2025-07-16,shepper_
French Fried Vacation 2,1979.0,0.7777777777777778,2025-07-17,shepper_
Santa Claus Is a Stinker,1982.0,0.7777777777777778,2025-07-17,shepper_
The Dinner Game,1998.0,0.8888888888888888,2025-07-17,shepper_
The Extraordinary Adventures of Adèle Blanc-Sec,2010.0,0.7777777777777778,2025-07-17,shepper_
Titanic,1997.0,0.7777777777777778,2025-07-17,shepper_
"Good Bye, Lenin!",2003.0,0.7777777777777778,2025-07-17,shepper_
Ducoboo,2011.0,0.6666666666666666,2025-07-17,shepper_
Ducoboo 2: Crazy Vacation,2012.0,0.5555555555555556,2025-07-17,shepper_
Ducoboo 3,2020.0,0.4444444444444444,2025-07-17,shepper_
Superchondriac,2014.0,0.6666666666666666,2025-07-17,shepper_
Family Is Family,2018.0,0.6666666666666666,2025-07-17,shepper_
Nothing to Declare,2010.0,0.8888888888888888,2025-07-17,shepper_
Le Gendarme de Saint-Tropez,1964.0,0.8888888888888888,2025-07-17,shepper_
The Gendarme in New York,1965.0,0.5555555555555556,2025-07-17,shepper_
The Gendarme Takes Off,1970.0,0.7777777777777778,2025-07-17,shepper_
Cloudy with a Chance of Meatballs,2009.0,0.6666666666666666,2025-07-17,shepper_
Cloudy with a Chance of Meatballs 2,2013.0,0.5555555555555556,2025-07-17,shepper_
Mr. Popper's Penguins,2011.0,0.7777777777777778,2025-07-17,shepper_
Nicholas on Holiday,2014.0,0.6666666666666666,2025-07-17,shepper_
Puss in Boots,2011.0,0.6666666666666666,2025-07-17,shepper_
Mr. Peabody & Sherman,2014.0,0.6666666666666666,2025-07-17,shepper_
The Pirates! In an Adventure with Scientists!,2012.0,0.7777777777777778,2025-07-17,shepper_
Paddington,2014.0,0.8888888888888888,2025-07-17,shepper_
Paddington 2,2017.0,0.7777777777777778,2025-07-17,shepper_
The Adventures of Tintin,2011.0,0.7777777777777778,2025-07-17,shepper_
Serial Teachers,2013.0,0.7777777777777778,2025-07-17,shepper_
Serial Teachers 2,2015.0,0.6666666666666666,2025-07-17,shepper_
Penny Pincher!,2016.0,0.6666666666666666,2025-07-17,shepper_
Max & Leon,2016.0,0.7777777777777778,2025-07-17,shepper_
Monster House,2006.0,0.6666666666666666,2025-07-17,shepper_
Bruce Almighty,2003.0,0.7777777777777778,2025-07-17,shepper_
Love Actually,2003.0,0.4444444444444444,2025-07-17,shepper_
The Hunger Games,2012.0,0.7777777777777778,2025-07-17,shepper_
1917,2019.0,0.5555555555555556,2025-07-17,shepper_
La Chèvre,1981.0,0.7777777777777778,2025-07-17,shepper_
Wonder,2017.0,0.7777777777777778,2025-07-17,shepper_
The Restaurant,1966.0,0.6666666666666666,2025-07-17,shepper_
Asterix and Obelix vs. Caesar,1999.0,0.7777777777777778,2025-07-17,shepper_
Asterix & Obelix: God Save Britannia,2012.0,0.6666666666666666,2025-07-17,shepper_
Monsters University,2013.0,0.7777777777777778,2025-07-17,shepper_
I Am Legend,2007.0,0.7777777777777778,2025-07-17,shepper_
The Longest Day,1962.0,0.6666666666666666,2025-07-17,shepper_
Hachiko,1987.0,0.7777777777777778,2025-07-18,shepper_
"OSS 117: Cairo, Nest of Spies",2006.0,0.6666666666666666,2025-07-19,shepper_
Playmobil: The Secret of Pirate Island,2009.0,0.7777777777777778,2025-07-19,shepper_
First Man,2018.0,0.8888888888888888,2025-07-20,shepper_
Johnny English,2003.0,0.8888888888888888,2025-07-21,shepper_
Johnny English Reborn,2011.0,1.0,2025-07-21,shepper_
Johnny English Strikes Again,2018.0,0.6666666666666666,2025-07-21,shepper_
Mr. Bean's Holiday,2007.0,0.8888888888888888,2025-07-21,shepper_
"Merry Christmas, Mr. Bean",1992.0,1.0,2025-07-21,shepper_
Mr. Bean: The Library,1990.0,0.7777777777777778,2025-07-21,shepper_
Mr. Bean Takes an Exam,1991.0,0.7777777777777778,2025-07-21,shepper_
Mr. Bean: The Bus Stop,1991.0,0.5555555555555556,2025-07-21,shepper_
Mr. Bean Goes to a Première,1991.0,0.7777777777777778,2025-07-21,shepper_
The Matrix,1999.0,0.8888888888888888,2025-07-22,shepper_
Inception,2010.0,1.0,2025-07-22,shepper_
Blue Valentine,2010.0,0.7777777777777778,2025-07-23,shepper_
La cartouche,2016.0,0.8888888888888888,2025-07-24,shepper_
Technophobe,2015.0,0.7777777777777778,2025-07-24,shepper_
The Hater,2015.0,0.6666666666666666,2025-07-24,shepper_
Squeezie: Thanks Internet,2024.0,0.7777777777777778,2025-07-24,shepper_
Blade Runner 2049,2017.0,0.7777777777777778,2025-07-25,shepper_
Drive,2011.0,1.0,2025-07-27,shepper_
The Emoji Movie,2017.0,0.3333333333333333,2025-07-29,shepper_
Jungle Cruise,2021.0,0.3333333333333333,2025-07-30,shepper_
Christmas & Co.,2017.0,0.6666666666666666,2025-07-30,shepper_
Monty Python and the Holy Grail,1975.0,0.7777777777777778,2025-08-02,shepper_
Bean,1997.0,1.0,2025-08-15,shepper_
Don't Die Too Hard!,2001.0,0.8888888888888888,2025-08-23,shepper_
Les Caméras Planquées de François Damiens en Suisse,2015.0,0.8888888888888888,2025-09-02,shepper_
Murder on the Orient Express,2017.0,0.4444444444444444,2025-09-03,shepper_
Captain Fantastic,2016.0,0.8888888888888888,2025-09-12,shepper_
The Lord of the Rings: The Two Towers,2002.0,1.0,2025-09-12,shepper_
The Lord of the Rings: The Return of the King,2003.0,1.0,2025-09-12,shepper_
The Big Short,2015.0,0.8888888888888888,2025-09-14,shepper_
R.A.I.D. Special Unit,2016.0,0.4444444444444444,2025-09-17,shepper_
The Cabbage Soup,1981.0,0.4444444444444444,2025-09-17,shepper_
The One Man Band,1970.0,0.3333333333333333,2025-09-17,shepper_
The Secret Life of Pets,2016.0,0.7777777777777778,2025-09-17,shepper_
The Secret Life of Pets 2,2019.0,0.6666666666666666,2025-09-17,shepper_
Groundhog Day,1993.0,0.7777777777777778,2025-09-21,shepper_
DAHMER - Monster: The Jeffrey Dahmer Story,2022.0,0.8888888888888888,2025-10-12,shepper_
Scary Movie,2000.0,0.7777777777777778,2025-11-01,shepper_
American Psycho,2000.0,0.7777777777777778,2025-11-09,shepper_
Cast Away,2000.0,0.8888888888888888,2025-11-09,shepper_
Toy Story 2,1999.0,0.7777777777777778,2025-11-09,shepper_
Toy Story 3,2010.0,0.8888888888888888,2025-11-09,shepper_
Countdown,2019.0,0.6666666666666666,2025-11-16,shepper_
The Verdict,2013.0,0.7777777777777778,2025-11-19,shepper_
Once Upon a Time... in Hollywood,2019.0,0.6666666666666666,2025-11-21,shepper_
Nightcrawler,2014.0,0.7777777777777778,2025-11-22,shepper_
The Mad Adventures of Rabbi Jacob,1973.0,0.5555555555555556,2025-11-22,shepper_
Fantomas,1964.0,0.6666666666666666,2025-11-22,shepper_
Fantomas Unleashed,1965.0,0.6666666666666666,2025-11-22,shepper_
Fantomas vs. Scotland Yard,1967.0,0.6666666666666666,2025-11-22,shepper_
The Wannabes,2022.0,0.7777777777777778,2025-11-22,shepper_
I Know What You Did Last Summer,1997.0,0.5555555555555556,2025-11-22,shepper_
Forrest Gump,1994.0,0.7777777777777778,2025-11-23,shepper_
Barbie,2023.0,0.7777777777777778,2025-11-27,shepper_
The Wing or the Thigh?,1976.0,0.8888888888888888,2025-11-27,shepper_
The Gendarme Gets Married,1968.0,0.8888888888888888,2025-11-27,shepper_
Man vs Bee,2022.0,0.8888888888888888,2025-11-30,shepper_
The Chorus,2004.0,0.8888888888888888,2025-11-30,shepper_
French Fried Vacation,1978.0,0.6666666666666666,2025-12-18,shepper_
Man vs Baby,2025.0,0.7777777777777778,2025-12-21,shepper_
Le Déménagement,2017.0,0.6666666666666666,2025-12-21,shepper_
Dessine-moi un alien,2018.0,0.4444444444444444,2025-12-21,shepper_
Christopher Robin,2018.0,0.6666666666666666,2025-12-28,shepper_
Minori,2019.0,0.7777777777777778,2025-12-29,shepper_
The Corsican File,2004.0,0.6666666666666666,2025-12-30,shepper_
The Visitors: Bastille Day,2016.0,0.5555555555555556,2025-12-30,shepper_
Le Clan,2023.0,0.6666666666666666,2025-12-30,shepper_
Les Vengeances de Maître Poutifard,2023.0,0.4444444444444444,2025-12-30,shepper_
Gaston Lagaffe,2018.0,0.5555555555555556,2025-12-30,shepper_
It,2017.0,0.6666666666666666,2026-01-03,shepper_
All Quiet on the Western Front,2022.0,0.7777777777777778,2026-01-03,shepper_
It Chapter Two,2019.0,0.5555555555555556,2026-01-03,shepper_
Rush Hour,1998.0,0.6666666666666666,2026-01-10,shepper_
The Three Brothers,1995.0,0.6666666666666666,2026-01-12,shepper_
The Three Kings,2001.0,0.7777777777777778,2026-01-12,shepper_
Hannibal,2001.0,0.6666666666666666,2026-01-13,shepper_
The Silence of the Lambs,1991.0,0.8888888888888888,2026-01-13,shepper_
Eternal Sunshine of the Spotless Mind,2004.0,0.7777777777777778,2026-01-14,shepper_
Catch Me If You Can,2002.0,0.8888888888888888,2026-01-17,shepper_
Les Jones,2022.0,0.7777777777777778,2026-01-23,shepper_
The Exorcist,1973.0,0.7777777777777778,2026-01-24,shepper_
Arctic,2018.0,0.5555555555555556,2026-01-24,shepper_
Knives Out,2019.0,0.8888888888888888,2026-01-25,shepper_
McWalter,2025.0,0.3333333333333333,2026-01-26,shepper_
Wake Up Dead Man,2025.0,0.7777777777777778,2026-01-26,shepper_
Train Dreams,2025.0,0.7777777777777778,2026-01-26,shepper_
Super Size Me,2004.0,0.6666666666666666,2026-01-27,shepper_
"South Park: Bigger, Longer & Uncut",1999.0,0.4444444444444444,2026-01-28,shepper_
Se7en,1995.0,0.8888888888888888,2026-01-28,shepper_
Shutter Island,2010.0,1.0,2026-01-30,shepper_
Tenet,2020.0,0.5555555555555556,2026-01-30,shepper_
Madagascar: Escape 2 Africa,2008.0,0.6666666666666666,2026-01-30,shepper_
F1,2025.0,0.6666666666666666,2026-01-31,shepper_
Ghosted,2023.0,0.4444444444444444,2026-02-02,shepper_
"Crazy, Stupid, Love.",2011.0,0.7777777777777778,2026-02-02,shepper_
Nobody,2021.0,0.6666666666666666,2026-02-03,shepper_
(500) Days of Summer,2009.0,0.8888888888888888,2026-02-04,shepper_
The New Toy,2022.0,0.3333333333333333,2026-02-05,shepper_
Django Unchained,2012.0,0.8888888888888888,2026-02-05,shepper_
Spider-Man,2002.0,0.7777777777777778,2026-02-06,shepper_
"Inoxtag, l'ascension du Mont-Blanc",2025.0,0.6666666666666666,2026-02-08,shepper_
The Evil Dead,1981.0,0.6666666666666666,2026-02-08,shepper_
Spider-Man 2,2004.0,0.8888888888888888,2026-02-10,shepper_
Jumanji,1995.0,0.7777777777777778,2026-02-11,shepper_
Jumanji: Welcome to the Jungle,2017.0,0.7777777777777778,2026-02-11,shepper_
L'autre moi,2020.0,0.7777777777777778,2026-02-11,shepper_
No Other Choice,2025.0,0.7777777777777778,2026-02-12,shepper_
The Tattoo,1968.0,0.6666666666666666,2026-02-12,shepper_
We Have a Pope,2011.0,0.6666666666666666,2026-02-12,shepper_
Everest,2015.0,0.6666666666666666,2026-02-12,shepper_
Sully,2016.0,0.6666666666666666,2026-02-12,shepper_
The Polar Express,2004.0,0.6666666666666666,2026-02-12,shepper_
Ballerina,2016.0,0.6666666666666666,2026-02-12,shepper_
Lion,2016.0,0.6666666666666666,2026-02-12,shepper_
Oscar,1967.0,0.6666666666666666,2026-02-12,shepper_
Home Alone,1990.0,0.6666666666666666,2026-02-12,shepper_
Hotel Transylvania 3: Summer Vacation,2018.0,0.6666666666666666,2026-02-12,shepper_
Asterix at the Olympic Games,2008.0,0.6666666666666666,2026-02-12,shepper_
Little Women,2019.0,0.6666666666666666,2026-02-12,shepper_
Big Hero 6,2014.0,0.6666666666666666,2026-02-13,shepper_
The Grand Budapest Hotel,2014.0,0.5555555555555556,2026-02-13,shepper_
The Impossible,2012.0,0.7777777777777778,2026-02-13,shepper_
The Prestige,2006.0,0.8888888888888888,2026-02-14,shepper_
At First Sight,1999.0,0.6666666666666666,2026-02-14,shepper_
Fracture,2007.0,0.7777777777777778,2026-02-14,shepper_
Hercules,1997.0,0.7777777777777778,2026-02-15,shepper_
The Notebook,2004.0,1.0,2026-02-15,shepper_
The Great Gatsby,2013.0,0.5555555555555556,2026-02-16,shepper_
Demolition,2015.0,0.5555555555555556,2026-02-16,shepper_
Civil War,2024.0,0.6666666666666666,2026-02-17,shepper_
The Queen's Corgi,2019.0,0.6666666666666666,2026-02-17,shepper_
Stuck Together,2021.0,0.6666666666666666,2026-02-17,shepper_
Mrs. Doubtfire,1993.0,0.7777777777777778,2026-02-17,shepper_
Longlegs,2024.0,0.5555555555555556,2026-02-17,shepper_
The Wolf of Wall Street,2013.0,0.7777777777777778,2026-02-18,shepper_
Balloon,2018.0,0.7777777777777778,2026-02-18,shepper_
Marty Supreme,2025.0,0.8888888888888888,2026-02-19,shepper_
A Clockwork Orange,1971.0,0.7777777777777778,2026-02-19,shepper_
Eyes Wide Shut,1999.0,0.8888888888888888,2026-02-19,shepper_
Whiplash,2014.0,0.7777777777777778,2026-02-20,shepper_
Good Will Hunting,1997.0,0.5555555555555556,2026-02-20,shepper_
Army of Darkness,1992.0,0.2222222222222222,2026-02-20,shepper_
Spider-Man 3,2007.0,0.6666666666666666,2026-02-21,shepper_
For a Few Dollars More,1965.0,0.6666666666666666,2026-02-21,shepper_
Napoleon,2023.0,0.6666666666666666,2026-02-21,shepper_
Minions,2015.0,0.6666666666666666,2026-02-21,shepper_
Little Nicholas,2009.0,0.6666666666666666,2026-02-21,shepper_
The Quick and the Dead,1995.0,0.5555555555555556,2026-02-22,shepper_
Darkman,1990.0,0.7777777777777778,2026-02-22,shepper_
"The Good, the Bad and the Ugly",1966.0,0.7777777777777778,2026-02-23,shepper_
The Others,2001.0,0.7777777777777778,2026-02-23,shepper_
Zoolander,2001.0,0.6666666666666666,2026-02-23,shepper_
Birdman or (The Unexpected Virtue of Ignorance),2014.0,0.4444444444444444,2026-02-24,shepper_
The Amazing Spider-Man,2012.0,0.6666666666666666,2026-02-25,shepper_
Dune,2021.0,0.6666666666666666,2026-02-26,shepper_
War Dogs,2016.0,0.8888888888888888,2026-02-26,shepper_
Gladiator,2000.0,0.7777777777777778,2026-02-27,shepper_
Judgment at Nuremberg,1961.0,1.0,2026-02-28,shepper_
Cinderella,1950.0,0.7777777777777778,2026-02-28,shepper_
The Seat,2025.0,0.6666666666666666,2026-02-28,shepper_
Pulp Fiction,1994.0,0.6666666666666666,2026-03-01,shepper_
BlacKkKlansman,2018.0,0.6666666666666666,2026-03-02,shepper_
The African Doctor,2016.0,0.7777777777777778,2026-03-02,shepper_
Mr. & Mrs. Smith,2005.0,0.4444444444444444,2026-03-03,shepper_
Get Out,2017.0,0.7777777777777778,2026-03-04,shepper_
The Royal Tenenbaums,2001.0,0.5555555555555556,2026-03-04,shepper_
Call Me by Your Name,2017.0,0.7777777777777778,2026-03-05,shepper_
The King of Comedy,1982.0,0.6666666666666666,2026-03-05,shepper_
The Amazing Spider-Man 2,2014.0,0.6666666666666666,2026-03-06,shepper_
The Godfather,1972.0,0.5555555555555556,2026-03-07,shepper_
Focus,2015.0,0.5555555555555556,2026-03-07,shepper_
Finding Nemo,2003.0,0.6666666666666666,2026-03-08,shepper_
The Lion King,1994.0,0.6666666666666666,2026-03-08,shepper_
Gran Turismo,2023.0,0.6666666666666666,2026-03-08,shepper_
Ferrari,2023.0,0.6666666666666666,2026-03-08,shepper_
Planes,2013.0,0.6666666666666666,2026-03-08,shepper_
Kill Bill: Vol. 1,2003.0,1.0,2026-03-08,shepper_
A Few Good Men,1992.0,0.7777777777777778,2026-03-10,shepper_
The Virgin Suicides,1999.0,0.7777777777777778,2026-03-11,shepper_
Lady Bird,2017.0,0.5555555555555556,2026-03-12,shepper_
Gladiator II,2024.0,0.4444444444444444,2026-03-13,shepper_
Spider-Man: Homecoming,2017.0,0.7777777777777778,2026-03-14,shepper_
Top Gun,1986.0,0.5555555555555556,2026-03-15,shepper_
Project Hail Mary,2026.0,1.0,2026-03-16,shepper_
Spider-Man: Far From Home,2019.0,0.5555555555555556,2026-03-17,shepper_
Gravity,2013.0,0.5555555555555556,2026-03-18,shepper_
Easy A,2010.0,0.5555555555555556,2026-03-18,shepper_
Don't Look Up,2021.0,0.4444444444444444,2026-03-19,shepper_
Willy Wonka & the Chocolate Factory,1971.0,0.7777777777777778,2026-03-20,shepper_
Troy,2004.0,0.7777777777777778,2026-03-21,shepper_
Spider-Man: No Way Home,2021.0,0.7777777777777778,2026-03-22,shepper_
The Godfather Part II,1974.0,0.6666666666666666,2026-03-23,shepper_
Fargo,1996.0,0.6666666666666666,2026-03-24,shepper_
The Last Picture Show,1971.0,0.5555555555555556,2026-03-25,shepper_
A Man Called Otto,2022.0,0.7777777777777778,2026-03-26,shepper_
How to Make a Killing,2026.0,0.6666666666666666,2026-03-26,shepper_
Predestination,2014.0,0.5555555555555556,2026-03-26,shepper_
Dumb and Dumber,1994.0,0.6666666666666666,2026-03-27,shepper_
Argo,2012.0,0.7777777777777778,2026-03-28,shepper_
Kill Bill: Vol. 2,2004.0,0.8888888888888888,2026-03-29,shepper_
Amélie,2001.0,0.7777777777777778,2026-03-29,shepper_
Network,1976.0,0.5555555555555556,2026-03-30,shepper_
The Last Samurai,2003.0,0.7777777777777778,2026-03-31,shepper_
The Usual Suspects,1995.0,0.6666666666666666,2026-03-31,shepper_
Spider-Man: Into the Spider-Verse,2018.0,0.8888888888888888,2026-04-01,shepper_
Ready or Not,2019.0,0.6666666666666666,2026-04-03,shepper_
One Flew Over the Cuckoo's Nest,1975.0,0.8888888888888888,2026-04-03,shepper_
This Boy's Life,1993.0,0.5555555555555556,2026-04-04,shepper_
Charlie and the Chocolate Factory,2005.0,0.5555555555555556,2026-04-05,shepper_
The Drama,2026.0,0.6666666666666666,2026-04-05,shepper_
Fantastic Mr. Fox,2009.0,0.7777777777777778,2026-04-06,shepper_
Brazil,1985.0,0.3333333333333333,2026-04-06,shepper_
Dikkenek,2006.0,0.7777777777777778,2026-04-06,shepper_
JFK,1991.0,0.5555555555555556,2026-04-07,shepper_
Bullet Train,2022.0,0.6666666666666666,2026-04-08,shepper_
Guilty by Suspicion,1991.0,0.5555555555555556,2026-04-09,shepper_
Fight Club,1999.0,0.6666666666666666,2026-04-09,shepper_
Ready or Not 2: Here I Come,2026.0,0.6666666666666666,2026-04-09,shepper_
The Intern,2015.0,0.7777777777777778,2026-04-10,shepper_
The Simpsons Movie,2007.0,0.6666666666666666,2026-04-10,shepper_
Fear City: A Family-Style Comedy,1994.0,0.7777777777777778,2026-04-11,shepper_
Spider-Man: Across the Spider-Verse,2023.0,0.8888888888888888,2026-04-11,shepper_
Rain Man,1988.0,0.7777777777777778,2026-04-13,shepper_
Doctor Strange,2016.0,0.7777777777777778,2026-04-14,shepper_
Penguins of Madagascar,2014.0,0.5555555555555556,2026-04-15,shepper_
Between Two Worlds,2021.0,0.6666666666666666,2026-04-15,shepper_
Wonka,2023.0,0.8888888888888888,2026-04-16,shepper_
Alice in Wonderland,2010.0,0.5555555555555556,2026-04-17,shepper_
The Idea of You,2024.0,0.4444444444444444,2026-04-18,shepper_
On the Beach,1959.0,0.6666666666666666,2026-04-19,shepper_
Send Help,2026.0,0.7777777777777778,2026-04-19,shepper_
The Mummy,1999.0,0.4444444444444444,2026-04-20,shepper_
Lee Cronin's The Mummy,2026.0,0.4444444444444444,2026-04-21,shepper_
Ocean's Eleven,2001.0,0.6666666666666666,2026-04-22,shepper_
Evil Dead II,1987.0,0.5555555555555556,2026-04-23,shepper_
Top Gun: Maverick,2022.0,0.6666666666666666,2026-04-24,shepper_
Roofman,2025.0,0.6666666666666666,2026-04-25,shepper_
Challengers,2024.0,0.7777777777777778,2026-04-26,shepper_
The Cabin in the Woods,2011.0,0.6666666666666666,2026-04-26,shepper_
The Rays and Shadows,2026.0,0.7777777777777778,2026-04-27,shepper_
Witness for the Prosecution,1957.0,1.0,2026-04-27,shepper_
Inherit the Wind,1960.0,0.7777777777777778,2026-04-28,shepper_
Doctor Strange in the Multiverse of Madness,2022.0,0.5555555555555556,2026-04-28,shepper_
Pocketful of Miracles,1961.0,0.7777777777777778,2026-04-29,shepper_
Tropic Thunder,2008.0,0.6666666666666666,2026-04-29,shepper_
A Complete Unknown,2024.0,0.5555555555555556,2026-04-30,shepper_
Valkyrie,2008.0,0.6666666666666666,2026-04-30,shepper_
Irma la Douce,1963.0,0.5555555555555556,2026-05-01,shepper_
The Train,1964.0,0.7777777777777778,2026-05-01,shepper_
Die My Love,2025.0,0.4444444444444444,2026-05-01,shepper_
Raging Bull,1980.0,0.7777777777777778,2026-05-01,shepper_
The Great Escape,1963.0,0.6666666666666666,2026-05-01,shepper_
Band of Brothers,2001.0,1.0,2026-05-01,shepper_
Inglourious Basterds,2009.0,1.0,2026-05-02,shepper_
Full Metal Jacket,1987.0,0.7777777777777778,2026-05-02,shepper_
Babylon,2022.0,0.8888888888888888,2026-05-03,shepper_
Reservoir Dogs,1992.0,0.6666666666666666,2026-05-03,shepper_
GoodFellas,1990.0,0.7777777777777778,2026-05-03,shepper_
Downfall,2004.0,0.7777777777777778,2026-05-04,shepper_
Dunkirk,2017.0,0.6666666666666666,2026-05-04,shepper_
Batman Begins,2005.0,0.7777777777777778,2026-05-04,shepper_
The Lord of the Rings: The Fellowship of the Ring,2001.0,0.8888888888888888,2026-05-05,shepper_
Jackie Brown,1997.0,0.6666666666666666,2026-05-06,shepper_
Nope,2022.0,0.5555555555555556,2026-05-06,shepper_
Bugonia,2025.0,0.7777777777777778,2026-05-07,shepper_
Mickey 17,2025.0,0.6666666666666666,2026-05-07,shepper_
The Lost World: Jurassic Park,1997.0,0.4444444444444444,2026-05-08,shepper_
Jurassic World Dominion,2022.0,0.2222222222222222,2026-05-08,shepper_
Death Proof,2007.0,0.8888888888888888,2026-05-08,shepper_
Jurassic Park III,2001.0,0.5555555555555556,2026-05-09,shepper_
The Last of the Mohicans,1992.0,0.5555555555555556,2026-05-10,shepper_
Chernobyl,2019.0,1.0,2026-05-10,shepper_
Sweet Smell of Success,1957.0,0.6666666666666666,2026-05-11,shepper_
Birdman of Alcatraz,1962.0,0.6666666666666666,2026-05-11,shepper_
The Creator,2023.0,0.5555555555555556,2023-10-31,tete19
A Haunting in Venice,2023.0,0.1111111111111111,2023-10-31,tete19
Barbie,2023.0,0.7777777777777778,2023-10-31,tete19
Asteroid City,2023.0,0.7777777777777778,2023-10-31,tete19
(500) Days of Summer,2009.0,0.7777777777777778,2023-10-31,tete19
Coraline,2009.0,0.7777777777777778,2023-10-31,tete19
The Perks of Being a Wallflower,2012.0,1.0,2023-10-31,tete19
Rear Window,1954.0,0.8888888888888888,2023-10-31,tete19
The Darjeeling Limited,2007.0,0.7777777777777778,2023-10-31,tete19
Scarface,1983.0,0.8888888888888888,2023-10-31,tete19
Prison 77,2022.0,0.5555555555555556,2023-10-31,tete19
Vertigo,1958.0,0.6666666666666666,2023-10-31,tete19
Poltergeist,1982.0,0.5555555555555556,2023-10-31,tete19
The Talented Mr. Ripley,1999.0,0.7777777777777778,2023-10-31,tete19
Drive,2011.0,0.8888888888888888,2023-10-31,tete19
The Batman,2022.0,0.7777777777777778,2023-10-31,tete19
Beau Is Afraid,2023.0,0.0,2023-10-31,tete19
Barbie in the 12 Dancing Princesses,2006.0,1.0,2023-10-31,tete19
Last Night in Soho,2021.0,0.4444444444444444,2023-10-31,tete19
The Good Boss,2021.0,0.7777777777777778,2023-10-31,tete19
Pain and Glory,2019.0,0.7777777777777778,2023-10-31,tete19
The Virgin Suicides,1999.0,0.7777777777777778,2023-10-31,tete19
Spider-Man: Into the Spider-Verse,2018.0,0.7777777777777778,2023-10-31,tete19
"Red, White & Royal Blue",2023.0,0.1111111111111111,2023-10-31,tete19
Gone Girl,2014.0,0.8888888888888888,2023-10-31,tete19
Loving Pablo,2017.0,0.3333333333333333,2023-10-31,tete19
Uncharted,2022.0,0.2222222222222222,2023-10-31,tete19
Gremlins 2: The New Batch,1990.0,0.6666666666666666,2023-10-31,tete19
Indiana Jones and the Dial of Destiny,2023.0,0.0,2023-10-31,tete19
Interview with the Vampire,1994.0,0.7777777777777778,2023-10-31,tete19
Fight Club,1999.0,0.8888888888888888,2023-10-31,tete19
Ready Player One,2018.0,0.4444444444444444,2023-10-31,tete19
j-hope IN THE BOX,2023.0,1.0,2023-10-31,tete19
Now You See Me,2013.0,0.7777777777777778,2023-10-31,tete19
Now You See Me 2,2016.0,0.7777777777777778,2023-10-31,tete19
Focus,2015.0,0.6666666666666666,2023-10-31,tete19
The Wonder,2022.0,0.6666666666666666,2023-10-31,tete19
Murder on the Orient Express,2017.0,0.3333333333333333,2023-10-31,tete19
Broken Embraces,2009.0,0.7777777777777778,2023-10-31,tete19
All About My Mother,1999.0,0.7777777777777778,2023-10-31,tete19
Don't Look Up,2021.0,0.8888888888888888,2023-10-31,tete19
Shrek 2,2004.0,1.0,2023-10-31,tete19
Shrek,2001.0,0.8888888888888888,2023-10-31,tete19
Turning Red,2022.0,0.7777777777777778,2023-10-31,tete19
Women on the Verge of a Nervous Breakdown,1988.0,1.0,2023-10-31,tete19
Grease,1978.0,0.2222222222222222,2023-10-31,tete19
The Greatest Showman,2017.0,0.4444444444444444,2023-10-31,tete19
It,2017.0,0.7777777777777778,2023-10-31,tete19
It Chapter Two,2019.0,0.6666666666666666,2023-10-31,tete19
Thesis,1996.0,1.0,2023-10-31,tete19
Heathers,1989.0,0.7777777777777778,2023-10-31,tete19
Pitch Perfect,2012.0,0.7777777777777778,2023-10-31,tete19
Mean Girls,2004.0,0.8888888888888888,2023-10-31,tete19
Good Will Hunting,1997.0,0.8888888888888888,2023-10-31,tete19
Kill Bill: Vol. 1,2003.0,0.8888888888888888,2023-10-31,tete19
Scott Pilgrim vs. the World,2010.0,0.7777777777777778,2023-10-31,tete19
The Truman Show,1998.0,0.7777777777777778,2023-10-31,tete19
Bullet Train,2022.0,0.2222222222222222,2023-10-31,tete19
Dead Poets Society,1989.0,1.0,2023-10-31,tete19
Inception,2010.0,0.7777777777777778,2023-10-31,tete19
Psycho,1960.0,0.6666666666666666,2023-10-31,tete19
Blonde,2022.0,0.0,2023-10-31,tete19
Lady Bird,2017.0,1.0,2023-10-31,tete19
From Dusk Till Dawn,1996.0,0.7777777777777778,2023-10-31,tete19
Your Name.,2016.0,0.8888888888888888,2023-10-31,tete19
Django Unchained,2012.0,0.7777777777777778,2023-10-31,tete19
Kill Bill: Vol. 2,2004.0,0.7777777777777778,2023-10-31,tete19
Baby Driver,2017.0,0.5555555555555556,2023-10-31,tete19
Blade Runner,1982.0,0.7777777777777778,2023-10-31,tete19
Beautiful Boy,2018.0,0.8888888888888888,2023-10-31,tete19
Avatar: The Way of Water,2022.0,0.3333333333333333,2023-10-31,tete19
Babylon,2022.0,0.7777777777777778,2023-10-31,tete19
The Menu,2022.0,0.6666666666666666,2023-10-31,tete19
Glass Onion,2022.0,0.4444444444444444,2023-10-31,tete19
Parallel Mothers,2021.0,0.5555555555555556,2023-10-31,tete19
Little Women,2019.0,0.8888888888888888,2023-10-31,tete19
Divergent,2014.0,0.5555555555555556,2023-10-31,tete19
Black Swan,2010.0,0.8888888888888888,2023-10-31,tete19
Avatar,2009.0,0.3333333333333333,2023-10-31,tete19
How to Train Your Dragon,2010.0,0.7777777777777778,2023-10-31,tete19
Inglourious Basterds,2009.0,0.7777777777777778,2023-10-31,tete19
Madagascar,2005.0,0.7777777777777778,2023-10-31,tete19
The Adam Project,2022.0,0.0,2023-11-01,tete19
Ready or Not,2019.0,0.5555555555555556,2023-11-01,tete19
Bad Boys for Life,2020.0,0.0,2023-11-01,tete19
Haunt,2019.0,0.3333333333333333,2023-11-01,tete19
Joker,2019.0,0.7777777777777778,2023-11-01,tete19
The Emoji Movie,2017.0,0.0,2023-11-01,tete19
The Lorax,2012.0,0.5555555555555556,2023-11-01,tete19
Brave,2012.0,0.6666666666666666,2023-11-01,tete19
The Grand Budapest Hotel,2014.0,0.7777777777777778,2023-11-05,tete19
Philadelphia,1993.0,0.7777777777777778,2023-11-05,tete19
SUGA: Road to D-DAY,2023.0,1.0,2023-11-05,tete19
Nerve,2016.0,0.5555555555555556,2023-11-05,tete19
Mysterious Skin,2004.0,1.0,2023-11-06,tete19
The Rocky Horror Picture Show,1975.0,0.7777777777777778,2023-11-06,tete19
Tenet,2020.0,0.7777777777777778,2023-11-06,tete19
The Breakfast Club,1985.0,0.7777777777777778,2023-11-06,tete19
Whiplash,2014.0,0.8888888888888888,2023-11-06,tete19
Booksmart,2019.0,0.7777777777777778,2023-11-06,tete19
Marriage Story,2019.0,0.7777777777777778,2023-11-06,tete19
Knives Out,2019.0,0.7777777777777778,2023-11-06,tete19
Nowhere,1997.0,1.0,2023-11-10,tete19
The Hunger Games: The Ballad of Songbirds & Snakes,2023.0,0.7777777777777778,2023-11-18,tete19
Alphaville,1965.0,0.5555555555555556,2023-11-18,tete19
Brokeback Mountain,2005.0,0.8888888888888888,2023-11-19,tete19
Fallen Angels,1995.0,0.7777777777777778,2023-11-27,tete19
Isle of Dogs,2018.0,0.7777777777777778,2023-12-02,tete19
House of Gucci,2021.0,0.5555555555555556,2023-12-10,tete19
Donnie Darko,2001.0,0.8888888888888888,2023-12-10,tete19
Rushmore,1998.0,0.7777777777777778,2023-12-11,tete19
The Killer,2023.0,0.7777777777777778,2023-12-11,tete19
The Holiday,2006.0,1.0,2023-12-16,tete19
Blade Runner 2049,2017.0,0.7777777777777778,2023-12-18,tete19
Moonage Daydream,2022.0,0.8888888888888888,2023-12-23,tete19
Saltburn,2023.0,0.5555555555555556,2023-12-23,tete19
The Fugitive,1993.0,0.6666666666666666,2023-12-25,tete19
Anatomy of a Fall,2023.0,0.8888888888888888,2023-12-29,tete19
Wonka,2023.0,0.5555555555555556,2023-12-29,tete19
Oldboy,2003.0,0.7777777777777778,2023-12-30,tete19
Only Lovers Left Alive,2013.0,0.6666666666666666,2024-01-01,tete19
eXistenZ,1999.0,0.6666666666666666,2024-01-01,tete19
When Harry Met Sally...,1989.0,0.7777777777777778,2024-01-04,tete19
La Haine,1995.0,1.0,2024-01-05,tete19
Totally F***ed Up,1993.0,0.7777777777777778,2024-01-06,tete19
The Wolf of Wall Street,2013.0,0.8888888888888888,2024-01-14,tete19
"Crazy, Stupid, Love.",2011.0,0.3333333333333333,2024-01-24,tete19
"Everything, Everything",2017.0,0.0,2024-01-25,tete19
La La Land,2016.0,1.0,2024-01-25,tete19
Parasite,2019.0,0.8888888888888888,2024-01-25,tete19
Pulp Fiction,1994.0,1.0,2024-01-25,tete19
Once Upon a Time... in Hollywood,2019.0,0.7777777777777778,2024-01-25,tete19
Reservoir Dogs,1992.0,0.7777777777777778,2024-01-25,tete19
The Princess Bride,1987.0,1.0,2024-01-25,tete19
Poor Things,2023.0,1.0,2024-01-29,tete19
Society of the Snow,2023.0,0.8888888888888888,2024-01-29,tete19
Shiva Baby,2020.0,0.8888888888888888,2024-01-30,tete19
Bottoms,2023.0,0.6666666666666666,2024-01-30,tete19
High Fidelity,2000.0,0.6666666666666666,2024-01-30,tete19
Hereditary,2018.0,0.0,2024-01-30,tete19
The Doom Generation,1995.0,0.5555555555555556,2024-01-30,tete19
Ghost World,2001.0,0.5555555555555556,2024-01-30,tete19
The Favourite,2018.0,0.7777777777777778,2024-01-31,tete19
Folklore: The Long Pond Studio Sessions,2020.0,1.0,2024-02-07,tete19
Singin' in the Rain,1952.0,0.8888888888888888,2024-02-10,tete19
Chicago,2002.0,0.7777777777777778,2024-02-17,tete19
Priscilla,2023.0,0.6666666666666666,2024-02-18,tete19
The Holdovers,2023.0,1.0,2024-02-19,tete19
The Amazing Spider-Man,2012.0,0.8888888888888888,2024-02-19,tete19
Kimi,2022.0,0.5555555555555556,2024-02-20,tete19
Hairspray,2007.0,1.0,2024-02-24,tete19
Dune,2021.0,0.8888888888888888,2024-03-02,tete19
Dune: Part Two,2024.0,1.0,2024-03-03,tete19
BTS: Yet to Come in Cinemas,2023.0,1.0,2024-03-10,tete19
Eternal Sunshine of the Spotless Mind,2004.0,0.4444444444444444,2024-03-16,tete19
All of Us Strangers,2023.0,0.7777777777777778,2024-03-24,tete19
10 Things I Hate About You,1999.0,1.0,2024-03-28,tete19
Emma.,2020.0,0.7777777777777778,2024-03-30,tete19
Past Lives,2023.0,0.8888888888888888,2024-04-10,tete19
The Polar Express,2004.0,0.4444444444444444,2024-04-22,tete19
Finding Nemo,2003.0,1.0,2024-04-22,tete19
A Rainy Day in New York,2019.0,0.6666666666666666,2024-04-24,tete19
Let It Snow,2019.0,0.2222222222222222,2024-04-24,tete19
Call Me by Your Name,2017.0,0.8888888888888888,2024-04-24,tete19
Ghostbusters,2016.0,0.0,2024-04-24,tete19
Rogue One: A Star Wars Story,2016.0,0.8888888888888888,2024-04-24,tete19
Paper Towns,2015.0,0.0,2024-04-24,tete19
Tomorrowland,2015.0,0.2222222222222222,2024-04-24,tete19
Interstellar,2014.0,0.7777777777777778,2024-04-24,tete19
The Hunger Games: Catching Fire,2013.0,1.0,2024-04-24,tete19
Green Lantern,2011.0,0.0,2024-04-24,tete19
The Matrix,1999.0,0.6666666666666666,2024-04-24,tete19
The Silence of the Lambs,1991.0,0.8888888888888888,2024-04-24,tete19
Cinema Paradiso,1988.0,0.8888888888888888,2024-04-24,tete19
The House That Jack Built,2018.0,0.5555555555555556,2024-04-27,tete19
Monkey Man,2024.0,0.7777777777777778,2024-04-30,tete19
The Martian,2015.0,0.6666666666666666,2024-05-02,tete19
The Idea of You,2024.0,0.4444444444444444,2024-05-05,tete19
Zip & Zap and the Captain's Island,2016.0,1.0,2024-05-11,tete19
Stories from the Kronen,1995.0,0.6666666666666666,2024-06-01,tete19
Mad Max: Fury Road,2015.0,0.8888888888888888,2024-06-05,tete19
Furiosa: A Mad Max Saga,2024.0,0.5555555555555556,2024-06-05,tete19
The Crow,1994.0,1.0,2024-06-15,tete19
Almost Famous,2000.0,0.7777777777777778,2024-06-16,tete19
Four Weddings and a Funeral,1994.0,0.8888888888888888,2024-06-16,tete19
Howl's Moving Castle,2004.0,1.0,2024-06-17,tete19
Mean Girls,2024.0,0.4444444444444444,2024-06-21,tete19
12 Angry Men,1957.0,1.0,2024-06-22,tete19
Frances Ha,2012.0,0.8888888888888888,2024-06-22,tete19
Flashdance,1983.0,0.5555555555555556,2024-06-26,tete19
Harry Potter and the Prisoner of Azkaban,2004.0,1.0,2024-06-29,tete19
About Time,2013.0,0.8888888888888888,2024-07-05,tete19
"Love, Divided",2024.0,0.0,2024-07-05,tete19
Lovers of the Arctic Circle,1998.0,0.8888888888888888,2024-07-08,tete19
Open Your Eyes,1997.0,0.7777777777777778,2024-07-25,tete19
Twisters,2024.0,0.6666666666666666,2024-07-28,tete19
Smiley Face,2007.0,0.7777777777777778,2024-08-01,tete19
Longlegs,2024.0,0.6666666666666666,2024-08-15,tete19
Match Point,2005.0,0.7777777777777778,2024-08-20,tete19
My Neighbor Totoro,1988.0,0.8888888888888888,2024-08-20,tete19
Vicky Cristina Barcelona,2008.0,0.6666666666666666,2024-08-24,tete19
Alien: Romulus,2024.0,0.5555555555555556,2024-08-25,tete19
The Crow,2024.0,0.3333333333333333,2024-08-31,tete19
Monty Python and the Holy Grail,1975.0,1.0,2024-09-02,tete19
Paperman,2012.0,1.0,2024-09-02,tete19
Scream,1996.0,0.8888888888888888,2024-09-15,tete19
Bridget Jones's Diary,2001.0,1.0,2024-09-15,tete19
Carrie,1976.0,0.8888888888888888,2024-09-23,tete19
Empire Records,1995.0,1.0,2024-09-28,tete19
Romeo + Juliet,1996.0,0.8888888888888888,2024-10-01,tete19
Moulin Rouge!,2001.0,1.0,2024-10-03,tete19
Joker: Folie à Deux,2024.0,0.4444444444444444,2024-10-05,tete19
Wolfs,2024.0,0.3333333333333333,2024-10-06,tete19
Malignant,2021.0,0.0,2024-10-08,tete19
Strange Way of Life,2023.0,0.5555555555555556,2024-10-08,tete19
Se7en,1995.0,0.8888888888888888,2024-10-13,tete19
Clueless,1995.0,0.6666666666666666,2024-10-14,tete19
Anora,2024.0,0.8888888888888888,2024-11-03,tete19
Love Actually,2003.0,1.0,2024-11-16,tete19
Hamilton,2020.0,1.0,2024-11-23,tete19
Gladiator II,2024.0,0.6666666666666666,2024-11-24,tete19
Saturday Night,2024.0,0.7777777777777778,2024-11-27,tete19
Wicked,2024.0,0.6666666666666666,2024-12-01,tete19
Lisa Frankenstein,2024.0,0.6666666666666666,2024-12-07,tete19
Triangle of Sadness,2022.0,0.7777777777777778,2024-12-08,tete19
Down with Love,2003.0,0.4444444444444444,2024-12-09,tete19
The Fabelmans,2022.0,1.0,2024-12-09,tete19
Emilia Pérez,2024.0,0.0,2024-12-12,tete19
Spirited Away,2001.0,1.0,2024-12-14,tete19
Nosferatu,2024.0,0.6666666666666666,2024-12-19,tete19
The Princess Diaries,2001.0,0.6666666666666666,2024-12-21,tete19
Conclave,2024.0,0.6666666666666666,2024-12-22,tete19
What We Do in the Shadows,2014.0,0.5555555555555556,2024-12-24,tete19
Y2K,2024.0,0.3333333333333333,2024-12-25,tete19
Napoleon,2023.0,0.4444444444444444,2024-12-27,tete19
Challengers,2024.0,0.6666666666666666,2024-12-27,tete19
The Hunger Games,2012.0,0.7777777777777778,2024-12-27,tete19
Beetlejuice,1988.0,0.4444444444444444,2024-12-27,tete19
"The French Dispatch of the Liberty, Kansas Evening Sun",2021.0,0.7777777777777778,2024-12-27,tete19
Elvis,2022.0,0.6666666666666666,2024-12-27,tete19
Trap,2024.0,0.5555555555555556,2024-12-27,tete19
Mr. & Mrs. Smith,2005.0,0.7777777777777778,2024-12-27,tete19
The English Patient,1996.0,0.7777777777777778,2024-12-27,tete19
The Day of the Beast,1995.0,0.6666666666666666,2024-12-27,tete19
Little Miss Sunshine,2006.0,0.7777777777777778,2024-12-27,tete19
"Oh, Canada",2024.0,0.5555555555555556,2024-12-29,tete19
The Witch,2015.0,0.7777777777777778,2025-01-02,tete19
GoodFellas,1990.0,0.7777777777777778,2025-01-03,tete19
Portrait of a Lady on Fire,2019.0,0.7777777777777778,2025-01-18,tete19
The Wonderful Story of Henry Sugar,2023.0,0.7777777777777778,2025-01-20,tete19
Bad Education,2004.0,0.7777777777777778,2025-01-25,tete19
The Brutalist,2024.0,0.7777777777777778,2025-01-28,tete19
"Synecdoche, New York",2008.0,0.6666666666666666,2025-01-30,tete19
Climax,2018.0,0.5555555555555556,2025-02-08,tete19
The Godfather,1972.0,0.7777777777777778,2025-02-09,tete19
The Devil Wears Prada,2006.0,0.7777777777777778,2025-02-10,tete19
The Godfather Part II,1974.0,0.8888888888888888,2025-02-10,tete19
Jojo Rabbit,2019.0,0.7777777777777778,2025-02-12,tete19
The Godfather Part III,1990.0,0.6666666666666666,2025-02-13,tete19
City of God,2002.0,1.0,2025-02-16,tete19
A House on Fire,2024.0,0.7777777777777778,2025-02-23,tete19
Undercover,2024.0,0.6666666666666666,2025-02-23,tete19
Companion,2025.0,0.4444444444444444,2025-02-23,tete19
A Complete Unknown,2024.0,0.7777777777777778,2025-03-02,tete19
Mickey 17,2025.0,0.6666666666666666,2025-03-09,tete19
Tangled,2010.0,1.0,2025-03-26,tete19
Oppenheimer,2023.0,0.6666666666666666,2025-03-28,tete19
No Other Land,2024.0,1.0,2025-03-29,tete19
Ocean's Eleven,2001.0,0.8888888888888888,2025-03-31,tete19
Bodies Bodies Bodies,2022.0,0.5555555555555556,2025-04-06,tete19
Licorice Pizza,2021.0,0.7777777777777778,2025-04-17,tete19
Ruby Sparks,2012.0,0.6666666666666666,2025-04-17,tete19
Shutter Island,2010.0,0.7777777777777778,2025-04-18,tete19
Dog Day Afternoon,1975.0,0.8888888888888888,2025-04-18,tete19
The Gorge,2025.0,0.5555555555555556,2025-04-27,tete19
Fresh,2022.0,0.6666666666666666,2025-05-13,tete19
Marie Antoinette,2006.0,0.7777777777777778,2025-06-08,tete19
The Phoenician Scheme,2025.0,0.7777777777777778,2025-06-11,tete19
Mamma Mia!,2008.0,1.0,2025-06-23,tete19
Mamma Mia! Here We Go Again,2018.0,1.0,2025-06-23,tete19
A Real Pain,2024.0,0.6666666666666666,2025-06-30,tete19
Memento,2000.0,0.7777777777777778,2025-06-30,tete19
KPop Demon Hunters,2025.0,0.7777777777777778,2025-07-05,tete19
Sinners,2025.0,1.0,2025-07-06,tete19
A Film by Kirk,2002.0,1.0,2025-07-07,tete19
Parthenope,2024.0,0.5555555555555556,2025-07-18,tete19
Porco Rosso,1992.0,0.7777777777777778,2025-07-20,tete19
May December,2023.0,0.6666666666666666,2025-07-29,tete19
The Fantastic 4: First Steps,2025.0,0.4444444444444444,2025-07-31,tete19
Ratatouille,2007.0,1.0,2025-08-07,tete19
Law of Desire,1987.0,0.7777777777777778,2025-08-07,tete19
Atonement,2007.0,0.7777777777777778,2025-08-07,tete19
I'm Still Here,2024.0,0.7777777777777778,2025-08-07,tete19
Materialists,2025.0,0.7777777777777778,2025-08-13,tete19
Weapons,2025.0,0.3333333333333333,2025-08-29,tete19
Batman Begins,2005.0,0.4444444444444444,2025-08-29,tete19
The Dark Knight,2008.0,0.7777777777777778,2025-08-29,tete19
Maid in Manhattan,2002.0,0.2222222222222222,2025-08-29,tete19
Catch Me If You Can,2002.0,0.7777777777777778,2025-08-29,tete19
Eyes Wide Shut,1999.0,0.8888888888888888,2025-08-29,tete19
Final Destination,2000.0,0.4444444444444444,2025-08-29,tete19
Corpse Bride,2005.0,1.0,2025-08-29,tete19
Superman,2025.0,0.7777777777777778,2025-08-30,tete19
Cruel Intentions,1999.0,0.5555555555555556,2025-09-01,tete19
Midnight in Paris,2011.0,0.8888888888888888,2025-09-01,tete19
Eddington,2025.0,0.5555555555555556,2025-09-18,tete19
The Captive,2025.0,0.6666666666666666,2025-09-21,tete19
Civil War,2024.0,0.6666666666666666,2025-09-23,tete19
Sundays,2025.0,0.7777777777777778,2025-11-01,tete19
Springsteen: Deliver Me from Nowhere,2025.0,0.6666666666666666,2025-11-02,tete19
Bugonia,2025.0,0.7777777777777778,2025-11-15,tete19
Twilight,2008.0,0.0,2025-11-16,tete19
Gladiator,2000.0,0.4444444444444444,2025-11-25,tete19
The Long Walk,2025.0,0.6666666666666666,2025-11-25,tete19
Playing for Keeps,2012.0,0.0,2025-12-09,tete19
The Cold Light of Day,2012.0,0.1111111111111111,2025-12-09,tete19
Sentimental Value,2025.0,1.0,2025-12-11,tete19
The Dinner,2025.0,0.5555555555555556,2025-12-12,tete19
Cape Fear,1991.0,0.7777777777777778,2025-12-12,tete19
Wake Up Dead Man,2025.0,0.5555555555555556,2025-12-16,tete19
Snatch,2000.0,0.7777777777777778,2025-12-20,tete19
One Battle After Another,2025.0,1.0,2025-12-31,tete19
Magnolia,1999.0,0.8888888888888888,2025-12-31,tete19
Edward Scissorhands,1990.0,0.7777777777777778,2025-12-31,tete19
Dracula,2025.0,0.2222222222222222,2026-01-01,tete19
Romería,2025.0,1.0,2026-01-17,tete19
Attack on Titan The Final Chapters: Special 2,2023.0,1.0,2026-01-17,tete19
Avatar: Fire and Ash,2025.0,0.4444444444444444,2026-01-22,tete19
The Notebook,2004.0,0.2222222222222222,2026-01-27,tete19
Hamnet,2025.0,0.8888888888888888,2026-01-27,tete19
Marty Supreme,2025.0,0.8888888888888888,2026-02-02,tete19
Agora,2009.0,0.5555555555555556,2026-02-09,tete19
Notting Hill,1999.0,1.0,2026-02-15,tete19
Wuthering Heights,2026.0,0.4444444444444444,2026-02-16,tete19
No Other Choice,2025.0,0.7777777777777778,2026-02-21,tete19
Mulholland Drive,2001.0,0.8888888888888888,2026-02-23,tete19
Three Goodbyes,2025.0,0.7777777777777778,2026-03-07,tete19
Eternity,2025.0,0.5555555555555556,2026-03-09,tete19
The Bride!,2026.0,0.2222222222222222,2026-03-09,tete19
F1,2025.0,0.4444444444444444,2026-03-13,tete19
Frankenstein,2025.0,0.5555555555555556,2026-03-14,tete19
Gattaca,1997.0,0.6666666666666666,2026-03-23,tete19
Death Note,2006.0,1.0,2026-03-25,tete19
Project Hail Mary,2026.0,1.0,2026-03-29,tete19
Three Colours: Blue,1993.0,0.7777777777777778,2026-03-31,tete19
Blue Velvet,1986.0,0.7777777777777778,2026-04-02,tete19
Bitter Christmas,2026.0,0.7777777777777778,2026-04-02,tete19
The Name of the Rose,1986.0,0.8888888888888888,2026-04-03,tete19
Three Colours: White,1994.0,0.7777777777777778,2026-04-05,tete19
The Girl with the Dragon Tattoo,2009.0,0.7777777777777778,2026-04-13,tete19
The Girl Who Played with Fire,2009.0,0.6666666666666666,2026-04-13,tete19
Y Tu Mamá También,2001.0,0.8888888888888888,2026-04-13,tete19
High Heels,1991.0,0.8888888888888888,2026-04-21,tete19
Jumanji,1995.0,0.5555555555555556,2026-04-27,tete19
Amadeus,1984.0,0.7777777777777778,2026-04-27,tete19
Across the Universe,2007.0,0.4444444444444444,2026-05-02,tete19
Sirāt,2025.0,0.0,2026-03-30,todochafa
Singular,2025.0,0.6666666666666666,2026-03-30,todochafa
8 Mile,2002.0,0.6666666666666666,2026-03-30,todochafa
Sinister,2012.0,0.7777777777777778,2026-03-30,todochafa
Bring Her Back,2025.0,0.6666666666666666,2026-03-30,todochafa
Project Hail Mary,2026.0,1.0,2026-04-21,todochafa
The Long Walk,2025.0,0.5555555555555556,2026-05-07,todochafa
Rogue One: A Star Wars Story,2016.0,1.0,2026-05-07,todochafa
Star Wars,1977.0,0.7777777777777778,2026-05-07,todochafa
The Empire Strikes Back,1980.0,0.8888888888888888,2026-05-07,todochafa
Return of the Jedi,1983.0,0.6666666666666666,2026-05-07,todochafa
Star Wars: Episode I – The Phantom Menace,1999.0,0.6666666666666666,2026-05-07,todochafa
Star Wars: Episode II – Attack of the Clones,2002.0,0.6666666666666666,2026-05-07,todochafa
Star Wars: Episode III – Revenge of the Sith,2005.0,1.0,2026-05-07,todochafa
Bohemian Rhapsody,2018.0,0.5555555555555556,2019-03-04,UserA
The Green Mile,1999.0,0.7777777777777778,2019-03-04,UserA
La La Land,2016.0,1.0,2019-03-04,UserA
Dead Poets Society,1989.0,1.0,2019-03-04,UserA
Inception,2010.0,1.0,2019-03-04,UserA
Se7en,1995.0,1.0,2019-03-04,UserA
Star Wars,1977.0,0.5555555555555556,2019-03-04,UserA
The Lion King,1994.0,0.5555555555555556,2019-03-04,UserA
Back to the Future,1985.0,1.0,2019-03-04,UserA
Raiders of the Lost Ark,1981.0,0.7777777777777778,2019-03-04,UserA
Toy Story,1995.0,0.5555555555555556,2019-03-04,UserA
Memento,2000.0,1.0,2019-03-04,UserA
Blade Runner,1982.0,0.8888888888888888,2019-03-04,UserA
Interstellar,2014.0,1.0,2019-03-04,UserA
Les Misérables,2012.0,1.0,2019-03-04,UserA
To Kill a Mockingbird,1962.0,0.7777777777777778,2019-03-31,UserA
Isn't It Romantic,2019.0,0.3333333333333333,2019-03-31,UserA
The Nightmare Before Christmas,1993.0,0.7777777777777778,2019-03-31,UserA
School of Rock,2003.0,0.7777777777777778,2019-03-31,UserA
Clueless,1995.0,0.4444444444444444,2019-03-31,UserA
Amélie,2001.0,0.7777777777777778,2019-03-31,UserA
The King's Speech,2010.0,0.8888888888888888,2019-04-07,UserA
Dumbo,2019.0,0.5555555555555556,2019-04-07,UserA
The Edge of Seventeen,2016.0,0.8888888888888888,2019-04-07,UserA
The Polar Express,2004.0,0.0,2019-04-07,UserA
Minority Report,2002.0,0.5555555555555556,2019-04-12,UserA
Forrest Gump,1994.0,0.8888888888888888,2019-04-12,UserA
Groundhog Day,1993.0,0.6666666666666666,2019-04-12,UserA
The Greatest Showman,2017.0,0.6666666666666666,2019-04-12,UserA
Captain Fantastic,2016.0,0.7777777777777778,2019-04-12,UserA
Titanic,1997.0,0.5555555555555556,2019-04-12,UserA
Set It Up,2018.0,0.5555555555555556,2019-04-12,UserA
The Intouchables,2011.0,0.7777777777777778,2019-04-12,UserA
Footloose,1984.0,0.4444444444444444,2019-04-12,UserA
Ocean's Eight,2018.0,0.5555555555555556,2019-04-12,UserA
Ex Machina,2015.0,0.4444444444444444,2019-04-12,UserA
Billy Elliot,2000.0,0.7777777777777778,2019-04-12,UserA
Black Mirror: Bandersnatch,2018.0,0.6666666666666666,2019-04-12,UserA
In the Heart of the Sea,2015.0,0.5555555555555556,2019-04-12,UserA
Amadeus,1984.0,0.7777777777777778,2019-04-12,UserA
Four Weddings and a Funeral,1994.0,0.8888888888888888,2019-04-12,UserA
Willy Wonka & the Chocolate Factory,1971.0,0.6666666666666666,2019-04-12,UserA
The Shape of Water,2017.0,0.5555555555555556,2019-04-12,UserA
"Love, Simon",2018.0,0.6666666666666666,2019-04-12,UserA
Kubo and the Two Strings,2016.0,0.5555555555555556,2019-04-12,UserA
Begin Again,2013.0,0.7777777777777778,2019-04-12,UserA
Mean Girls,2004.0,0.7777777777777778,2019-04-12,UserA
Get Out,2017.0,0.7777777777777778,2019-04-14,UserA
The Matrix,1999.0,0.8888888888888888,2019-04-15,UserA
"The Adventures of Priscilla, Queen of the Desert",1994.0,0.8888888888888888,2019-04-15,UserA
The Birdcage,1996.0,0.8888888888888888,2019-04-15,UserA
Jumanji,1995.0,0.6666666666666666,2019-04-15,UserA
Mrs. Doubtfire,1993.0,0.7777777777777778,2019-04-15,UserA
The Kissing Booth,2018.0,0.0,2019-04-15,UserA
To All the Boys I've Loved Before,2018.0,0.3333333333333333,2019-04-15,UserA
Sierra Burgess Is a Loser,2018.0,0.1111111111111111,2019-04-15,UserA
SPF-18,2017.0,0.2222222222222222,2019-04-15,UserA
How to Build a Better Boy,2014.0,0.0,2019-04-15,UserA
The Game,1997.0,0.8888888888888888,2019-04-15,UserA
The Terminator,1984.0,0.5555555555555556,2019-04-17,UserA
Big Fish,2003.0,0.7777777777777778,2019-04-17,UserA
Black Panther,2018.0,0.3333333333333333,2019-04-17,UserA
Like Father,2018.0,0.4444444444444444,2019-04-17,UserA
Okja,2017.0,0.6666666666666666,2019-04-17,UserA
First Man,2018.0,0.4444444444444444,2019-04-18,UserA
Allegiant,2016.0,0.0,2019-04-18,UserA
Mamma Mia! Here We Go Again,2018.0,0.3333333333333333,2019-04-18,UserA
The DUFF,2015.0,0.3333333333333333,2019-04-18,UserA
Expelled,2014.0,0.1111111111111111,2019-04-19,UserA
Indiana Jones and the Last Crusade,1989.0,0.6666666666666666,2019-04-19,UserA
Batman Begins,2005.0,0.5555555555555556,2019-04-19,UserA
Nerve,2016.0,0.2222222222222222,2019-04-19,UserA
The Goonies,1985.0,0.7777777777777778,2019-04-19,UserA
Jupiter Ascending,2015.0,0.0,2019-04-19,UserA
The Perfect Date,2019.0,0.2222222222222222,2019-04-19,UserA
How to Train Your Dragon,2010.0,0.3333333333333333,2019-04-19,UserA
How to Train Your Dragon 2,2014.0,0.2222222222222222,2019-04-19,UserA
Harry Potter and the Chamber of Secrets,2002.0,0.5555555555555556,2019-04-19,UserA
Home Alone,1990.0,0.6666666666666666,2019-04-19,UserA
The SpongeBob SquarePants Movie,2004.0,0.2222222222222222,2019-04-19,UserA
Bridget Jones: The Edge of Reason,2004.0,0.4444444444444444,2019-04-19,UserA
Mary Poppins Returns,2018.0,0.5555555555555556,2019-04-19,UserA
Jurassic Park,1993.0,0.5555555555555556,2019-04-19,UserA
Little Shop of Horrors,1986.0,0.7777777777777778,2019-04-19,UserA
Fantastic Beasts and Where to Find Them,2016.0,0.4444444444444444,2019-04-20,UserA
Hidden Figures,2016.0,0.5555555555555556,2019-04-20,UserA
Mission: Impossible – Fallout,2018.0,0.1111111111111111,2019-04-20,UserA
Bao,2018.0,0.5555555555555556,2019-04-20,UserA
A Quiet Place,2018.0,0.6666666666666666,2019-04-20,UserA
The Boss Baby,2017.0,0.1111111111111111,2019-04-20,UserA
Rogue One: A Star Wars Story,2016.0,0.3333333333333333,2019-04-20,UserA
Paper Towns,2015.0,0.2222222222222222,2019-04-20,UserA
Kingsman: The Secret Service,2014.0,0.0,2019-04-20,UserA
Over the Garden Wall,2014.0,1.0,2019-04-20,UserA
Radio Rebel,2012.0,0.1111111111111111,2019-04-20,UserA
Geek Charming,2011.0,0.1111111111111111,2019-04-20,UserA
Beverly Hills Chihuahua 2,2011.0,0.0,2019-04-20,UserA
Percy Jackson & the Olympians: The Lightning Thief,2010.0,0.2222222222222222,2019-04-20,UserA
Ready Player One,2018.0,0.4444444444444444,2019-04-20,UserA
How the Beatles Changed the World,2017.0,0.4444444444444444,2019-04-21,UserA
Suicide Squad,2016.0,0.0,2019-04-21,UserA
Crazy Rich Asians,2018.0,0.5555555555555556,2019-04-21,UserA
Someone Great,2019.0,0.4444444444444444,2019-04-23,UserA
Unbreakable,2000.0,0.6666666666666666,2019-04-28,UserA
E.T. the Extra-Terrestrial,1982.0,0.6666666666666666,2019-05-03,UserA
Jurassic World: Fallen Kingdom,2018.0,0.2222222222222222,2019-05-19,UserA
Kingsman: The Golden Circle,2017.0,0.2222222222222222,2019-05-19,UserA
Letters to Juliet,2010.0,0.5555555555555556,2019-05-19,UserA
Léon: The Professional,1994.0,0.7777777777777778,2019-05-20,UserA
Rocketman,2019.0,0.7777777777777778,2019-06-04,UserA
Booksmart,2019.0,0.8888888888888888,2019-06-16,UserA
Black Mirror: Striking Vipers,2019.0,0.2222222222222222,2019-06-16,UserA
"Black Mirror: Rachel, Jack and Ashley Too",2019.0,0.3333333333333333,2019-06-16,UserA
20th Century Women,2016.0,0.4444444444444444,2019-06-16,UserA
The Breakfast Club,1985.0,0.7777777777777778,2019-06-19,UserA
Black Mirror: Smithereens,2019.0,0.6666666666666666,2019-06-21,UserA
Beats,2019.0,0.2222222222222222,2019-06-22,UserA
Once Upon a Time... in Hollywood,2019.0,0.5555555555555556,2019-08-20,UserA
Generation Wealth,2018.0,0.5555555555555556,2019-08-20,UserA
Kiki's Delivery Service,1989.0,0.5555555555555556,2019-08-21,UserA
Dirty Dancing,1987.0,0.3333333333333333,2019-08-23,UserA
Jawbreaker,1999.0,0.4444444444444444,2019-08-23,UserA
The Devil Wears Prada,2006.0,0.7777777777777778,2019-08-28,UserA
American History X,1998.0,0.8888888888888888,2019-08-31,UserA
Black Mirror: San Junipero,2016.0,0.5555555555555556,2019-09-08,UserA
Eye for an Eye,2019.0,0.2222222222222222,2019-09-10,UserA
Rilakkuma and Kaoru,2019.0,0.5555555555555556,2019-09-10,UserA
Tall Girl,2019.0,0.1111111111111111,2019-09-21,UserA
Summer Camp Island,2016.0,0.6666666666666666,2019-09-30,UserA
The Perks of Being a Wallflower,2012.0,1.0,2019-10-29,UserA
Fight Club,1999.0,1.0,2019-10-29,UserA
The Silence of the Lambs,1991.0,0.8888888888888888,2019-10-29,UserA
Edward Scissorhands,1990.0,0.7777777777777778,2019-10-29,UserA
Gilmore Girls: A Year in the Life,2016.0,0.0,2019-11-04,UserA
Pulp Fiction,1994.0,1.0,2019-11-05,UserA
Apollo 11,2019.0,0.6666666666666666,2019-11-10,UserA
Captains Courageous,1937.0,0.6666666666666666,2019-11-10,UserA
Easy A,2010.0,0.5555555555555556,2019-11-10,UserA
Parasite,2019.0,0.7777777777777778,2019-11-11,UserA
Black Mirror: Shut Up and Dance,2016.0,0.7777777777777778,2019-11-30,UserA
Dave,1993.0,0.6666666666666666,2019-12-07,UserA
Little Women,2017.0,0.7777777777777778,2019-12-26,UserA
Back to the Future Part II,1989.0,0.7777777777777778,2019-12-26,UserA
Back to the Future Part III,1990.0,0.7777777777777778,2019-12-26,UserA
Let It Snow,2019.0,0.4444444444444444,2020-01-04,UserA
Little Women,2019.0,1.0,2020-01-13,UserA
Green Book,2018.0,0.4444444444444444,2020-01-14,UserA
The Circle,2017.0,0.5555555555555556,2020-01-14,UserA
Don't F**k with Cats: Hunting an Internet Killer,2019.0,0.3333333333333333,2020-01-16,UserA
Witness for the Prosecution,1957.0,0.7777777777777778,2020-01-24,UserA
Shaft,2019.0,0.2222222222222222,2020-01-27,UserA
Watchmen,2019.0,0.7777777777777778,2020-02-01,UserA
Marriage Story,2019.0,0.7777777777777778,2020-02-05,UserA
Sherlock: The Great Game,2010.0,0.7777777777777778,2020-02-10,UserA
Sherlock: A Scandal in Belgravia,2012.0,0.7777777777777778,2020-02-10,UserA
Sherlock: The Reichenbach Fall,2012.0,0.7777777777777778,2020-02-10,UserA
Sherlock: The Empty Hearse,2014.0,0.7777777777777778,2020-02-10,UserA
Sherlock: The Sign of Three,2014.0,0.7777777777777778,2020-02-10,UserA
Sherlock: His Last Vow,2014.0,0.6666666666666666,2020-02-10,UserA
Sherlock: The Six Thatchers,2017.0,0.6666666666666666,2020-02-10,UserA
Sherlock: The Lying Detective,2017.0,0.6666666666666666,2020-02-10,UserA
Sherlock: The Final Problem,2017.0,0.6666666666666666,2020-02-10,UserA
The Godfather,1972.0,0.5555555555555556,2020-02-10,UserA
To All the Boys: P.S. I Still Love You,2020.0,0.3333333333333333,2020-02-15,UserA
Terminator 2: Judgment Day,1991.0,0.4444444444444444,2020-02-21,UserA
Us,2019.0,0.5555555555555556,2020-02-21,UserA
Good Will Hunting,1997.0,0.8888888888888888,2020-02-26,UserA
Black Mirror: White Bear,2013.0,0.7777777777777778,2020-02-26,UserA
It,2017.0,0.6666666666666666,2020-02-29,UserA
One Flew Over the Cuckoo's Nest,1975.0,0.7777777777777778,2020-03-02,UserA
The Specials,2019.0,0.5555555555555556,2020-03-07,UserA
Trainspotting,1996.0,1.0,2020-03-08,UserA
Apollo 13,1995.0,0.7777777777777778,2020-03-08,UserA
The Terminal,2004.0,0.7777777777777778,2020-03-08,UserA
Notting Hill,1999.0,0.8888888888888888,2020-03-08,UserA
The Fifth Element,1997.0,0.7777777777777778,2020-03-08,UserA
1917,2019.0,0.6666666666666666,2020-03-08,UserA
Kill Bill: Vol. 1,2003.0,0.8888888888888888,2020-03-08,UserA
Kill Bill: Vol. 2,2004.0,0.7777777777777778,2020-03-08,UserA
The Emoji Movie,2017.0,0.0,2020-03-08,UserA
Sausage Party,2016.0,0.0,2020-03-08,UserA
"Tad, the Lost Explorer",2012.0,0.0,2020-03-08,UserA
Moonrise Kingdom,2012.0,1.0,2020-03-15,UserA
Twinsters,2015.0,0.5555555555555556,2020-03-19,UserA
Contagion,2011.0,0.5555555555555556,2020-03-19,UserA
Beautiful Boy,2018.0,0.6666666666666666,2020-03-20,UserA
Seventeen,2019.0,0.5555555555555556,2020-03-24,UserA
Heathers,1989.0,0.6666666666666666,2020-03-27,UserA
The Money Pit,1986.0,0.4444444444444444,2020-03-28,UserA
The Platform,2019.0,0.5555555555555556,2020-03-29,UserA
Invictus,2009.0,0.4444444444444444,2020-03-30,UserA
Cube,1997.0,0.5555555555555556,2020-04-02,UserA
Wonder,2017.0,0.5555555555555556,2020-04-02,UserA
Grease,1978.0,0.6666666666666666,2020-04-02,UserA
Yesterday,2019.0,0.4444444444444444,2020-04-04,UserA
Primal Fear,1996.0,0.7777777777777778,2020-04-05,UserA
Frances Ha,2012.0,0.8888888888888888,2020-04-06,UserA
The Bling Ring,2013.0,0.4444444444444444,2020-04-12,UserA
Unicorn Store,2017.0,0.4444444444444444,2020-04-16,UserA
Murder on the Orient Express,2017.0,0.3333333333333333,2020-04-18,UserA
A Rainy Day in New York,2019.0,0.7777777777777778,2020-04-18,UserA
The Stanford Prison Experiment,2015.0,0.7777777777777778,2020-04-18,UserA
Spanish Affair,2014.0,0.4444444444444444,2020-04-22,UserA
Edge of Tomorrow,2014.0,0.3333333333333333,2020-04-26,UserA
Frozen II,2019.0,0.5555555555555556,2020-04-27,UserA
Napoleon Dynamite,2004.0,0.5555555555555556,2020-04-27,UserA
Money Heist: The Phenomenon,2020.0,0.5555555555555556,2020-04-27,UserA
Corpse Bride,2005.0,0.7777777777777778,2020-04-28,UserA
Christopher Robin,2018.0,0.6666666666666666,2020-04-28,UserA
Ex Libris: The New York Public Library,2017.0,0.4444444444444444,2020-05-04,UserA
Spinners,2014.0,0.3333333333333333,2020-05-04,UserA
Sixteen Candles,1984.0,0.2222222222222222,2020-05-07,UserA
The Da Vinci Code,2006.0,0.3333333333333333,2020-05-07,UserA
The Maze Runner,2014.0,0.3333333333333333,2020-05-07,UserA
A Ghost Story,2017.0,0.4444444444444444,2020-05-11,UserA
Vertigo,1958.0,0.6666666666666666,2020-05-16,UserA
The Sixth Sense,1999.0,0.6666666666666666,2020-05-18,UserA
Shutter Island,2010.0,0.6666666666666666,2020-05-31,UserA
Life Itself,2018.0,0.3333333333333333,2020-06-01,UserA
The Theory of Everything,2014.0,0.5555555555555556,2020-06-06,UserA
L.A. Confidential,1997.0,0.8888888888888888,2020-06-07,UserA
Wildlife,2018.0,0.5555555555555556,2020-06-11,UserA
Bad Education,2019.0,0.6666666666666666,2020-06-14,UserA
As Good as It Gets,1997.0,0.6666666666666666,2020-06-15,UserA
It's Kind of a Funny Story,2010.0,0.5555555555555556,2020-06-26,UserA
The Virgin Suicides,1999.0,0.7777777777777778,2020-06-29,UserA
Black Mirror: Fifteen Million Merits,2011.0,0.7777777777777778,2020-07-01,UserA
Black Mirror: The Waldo Moment,2013.0,0.5555555555555556,2020-07-05,UserA
Black Mirror: White Christmas,2014.0,0.6666666666666666,2020-07-05,UserA
Submarine,2010.0,0.7777777777777778,2020-07-12,UserA
Eternal Sunshine of the Spotless Mind,2004.0,0.4444444444444444,2020-07-12,UserA
Mona Lisa Smile,2003.0,0.5555555555555556,2020-07-12,UserA
The Farewell,2019.0,0.7777777777777778,2020-07-15,UserA
Some Like It Hot,1959.0,0.8888888888888888,2020-07-18,UserA
Paddington 2,2017.0,0.7777777777777778,2020-07-25,UserA
The Private Life of Sherlock Holmes,1970.0,0.5555555555555556,2020-07-27,UserA
Harry Potter and the Prisoner of Azkaban,2004.0,1.0,2020-07-29,UserA
Military Wives,2019.0,0.4444444444444444,2020-08-13,UserA
Bend It Like Beckham,2002.0,0.6666666666666666,2020-08-13,UserA
The Princess Bride,1987.0,0.4444444444444444,2020-08-19,UserA
Return of the Jedi,1983.0,0.6666666666666666,2020-08-19,UserA
2001: A Space Odyssey,1968.0,1.0,2020-08-19,UserA
The Sound of Music,1965.0,0.5555555555555556,2020-08-19,UserA
Mary Poppins,1964.0,0.6666666666666666,2020-08-19,UserA
Alice in Wonderland,1951.0,0.6666666666666666,2020-08-19,UserA
Enola Holmes,2020.0,0.7777777777777778,2020-10-03,UserA
Les Misérables,2019.0,0.8888888888888888,2020-10-04,UserA
Greenland,2020.0,0.5555555555555556,2020-10-05,UserA
Pride & Prejudice,2005.0,0.8888888888888888,2020-10-11,UserA
Stand by Me,1986.0,0.7777777777777778,2020-10-13,UserA
Quiz,2020.0,0.5555555555555556,2020-11-02,UserA
8 Mile,2002.0,0.6666666666666666,2020-11-03,UserA
Emma.,2020.0,0.7777777777777778,2020-11-03,UserA
Philadelphia,1993.0,0.6666666666666666,2020-11-04,UserA
Donnie Darko,2001.0,0.6666666666666666,2020-11-16,UserA
The Queen's Gambit,2020.0,0.8888888888888888,2020-11-29,UserA
The Commitments,1991.0,0.8888888888888888,2020-11-30,UserA
Shakespeare in Love,1998.0,0.5555555555555556,2020-12-19,UserA
Hannibal,2001.0,0.5555555555555556,2020-12-19,UserA
My Life as a Zucchini,2016.0,0.8888888888888888,2020-12-20,UserA
Love Actually,2003.0,1.0,2020-12-21,UserA
The Midnight Sky,2020.0,0.4444444444444444,2021-01-05,UserA
The Minimalists: Less Is Now,2021.0,0.3333333333333333,2021-01-09,UserA
Fisherman's Friends,2019.0,0.5555555555555556,2021-01-18,UserA
Snatch,2000.0,0.8888888888888888,2021-01-25,UserA
The Dark Knight Rises,2012.0,0.6666666666666666,2021-01-30,UserA
Rushmore,1998.0,0.6666666666666666,2021-01-31,UserA
The Wolf of Wall Street,2013.0,0.8888888888888888,2021-02-01,UserA
The Fisher King,1991.0,0.6666666666666666,2021-02-13,UserA
Miss Americana,2020.0,0.8888888888888888,2021-02-15,UserA
Promising Young Woman,2020.0,0.6666666666666666,2021-02-22,UserA
Before Sunrise,1995.0,1.0,2021-02-23,UserA
Portrait of a Lady on Fire,2019.0,0.8888888888888888,2021-03-03,UserA
Her,2013.0,1.0,2021-03-03,UserA
John Tucker Must Die,2006.0,0.5555555555555556,2021-03-21,UserA
Minari,2020.0,0.6666666666666666,2021-03-30,UserA
Palm Springs,2020.0,0.6666666666666666,2021-04-02,UserA
Pride,2014.0,0.8888888888888888,2021-04-03,UserA
Nomadland,2020.0,0.5555555555555556,2021-04-05,UserA
Howl's Moving Castle,2004.0,0.7777777777777778,2021-04-05,UserA
Hoosiers,1986.0,0.6666666666666666,2021-04-18,UserA
I Care a Lot,2020.0,0.5555555555555556,2021-05-02,UserA
The Squid and the Whale,2005.0,0.7777777777777778,2021-05-04,UserA
"Torrente, the Dumb Arm of the Law",1998.0,0.5555555555555556,2021-05-29,UserA
10 Things I Hate About You,1999.0,1.0,2021-06-01,UserA
Bo Burnham: Inside,2021.0,1.0,2021-06-05,UserA
Cruella,2021.0,0.5555555555555556,2021-06-13,UserA
Circle,2015.0,0.4444444444444444,2021-06-20,UserA
The King of Staten Island,2020.0,0.6666666666666666,2021-06-21,UserA
Baby Driver,2017.0,0.6666666666666666,2021-06-27,UserA
The Truman Show,1998.0,1.0,2021-07-04,UserA
In the Heights,2021.0,0.6666666666666666,2021-07-05,UserA
A Quiet Place Part II,2020.0,0.6666666666666666,2021-07-11,UserA
Rain Man,1988.0,0.8888888888888888,2021-07-11,UserA
Clue,1985.0,0.4444444444444444,2021-07-17,UserA
But I'm a Cheerleader,1999.0,0.6666666666666666,2021-07-18,UserA
Dark Blue Almost Black,2006.0,0.5555555555555556,2021-07-22,UserA
Molly's Game,2017.0,0.7777777777777778,2021-07-22,UserA
Pitch Perfect,2012.0,0.7777777777777778,2021-07-22,UserA
Almost Famous,2000.0,0.6666666666666666,2021-08-07,UserA
The Untouchables,1987.0,0.7777777777777778,2021-08-09,UserA
Old,2021.0,0.5555555555555556,2021-08-21,UserA
Nine Queens,2000.0,0.5555555555555556,2021-08-23,UserA
Zodiac,2007.0,0.7777777777777778,2021-08-24,UserA
The Dark Knight,2008.0,0.8888888888888888,2021-08-24,UserA
Radio Days,1987.0,0.7777777777777778,2021-09-06,UserA
Split,2016.0,0.6666666666666666,2021-09-12,UserA
Dune,2021.0,1.0,2021-09-20,UserA
Glass,2019.0,0.4444444444444444,2021-10-04,UserA
She's All That,1999.0,0.4444444444444444,2021-10-04,UserA
Parallel Mothers,2021.0,0.5555555555555556,2021-10-11,UserA
Knives Out,2019.0,0.8888888888888888,2021-10-15,UserA
Downsizing,2017.0,0.3333333333333333,2021-10-24,UserA
"The French Dispatch of the Liberty, Kansas Evening Sun",2021.0,0.7777777777777778,2021-11-01,UserA
"Legally Blonde 2: Red, White & Blonde",2003.0,0.4444444444444444,2021-11-07,UserA
Enemy,2013.0,0.2222222222222222,2021-11-07,UserA
Finch,2021.0,0.5555555555555556,2021-11-11,UserA
American Psycho,2000.0,0.8888888888888888,2021-11-21,UserA
House of Gucci,2021.0,0.6666666666666666,2021-11-29,UserA
The Hurricane,1999.0,0.6666666666666666,2021-12-04,UserA
Spider-Man: Into the Spider-Verse,2018.0,0.7777777777777778,2021-12-19,UserA
West Side Story,2021.0,0.6666666666666666,2022-01-08,UserA
The Outsiders,1983.0,0.7777777777777778,2022-01-10,UserA
Punch-Drunk Love,2002.0,0.4444444444444444,2022-01-10,UserA
Being the Ricardos,2021.0,0.5555555555555556,2022-01-17,UserA
The Boy in the Striped Pyjamas,2008.0,0.3333333333333333,2022-01-21,UserA
The Eyes of Tammy Faye,2021.0,0.5555555555555556,2022-02-07,UserA
The Green Knight,2021.0,0.3333333333333333,2022-02-07,UserA
The Big Short,2015.0,0.8888888888888888,2022-02-20,UserA
Zombieland,2009.0,0.7777777777777778,2022-02-26,UserA
Death on the Nile,2022.0,0.2222222222222222,2022-02-26,UserA
Pretty Woman,1990.0,0.6666666666666666,2022-03-07,UserA
Ferris Bueller's Day Off,1986.0,0.6666666666666666,2022-03-09,UserA
Saving Private Ryan,1998.0,0.8888888888888888,2022-03-13,UserA
Slumdog Millionaire,2008.0,0.7777777777777778,2022-03-13,UserA
Fantastic Beasts: The Crimes of Grindelwald,2018.0,0.4444444444444444,2022-04-09,UserA
The Day of the Beast,1995.0,0.6666666666666666,2022-04-09,UserA
Zombieland: Double Tap,2019.0,0.5555555555555556,2022-04-10,UserA
Worth,2020.0,0.5555555555555556,2022-04-11,UserA
The Worst Person in the World,2021.0,1.0,2022-04-25,UserA
Everything Everywhere All at Once,2022.0,0.7777777777777778,2022-06-23,UserA
Erin Brockovich,2000.0,0.6666666666666666,2022-06-28,UserA
Brokeback Mountain,2005.0,1.0,2022-07-10,UserA
The Purple Rose of Cairo,1985.0,0.7777777777777778,2022-07-28,UserA
Take the Money and Run,1969.0,0.6666666666666666,2022-07-28,UserA
Operation Mincemeat,2021.0,0.6666666666666666,2022-07-30,UserA
Memoirs of a Geisha,2005.0,0.4444444444444444,2022-08-04,UserA
Blinded by the Light,2019.0,0.5555555555555556,2022-08-15,UserA
The Amazing Spider-Man,2012.0,0.6666666666666666,2022-08-15,UserA
The Amazing Spider-Man 2,2014.0,0.4444444444444444,2022-08-15,UserA
Normal People,2020.0,1.0,2022-08-15,UserA
Zero Dark Thirty,2012.0,0.6666666666666666,2022-08-17,UserA
Barton Fink,1991.0,0.3333333333333333,2022-08-21,UserA
Popstar: Never Stop Never Stopping,2016.0,0.2222222222222222,2022-08-21,UserA
Hot Summer Nights,2017.0,0.5555555555555556,2022-08-27,UserA
The Queen,2006.0,0.5555555555555556,2022-09-12,UserA
Belfast,2021.0,0.6666666666666666,2022-10-02,UserA
Boiling Point,2021.0,1.0,2022-10-02,UserA
Carol,2015.0,0.8888888888888888,2022-10-02,UserA
Do Revenge,2022.0,0.4444444444444444,2022-10-02,UserA
Not Okay,2022.0,0.4444444444444444,2022-10-02,UserA
Ready or Not,2019.0,0.3333333333333333,2022-10-02,UserA
The Great Gatsby,2013.0,0.3333333333333333,2022-10-02,UserA
Land of Mine,2015.0,0.8888888888888888,2022-10-02,UserA
Annie Hall,1977.0,1.0,2022-10-02,UserA
Shiva Baby,2020.0,0.7777777777777778,2022-10-02,UserA
"Three Billboards Outside Ebbing, Missouri",2017.0,0.6666666666666666,2022-10-09,UserA
Don't Look Up,2021.0,0.5555555555555556,2022-10-09,UserA
Beetlejuice,1988.0,0.5555555555555556,2022-10-22,UserA
The 12th Suspect,2019.0,0.2222222222222222,2022-10-27,UserA
Queer You Are,2021.0,0.7777777777777778,2022-10-27,UserA
East of Eden,1955.0,0.3333333333333333,2022-10-30,UserA
Hot Fuzz,2007.0,0.5555555555555556,2022-10-30,UserA
Chungking Express,1994.0,0.5555555555555556,2022-11-01,UserA
Stalker,1979.0,0.7777777777777778,2022-11-02,UserA
Entergalactic,2022.0,0.4444444444444444,2022-11-06,UserA
Lethal Weapon,1987.0,0.6666666666666666,2022-11-08,UserA
Gattaca,1997.0,0.6666666666666666,2022-11-13,UserA
The Front Page,1974.0,0.7777777777777778,2022-11-13,UserA
Holmes & Watson: Madrid Days,2012.0,0.3333333333333333,2022-11-19,UserA
Cousinhood,2011.0,0.6666666666666666,2022-11-20,UserA
Turning Red,2022.0,0.4444444444444444,2022-12-04,UserA
Sunshine on Leith,2013.0,0.6666666666666666,2022-12-04,UserA
Nope,2022.0,0.2222222222222222,2022-12-04,UserA
Bones and All,2022.0,0.4444444444444444,2022-12-05,UserA
The Menu,2022.0,0.3333333333333333,2022-12-05,UserA
Anatomy of a Murder,1959.0,0.8888888888888888,2022-12-05,UserA
It's a Wonderful Life,1946.0,0.4444444444444444,2022-12-17,UserA
Monty Python's The Meaning of Life,1983.0,0.8888888888888888,2022-12-25,UserA
All Quiet on the Western Front,2022.0,0.8888888888888888,2022-12-26,UserA
GoodFellas,1990.0,0.7777777777777778,2022-12-26,UserA
Aftersun,2022.0,1.0,2022-12-31,UserA
The Pale Blue Eye,2022.0,0.6666666666666666,2023-01-23,UserA
The Blues Brothers,1980.0,0.7777777777777778,2023-01-24,UserA
Marie Antoinette,2006.0,0.7777777777777778,2023-01-24,UserA
Miss Sloane,2016.0,0.6666666666666666,2023-01-24,UserA
Gosford Park,2001.0,0.3333333333333333,2023-01-24,UserA
The Batman,2022.0,0.6666666666666666,2023-01-24,UserA
Le Cercle Rouge,1970.0,0.5555555555555556,2023-01-25,UserA
Babylon,2022.0,0.6666666666666666,2023-02-14,UserA
The Banshees of Inisherin,2022.0,0.6666666666666666,2023-02-15,UserA
Monty Python and the Holy Grail,1975.0,1.0,2023-02-19,UserA
The Night of the 12th,2022.0,0.3333333333333333,2023-02-19,UserA
The Secret Life of Pets,2016.0,0.2222222222222222,2023-02-26,UserA
Taxi Driver,1976.0,1.0,2023-03-19,UserA
Lady Bird,2017.0,0.8888888888888888,2023-03-19,UserA
Top Gun: Maverick,2022.0,0.3333333333333333,2023-04-03,UserA
Insomnia,2002.0,0.4444444444444444,2023-04-03,UserA
Dark Waters,2019.0,0.5555555555555556,2023-04-11,UserA
Paprika,2006.0,0.6666666666666666,2023-04-15,UserA
The Seven-Per-Cent Solution,1976.0,0.4444444444444444,2023-04-17,UserA
Jerry Maguire,1996.0,0.6666666666666666,2023-05-01,UserA
Kramer vs. Kramer,1979.0,1.0,2023-05-23,UserA
Spider-Man: Across the Spider-Verse,2023.0,0.7777777777777778,2023-06-10,UserA
The Art of Getting By,2011.0,0.2222222222222222,2023-06-11,UserA
Asteroid City,2023.0,0.7777777777777778,2023-06-19,UserA
Interiors,1978.0,0.4444444444444444,2023-06-26,UserA
No Hard Feelings,2023.0,0.4444444444444444,2023-06-30,UserA
Indiana Jones and the Dial of Destiny,2023.0,0.4444444444444444,2023-07-03,UserA
Bottle Rocket,1996.0,0.6666666666666666,2023-07-09,UserA
The Life Aquatic with Steve Zissou,2004.0,0.6666666666666666,2023-07-09,UserA
Fantastic Mr. Fox,2009.0,0.6666666666666666,2023-07-09,UserA
The Darjeeling Limited,2007.0,0.8888888888888888,2023-07-09,UserA
The Royal Tenenbaums,2001.0,0.8888888888888888,2023-07-09,UserA
The Angels' Share,2012.0,0.5555555555555556,2023-07-10,UserA
Operation Varsity Blues: The College Admissions Scandal,2021.0,0.4444444444444444,2023-07-10,UserA
The Hangover,2009.0,0.3333333333333333,2023-07-21,UserA
12 Angry Men,1957.0,1.0,2023-07-23,UserA
Legally Blonde,2001.0,0.6666666666666666,2023-07-23,UserA
The Graduate,1967.0,0.8888888888888888,2023-07-25,UserA
Oppenheimer,2023.0,0.6666666666666666,2023-08-05,UserA
World of Tomorrow Episode Two: The Burden of Other People's Thoughts,2017.0,0.1111111111111111,2023-08-05,UserA
The Sting,1973.0,0.8888888888888888,2023-08-05,UserA
Romeo + Juliet,1996.0,0.2222222222222222,2023-08-07,UserA
The Great Escape,1963.0,0.8888888888888888,2023-08-07,UserA
The Party,2017.0,0.3333333333333333,2023-08-12,UserA
Sweet Bean,2015.0,0.7777777777777778,2023-08-23,UserA
Sleuth,1972.0,1.0,2023-08-23,UserA
Searching,2018.0,0.5555555555555556,2023-08-23,UserA
Virgin Mountain,2015.0,0.8888888888888888,2023-08-23,UserA
Airplane!,1980.0,1.0,2023-08-23,UserA
"Dawn Breaks, Which Is No Small Thing",1989.0,0.8888888888888888,2023-08-23,UserA
Sense and Sensibility,1995.0,0.7777777777777778,2023-08-29,UserA
Love & Death,2023.0,0.3333333333333333,2023-10-10,UserA
Blonde,2022.0,0.1111111111111111,2023-10-17,UserA
All About My Mother,1999.0,0.6666666666666666,2023-10-21,UserA
"Red, White & Royal Blue",2023.0,0.2222222222222222,2023-10-25,UserA
Pain and Glory,2019.0,0.7777777777777778,2023-10-28,UserA
The Shawshank Redemption,1994.0,1.0,2023-10-28,UserA
The Killer,2023.0,0.7777777777777778,2023-10-29,UserA
Hereditary,2018.0,0.5555555555555556,2023-11-05,UserA
Orgazmo,1997.0,0.0,2023-11-05,UserA
Theater Camp,2023.0,0.7777777777777778,2023-11-06,UserA
The Social Network,2010.0,0.6666666666666666,2023-11-12,UserA
Memories of Murder,2003.0,1.0,2023-11-18,UserA
Alphaville,1965.0,0.7777777777777778,2023-11-18,UserA
Akira,1988.0,0.3333333333333333,2023-11-25,UserA
See How They Run,2022.0,0.5555555555555556,2023-11-26,UserA
Napoleon,2023.0,0.5555555555555556,2023-11-27,UserA
Isle of Dogs,2018.0,0.6666666666666666,2023-12-02,UserA
This Is England,2006.0,1.0,2023-12-07,UserA
Anatomy of a Fall,2023.0,0.6666666666666666,2023-12-08,UserA
The Family Stone,2005.0,0.4444444444444444,2023-12-15,UserA
While You Were Sleeping,1995.0,0.5555555555555556,2023-12-15,UserA
The Usual Suspects,1995.0,0.8888888888888888,2023-12-17,UserA
The Holiday,2006.0,0.6666666666666666,2023-12-17,UserA
Sleepless in Seattle,1993.0,0.3333333333333333,2023-12-20,UserA
Call Me by Your Name,2017.0,0.7777777777777778,2023-12-23,UserA
TÁR,2022.0,0.4444444444444444,2023-12-31,UserA
Saltburn,2023.0,0.4444444444444444,2024-01-05,UserA
Barbie,2023.0,0.8888888888888888,2024-01-06,UserA
"Girl, Interrupted",1999.0,0.6666666666666666,2024-01-06,UserA
The Lord of the Rings: The Two Towers,2002.0,0.7777777777777778,2024-01-06,UserA
Glass Onion,2022.0,0.5555555555555556,2024-01-06,UserA
Whiplash,2014.0,1.0,2024-01-08,UserA
The Holdovers,2023.0,1.0,2024-01-15,UserA
"20,000 Species of Bees",2023.0,0.8888888888888888,2024-01-15,UserA
Drive,2011.0,0.7777777777777778,2024-01-15,UserA
Black Swan,2010.0,0.6666666666666666,2024-01-15,UserA
The Village,2004.0,0.7777777777777778,2024-01-15,UserA
The Prestige,2006.0,1.0,2024-01-15,UserA
Juno,2007.0,0.8888888888888888,2024-01-15,UserA
Me and Earl and the Dying Girl,2015.0,0.6666666666666666,2024-01-15,UserA
Eighth Grade,2018.0,0.7777777777777778,2024-01-15,UserA
Fargo,1996.0,0.7777777777777778,2024-01-16,UserA
Once in a Lifetime,2014.0,0.4444444444444444,2024-01-16,UserA
Society of the Snow,2023.0,0.8888888888888888,2024-01-21,UserA
Election,1999.0,0.3333333333333333,2024-01-21,UserA
"Crazy, Stupid, Love.",2011.0,0.3333333333333333,2024-01-24,UserA
Little Miss Sunshine,2006.0,0.8888888888888888,2024-01-27,UserA
The Name of the Rose,1986.0,0.8888888888888888,2024-01-27,UserA
Perfect Days,2023.0,1.0,2024-01-28,UserA
Wonka,2023.0,0.5555555555555556,2024-01-28,UserA
Past Lives,2023.0,0.6666666666666666,2024-01-28,UserA
A Brighter Tomorrow,2023.0,0.8888888888888888,2024-01-28,UserA
Midsommar,2019.0,0.6666666666666666,2024-02-02,UserA
Sideways,2004.0,0.7777777777777778,2024-02-04,UserA
Poor Things,2023.0,0.8888888888888888,2024-02-12,UserA
Robot Dreams,2023.0,0.6666666666666666,2024-02-12,UserA
Priscilla,2023.0,0.5555555555555556,2024-02-15,UserA
The Lego Movie,2014.0,0.4444444444444444,2024-02-17,UserA
Killers of the Flower Moon,2023.0,0.4444444444444444,2024-02-19,UserA
Hairspray,2007.0,0.7777777777777778,2024-02-24,UserA
Life Is Beautiful,1997.0,0.1111111111111111,2024-02-25,UserA
Igby Goes Down,2002.0,0.5555555555555556,2024-03-03,UserA
Dune: Part Two,2024.0,1.0,2024-03-04,UserA
American Fiction,2023.0,0.5555555555555556,2024-03-09,UserA
American Beauty,1999.0,0.8888888888888888,2024-03-17,UserA
Prisoners,2013.0,0.8888888888888888,2024-03-17,UserA
The Iron Claw,2023.0,1.0,2024-03-18,UserA
Mulholland Drive,2001.0,0.4444444444444444,2024-03-24,UserA
The Thing,1982.0,0.7777777777777778,2024-03-25,UserA
We're the Millers,2013.0,0.1111111111111111,2024-03-26,UserA
Confessions of a Teenage Drama Queen,2004.0,0.5555555555555556,2024-03-27,UserA
Mean Girls,2024.0,0.4444444444444444,2024-03-28,UserA
Women on the Verge of a Nervous Breakdown,1988.0,0.8888888888888888,2024-03-28,UserA
The Florida Project,2017.0,1.0,2024-03-28,UserA
Joker,2019.0,0.7777777777777778,2024-03-28,UserA
Singin' in the Rain,1952.0,0.8888888888888888,2024-03-28,UserA
Arrival,2016.0,1.0,2024-03-28,UserA
Lost in Translation,2003.0,1.0,2024-03-28,UserA
Gone Girl,2014.0,0.8888888888888888,2024-03-28,UserA
The Princess Diaries,2001.0,0.6666666666666666,2024-03-28,UserA
Paddington,2014.0,0.6666666666666666,2024-03-28,UserA
Scott Pilgrim vs. the World,2010.0,0.7777777777777778,2024-03-28,UserA
The Martian,2015.0,0.7777777777777778,2024-03-28,UserA
The Big Lebowski,1998.0,0.7777777777777778,2024-03-28,UserA
The Rocky Horror Picture Show,1975.0,0.8888888888888888,2024-03-28,UserA
Mean Girls 2,2011.0,0.1111111111111111,2024-03-28,UserA
The Lord of the Rings: The Return of the King,2003.0,1.0,2024-03-30,UserA
The Lord of the Rings: The Fellowship of the Ring,2001.0,0.8888888888888888,2024-03-30,UserA
Sing Street,2016.0,0.8888888888888888,2024-03-30,UserA
The Anthrax Attacks: In the Shadow of 9/11,2022.0,0.2222222222222222,2024-03-30,UserA
The Green Ray,1986.0,0.8888888888888888,2024-04-01,UserA
Get a Clue,2002.0,0.2222222222222222,2024-04-01,UserA
While at War,2019.0,0.4444444444444444,2024-04-02,UserA
The House That Jack Built,2018.0,1.0,2024-04-06,UserA
No Country for Old Men,2007.0,0.6666666666666666,2024-04-07,UserA
Saw,2004.0,0.8888888888888888,2024-04-08,UserA
Thelma & Louise,1991.0,0.2222222222222222,2024-04-08,UserA
May December,2023.0,0.5555555555555556,2024-04-08,UserA
Oldboy,2003.0,0.8888888888888888,2024-04-20,UserA
All of Us Strangers,2023.0,0.7777777777777778,2024-04-20,UserA
Fallen Leaves,2023.0,0.3333333333333333,2024-04-21,UserA
Challengers,2024.0,0.3333333333333333,2024-05-02,UserA
The Idea of You,2024.0,0.2222222222222222,2024-05-05,UserA
Zip & Zap and the Captain's Island,2016.0,0.1111111111111111,2024-05-11,UserA
Bring It On,2000.0,0.7777777777777778,2024-05-18,UserA
Dick,1999.0,0.4444444444444444,2024-06-13,UserA
Bodies Bodies Bodies,2022.0,0.5555555555555556,2024-06-13,UserA
Spring Breakers,2012.0,0.1111111111111111,2024-06-13,UserA
The Hunger Games: The Ballad of Songbirds & Snakes,2023.0,0.6666666666666666,2024-06-15,UserA
I Saw the TV Glow,2024.0,0.8888888888888888,2024-06-17,UserA
About Time,2013.0,0.7777777777777778,2024-07-05,UserA
Twilight,2008.0,0.1111111111111111,2024-07-05,UserA
"Love, Divided",2024.0,0.0,2024-07-05,UserA
Kinds of Kindness,2024.0,0.4444444444444444,2024-07-13,UserA
Camp Rock 2: The Final Jam,2010.0,0.5555555555555556,2024-07-13,UserA
The Bikeriders,2023.0,0.5555555555555556,2024-07-14,UserA
Civil War,2024.0,0.8888888888888888,2024-07-15,UserA
Inside Out 2,2024.0,0.6666666666666666,2024-07-19,UserA
Twelve Monkeys,1995.0,0.7777777777777778,2024-07-22,UserA
Moxie,2021.0,0.3333333333333333,2024-07-22,UserA
Birdman or (The Unexpected Virtue of Ignorance),2014.0,0.8888888888888888,2024-07-24,UserA
Ghost World,2001.0,0.5555555555555556,2024-07-26,UserA
Anyone But You,2023.0,0.4444444444444444,2024-07-29,UserA
The Imitation Game,2014.0,0.6666666666666666,2024-08-01,UserA
Chicago,2002.0,0.7777777777777778,2024-08-01,UserA
SLC Punk,1998.0,0.6666666666666666,2024-08-03,UserA
The Nice Guys,2016.0,0.5555555555555556,2024-08-03,UserA
Sherlock Holmes in Washington,1943.0,0.4444444444444444,2024-08-03,UserA
God Help the Girl,2014.0,0.4444444444444444,2024-08-06,UserA
The Boy and the Heron,2023.0,0.3333333333333333,2024-08-07,UserA
Longlegs,2024.0,0.8888888888888888,2024-08-08,UserA
Cure,1997.0,0.6666666666666666,2024-08-09,UserA
Trap,2024.0,0.2222222222222222,2024-08-12,UserA
"Synecdoche, New York",2008.0,1.0,2024-08-13,UserA
Top Secret!,1984.0,0.8888888888888888,2024-08-15,UserA
Triangle of Sadness,2022.0,0.7777777777777778,2024-08-20,UserA
Scrapper,2023.0,0.5555555555555556,2024-08-20,UserA
Ocean's Eleven,2001.0,0.7777777777777778,2024-08-21,UserA
Alien,1979.0,0.4444444444444444,2024-08-21,UserA
The Naked Gun: From the Files of Police Squad!,1988.0,0.6666666666666666,2024-08-26,UserA
Clerks,1994.0,0.5555555555555556,2024-09-06,UserA
The Social Dilemma,2020.0,0.4444444444444444,2024-09-07,UserA
Won't You Be My Neighbor?,2018.0,0.6666666666666666,2024-09-07,UserA
Supersonic,2016.0,0.7777777777777778,2024-09-07,UserA
Perfect Blue,1997.0,0.8888888888888888,2024-09-08,UserA
Rye Lane,2023.0,0.4444444444444444,2024-09-20,UserA
Show Me Love,1998.0,0.7777777777777778,2024-09-20,UserA
Melancholia,2011.0,0.5555555555555556,2024-10-12,UserA
High Fidelity,2000.0,0.6666666666666666,2024-10-13,UserA
Morbius,2022.0,0.0,2024-10-17,UserA
The Apprentice,2024.0,0.6666666666666666,2024-10-20,UserA
Midnight in Paris,2011.0,1.0,2024-10-26,UserA
Manhattan Murder Mystery,1993.0,1.0,2024-10-26,UserA
Manhattan,1979.0,0.8888888888888888,2024-10-26,UserA
Hannah and Her Sisters,1986.0,0.8888888888888888,2024-10-26,UserA
Crimes and Misdemeanors,1989.0,0.7777777777777778,2024-10-26,UserA
The Trial of the Chicago 7,2020.0,0.6666666666666666,2024-10-28,UserA
"Paris, Texas",1984.0,1.0,2024-10-28,UserA
The Substance,2024.0,0.7777777777777778,2024-10-29,UserA
X,2022.0,0.4444444444444444,2024-11-02,UserA
(500) Days of Summer,2009.0,1.0,2024-11-02,UserA
John Adams,2008.0,1.0,2024-11-02,UserA
Mamma Mia!,2008.0,0.7777777777777778,2024-11-02,UserA
Carrie,1976.0,0.3333333333333333,2024-11-02,UserA
21,2008.0,0.5555555555555556,2024-11-02,UserA
Uncut Gems,2019.0,0.3333333333333333,2024-11-17,UserA
Nickel Boys,2024.0,0.7777777777777778,2024-11-18,UserA
Young Sherlock Holmes,1985.0,0.8888888888888888,2024-11-26,UserA
When Harry Met Sally...,1989.0,0.6666666666666666,2024-12-02,UserA
13 Going on 30,2004.0,0.4444444444444444,2024-12-07,UserA
Reservoir Dogs,1992.0,0.8888888888888888,2024-12-07,UserA
Inglourious Basterds,2009.0,0.8888888888888888,2024-12-07,UserA
Little Women,1994.0,0.7777777777777778,2024-12-08,UserA
Die Hard,1988.0,0.8888888888888888,2024-12-08,UserA
Tangerine,2015.0,0.7777777777777778,2024-12-20,UserA
Serendipity,2001.0,0.5555555555555556,2024-12-20,UserA
Bottoms,2023.0,0.7777777777777778,2024-12-27,UserA
Conclave,2024.0,0.7777777777777778,2024-12-30,UserA
We Are Who We Are,2020.0,0.1111111111111111,2024-12-30,UserA
Nativity!,2009.0,0.4444444444444444,2025-01-03,UserA
Sherlock: A Study in Pink,2010.0,1.0,2025-01-07,UserA
I Used to Be Funny,2023.0,0.4444444444444444,2025-01-12,UserA
Kneecap,2024.0,0.7777777777777778,2025-01-13,UserA
How to Lose a Guy in 10 Days,2003.0,0.5555555555555556,2025-01-14,UserA
Across the Universe,2007.0,0.3333333333333333,2025-01-15,UserA
Thesis,1996.0,0.4444444444444444,2025-01-23,UserA
A Real Pain,2024.0,0.7777777777777778,2025-01-26,UserA
Anora,2024.0,1.0,2025-01-26,UserA
The Brutalist,2024.0,0.7777777777777778,2025-01-27,UserA
Sing Sing,2023.0,0.6666666666666666,2025-02-03,UserA
Neon Genesis Evangelion: The End of Evangelion,1997.0,0.8888888888888888,2025-02-04,UserA
Climax,2018.0,0.3333333333333333,2025-02-08,UserA
Emilia Pérez,2024.0,0.0,2025-02-19,UserA
A Complete Unknown,2024.0,1.0,2025-03-02,UserA
I'm Still Here,2024.0,0.8888888888888888,2025-03-03,UserA
Flow,2024.0,0.7777777777777778,2025-03-10,UserA
Fantastic Beasts: The Secrets of Dumbledore,2022.0,0.4444444444444444,2025-03-15,UserA
The Intern,2015.0,0.5555555555555556,2025-03-16,UserA
Now You See Me,2013.0,0.6666666666666666,2025-03-17,UserA
The Hunger Games,2012.0,0.7777777777777778,2025-03-22,UserA
The Hunger Games: Catching Fire,2013.0,0.7777777777777778,2025-03-22,UserA
Deconstructing Harry,1997.0,0.5555555555555556,2025-03-22,UserA
The Hunger Games: Mockingjay – Part 1,2014.0,0.5555555555555556,2025-03-22,UserA
Mystic River,2003.0,0.7777777777777778,2025-03-23,UserA
The Hunger Games: Mockingjay – Part 2,2015.0,0.4444444444444444,2025-03-23,UserA
Good Omens,2019.0,0.5555555555555556,2025-04-02,UserA
Train to Busan,2016.0,0.7777777777777778,2025-04-18,UserA
Klute,1971.0,0.1111111111111111,2025-04-26,UserA
Game Night,2018.0,0.3333333333333333,2025-04-27,UserA
Paterson,2016.0,0.6666666666666666,2025-05-01,UserA
The Umbrellas of Cherbourg,1964.0,0.7777777777777778,2025-05-03,UserA
The Young Girls of Rochefort,1967.0,0.8888888888888888,2025-05-10,UserA
Final Destination,2000.0,0.5555555555555556,2025-06-05,UserA
Camp Rock,2008.0,0.4444444444444444,2025-06-13,UserA
The Phoenician Scheme,2025.0,0.6666666666666666,2025-06-14,UserA
Moneyball,2011.0,0.6666666666666666,2025-06-29,UserA
Ruby Sparks,2012.0,0.4444444444444444,2025-06-29,UserA
Miss Congeniality,2000.0,0.3333333333333333,2025-06-30,UserA
Bullet Train,2022.0,0.5555555555555556,2025-07-05,UserA
Superman,2025.0,0.5555555555555556,2025-07-28,UserA
Funny Games,1997.0,0.3333333333333333,2025-08-04,UserA
Ponyo,2008.0,0.8888888888888888,2025-08-06,UserA
My Oxford Year,2025.0,0.2222222222222222,2025-08-07,UserA
La Haine,1995.0,1.0,2025-08-10,UserA
La Chinoise,1967.0,0.8888888888888888,2025-08-11,UserA
Coherence,2013.0,0.6666666666666666,2025-08-23,UserA
The Notebook,2004.0,0.1111111111111111,2025-08-27,UserA
KPop Demon Hunters,2025.0,0.5555555555555556,2025-08-29,UserA
Superbad,2007.0,0.4444444444444444,2025-09-01,UserA
"Oh, Hi!",2025.0,0.4444444444444444,2025-09-01,UserA
The Thursday Murder Club,2025.0,0.3333333333333333,2025-09-08,UserA
Eddington,2025.0,0.6666666666666666,2025-09-15,UserA
One Battle After Another,2025.0,0.7777777777777778,2025-09-29,UserA
All the President's Men,1976.0,0.7777777777777778,2025-10-13,UserA
You Again,2010.0,0.3333333333333333,2025-10-19,UserA
Springsteen: Deliver Me from Nowhere,2025.0,0.6666666666666666,2025-10-26,UserA
Dear Diary,1993.0,1.0,2025-10-27,UserA
Frankenstein,2025.0,0.4444444444444444,2025-11-11,UserA
The Long Walk,2025.0,0.6666666666666666,2025-11-17,UserA
Saturday Night,2024.0,0.5555555555555556,2025-12-07,UserA
Sentimental Value,2025.0,1.0,2025-12-11,UserA
Another Round,2020.0,0.8888888888888888,2025-12-21,UserA
Shoplifters,2018.0,0.7777777777777778,2025-12-28,UserA
The Grand Budapest Hotel,2014.0,1.0,2025-12-29,UserA
Now You See Me: Now You Don't,2025.0,0.2222222222222222,2025-12-31,UserA
The Naked Gun,2025.0,0.4444444444444444,2026-01-04,UserA
Bugonia,2025.0,0.6666666666666666,2026-01-07,UserA
Wicked,2024.0,0.4444444444444444,2026-01-14,UserA
We're All Going to the World's Fair,2021.0,0.2222222222222222,2026-01-16,UserA
Catch Me If You Can,2002.0,0.7777777777777778,2026-01-17,UserA
Zodiac Killer Project,2025.0,0.5555555555555556,2026-01-18,UserA
"tick, tick... BOOM!",2021.0,0.7777777777777778,2026-01-23,UserA
Sirāt,2025.0,0.6666666666666666,2026-01-28,UserA
Hamnet,2025.0,0.7777777777777778,2026-02-01,UserA
Sinners,2025.0,0.7777777777777778,2026-02-02,UserA
Rent,2005.0,0.6666666666666666,2026-02-08,UserA
Die My Love,2025.0,0.3333333333333333,2026-02-08,UserA
Moulin Rouge!,2001.0,0.5555555555555556,2026-02-08,UserA
F1,2025.0,0.5555555555555556,2026-02-09,UserA
Bridget Jones's Diary,2001.0,0.5555555555555556,2026-02-09,UserA
L'Eclisse,1962.0,0.0,2026-02-11,UserA
Ad Astra,2019.0,0.0,2026-02-14,UserA
Blow-Up,1966.0,0.2222222222222222,2026-02-15,UserA
No Other Choice,2025.0,0.6666666666666666,2026-02-16,UserA
Dodes'ka-den,1970.0,0.3333333333333333,2026-02-19,UserA
The Secret Agent,2025.0,0.3333333333333333,2026-02-23,UserA
Marty Supreme,2025.0,1.0,2026-02-26,UserA
Once Upon a Time... in Hollywood,2019.0,1.0,2020-02-09,UserB
Parasite,2019.0,1.0,2020-02-09,UserB
Donnie Darko,2001.0,1.0,2020-03-08,UserB
Uncut Gems,2019.0,0.7777777777777778,2020-03-08,UserB
Mia and the White Lion,2018.0,0.0,2020-03-08,UserB
Bohemian Rhapsody,2018.0,0.1111111111111111,2020-03-08,UserB
The Nice Guys,2016.0,0.8888888888888888,2020-07-29,UserB
Birdman or (The Unexpected Virtue of Ignorance),2014.0,1.0,2020-07-29,UserB
The Platform,2019.0,0.0,2020-07-29,UserB
The House That Jack Built,2018.0,1.0,2020-09-10,UserB
Portrait of a Lady on Fire,2019.0,1.0,2020-09-19,UserB
If I Were a Rich Man,2019.0,0.3333333333333333,2020-09-19,UserB
Solaris,1972.0,1.0,2021-01-10,UserB
Tenet,2020.0,1.0,2021-01-16,UserB
Good Time,2017.0,0.7777777777777778,2021-01-20,UserB
Spider-Man: Far From Home,2019.0,0.3333333333333333,2021-06-20,UserB
Murder Mystery,2019.0,0.2222222222222222,2021-06-20,UserB
Avatar: The Way of Water,2022.0,0.4444444444444444,2022-12-28,UserB
Triangle of Sadness,2022.0,0.5555555555555556,2023-01-02,UserB
Get Out,2017.0,0.7777777777777778,2023-01-02,UserB
The Batman,2022.0,0.8888888888888888,2023-01-02,UserB
Us,2019.0,0.6666666666666666,2023-01-03,UserB
Sorry to Bother You,2018.0,1.0,2023-01-04,UserB
Knives Out,2019.0,0.6666666666666666,2023-01-10,UserB
The Mule,2018.0,0.5555555555555556,2023-01-22,UserB
Game Night,2018.0,0.6666666666666666,2023-02-05,UserB
Creep,2014.0,0.6666666666666666,2023-02-05,UserB
The Menu,2022.0,0.5555555555555556,2023-02-07,UserB
Oldboy,2003.0,0.7777777777777778,2023-02-08,UserB
The Lighthouse,2019.0,0.7777777777777778,2023-02-08,UserB
Sleep Tight,2011.0,0.6666666666666666,2023-02-08,UserB
Black Swan,2010.0,0.6666666666666666,2023-02-10,UserB
Ready or Not,2019.0,0.5555555555555556,2023-02-10,UserB
Puss in Boots: The Last Wish,2022.0,0.8888888888888888,2023-02-11,UserB
Aftersun,2022.0,0.7777777777777778,2023-02-12,UserB
Prison 77,2022.0,0.4444444444444444,2023-02-12,UserB
Infinity Pool,2023.0,0.6666666666666666,2023-02-15,UserB
Venus,2022.0,0.5555555555555556,2023-02-16,UserB
The Northman,2022.0,0.7777777777777778,2023-02-17,UserB
mother!,2017.0,0.7777777777777778,2023-02-18,UserB
The Autopsy of Jane Doe,2016.0,0.5555555555555556,2023-03-02,UserB
Scream VI,2023.0,0.6666666666666666,2023-03-20,UserB
Winnie the Pooh: Blood and Honey,2023.0,0.0,2023-04-02,UserB
Kill Bill: Vol. 1,2003.0,0.8888888888888888,2023-04-08,UserB
Nope,2022.0,0.8888888888888888,2023-04-16,UserB
Citizenfour,2014.0,0.4444444444444444,2023-04-21,UserB
Evil Dead Rise,2023.0,0.6666666666666666,2023-04-22,UserB
Beau Is Afraid,2023.0,0.3333333333333333,2023-05-01,UserB
Spider-Man: Across the Spider-Verse,2023.0,0.6666666666666666,2023-06-11,UserB
The Flash,2023.0,0.4444444444444444,2023-06-18,UserB
Harry Potter and the Chamber of Secrets,2002.0,0.4444444444444444,2023-07-04,UserB
Harry Potter and the Prisoner of Azkaban,2004.0,0.5555555555555556,2023-07-04,UserB
Operation Fortune: Ruse de Guerre,2023.0,0.3333333333333333,2023-07-08,UserB
Harry Potter and the Goblet of Fire,2005.0,0.5555555555555556,2023-07-10,UserB
Captain Voyeur,1969.0,0.4444444444444444,2023-07-10,UserB
Harry Potter and the Order of the Phoenix,2007.0,0.5555555555555556,2023-07-13,UserB
Harry Potter and the Half-Blood Prince,2009.0,0.4444444444444444,2023-07-13,UserB
Harry Potter and the Deathly Hallows: Part 1,2010.0,0.6666666666666666,2023-07-16,UserB
Mission: Impossible – Dead Reckoning,2023.0,0.6666666666666666,2023-07-16,UserB
Following,1998.0,0.7777777777777778,2023-07-17,UserB
Memento,2000.0,0.7777777777777778,2023-07-17,UserB
Batman Begins,2005.0,0.8888888888888888,2023-07-17,UserB
The Prestige,2006.0,0.7777777777777778,2023-07-18,UserB
The Dark Knight,2008.0,0.7777777777777778,2023-07-18,UserB
Inception,2010.0,0.8888888888888888,2023-07-19,UserB
The Dark Knight Rises,2012.0,1.0,2023-07-19,UserB
Interstellar,2014.0,1.0,2023-07-19,UserB
Dunkirk,2017.0,0.6666666666666666,2023-07-20,UserB
Oppenheimer,2023.0,0.7777777777777778,2023-07-21,UserB
Fight Club,1999.0,0.8888888888888888,2023-07-23,UserB
B.I.B.L.E. - The Documentary,2022.0,0.4444444444444444,2023-08-11,UserB
Talk to Me,2022.0,0.6666666666666666,2023-08-12,UserB
Harry Potter and the Deathly Hallows: Part 2,2011.0,0.5555555555555556,2023-08-13,UserB
Beyond the Infinite Two Minutes,2020.0,0.6666666666666666,2023-08-14,UserB
Siege (Asedio),2023.0,0.1111111111111111,2023-08-14,UserB
Midsommar,2019.0,0.4444444444444444,2023-08-14,UserB
Moby & the Void Pacific Choir: Are You Lost in the World Like Me,2016.0,0.1111111111111111,2023-08-16,UserB
A Prayer Before Dawn,2017.0,0.5555555555555556,2023-08-17,UserB
Circus Maximus,2023.0,0.5555555555555556,2023-08-17,UserB
Cruising,1980.0,0.4444444444444444,2023-08-18,UserB
No Hard Feelings,2023.0,0.5555555555555556,2023-08-18,UserB
Whateverest,2012.0,0.5555555555555556,2023-08-19,UserB
Under the Silver Lake,2018.0,0.4444444444444444,2023-08-19,UserB
Us and Them,2017.0,0.5555555555555556,2023-08-20,UserB
Flux Gourmet,2022.0,0.5555555555555556,2023-08-20,UserB
Mandy,2018.0,0.6666666666666666,2023-08-20,UserB
Only God Forgives,2013.0,0.4444444444444444,2023-08-20,UserB
Fear and Desire,1952.0,0.3333333333333333,2023-08-20,UserB
Killer's Kiss,1955.0,0.4444444444444444,2023-08-20,UserB
The Killing,1956.0,0.4444444444444444,2023-08-20,UserB
Paths of Glory,1957.0,0.7777777777777778,2023-08-20,UserB
Spartacus,1960.0,0.7777777777777778,2023-08-20,UserB
Lolita,1962.0,0.2222222222222222,2023-08-20,UserB
Dr. Strangelove or: How I Learned to Stop Worrying and Love the Bomb,1964.0,0.6666666666666666,2023-08-20,UserB
2001: A Space Odyssey,1968.0,0.8888888888888888,2023-08-20,UserB
A Clockwork Orange,1971.0,0.6666666666666666,2023-08-20,UserB
Barry Lyndon,1975.0,0.7777777777777778,2023-08-20,UserB
The Shining,1980.0,0.7777777777777778,2023-08-20,UserB
Full Metal Jacket,1987.0,0.7777777777777778,2023-08-20,UserB
Eyes Wide Shut,1999.0,1.0,2023-08-20,UserB
The Great Beauty,2013.0,0.7777777777777778,2023-08-21,UserB
The Worst Person in the World,2021.0,0.5555555555555556,2023-08-22,UserB
Boiling Point,2021.0,0.6666666666666666,2023-08-23,UserB
The Lobster,2015.0,0.6666666666666666,2023-08-25,UserB
Mission: Impossible,1996.0,0.4444444444444444,2023-08-27,UserB
Trash Humpers,2009.0,0.3333333333333333,2023-08-29,UserB
Lamb,2021.0,0.4444444444444444,2023-08-29,UserB
Fear and Loathing in Las Vegas,1998.0,0.5555555555555556,2023-08-31,UserB
Too Late,2015.0,0.4444444444444444,2023-09-01,UserB
Teenage Mutant Ninja Turtles: Mutant Mayhem,2023.0,0.7777777777777778,2023-09-02,UserB
La Haine,1995.0,0.7777777777777778,2023-09-03,UserB
Former Cult Member Hears Music for the First Time,2020.0,0.5555555555555556,2023-09-04,UserB
Scarface,1983.0,0.7777777777777778,2023-09-05,UserB
Eer,2021.0,0.5555555555555556,2023-09-06,UserB
Past Lives,2023.0,0.5555555555555556,2023-09-07,UserB
The Banshees of Inisherin,2022.0,0.5555555555555556,2023-09-08,UserB
The Nun II,2023.0,0.1111111111111111,2023-09-09,UserB
Saw,2004.0,0.5555555555555556,2023-09-10,UserB
Come and See,1985.0,0.6666666666666666,2023-09-11,UserB
X,2022.0,0.5555555555555556,2023-09-11,UserB
Pearl,2022.0,0.4444444444444444,2023-09-11,UserB
Saw II,2005.0,0.5555555555555556,2023-09-11,UserB
Dogville,2003.0,0.7777777777777778,2023-09-12,UserB
Saw III,2006.0,0.2222222222222222,2023-09-15,UserB
The Elephant Man,1980.0,0.7777777777777778,2023-09-16,UserB
Saw IV,2007.0,0.3333333333333333,2023-09-18,UserB
Bottoms,2023.0,0.5555555555555556,2023-09-25,UserB
The Creator,2023.0,0.5555555555555556,2023-10-01,UserB
Saw X,2023.0,0.5555555555555556,2023-10-08,UserB
Jigsaw,2017.0,0.5555555555555556,2023-10-08,UserB
Killers of the Flower Moon,2023.0,0.8888888888888888,2023-10-21,UserB
Halloween Ends,2022.0,0.0,2023-11-04,UserB
Five Nights at Freddy's,2023.0,0.5555555555555556,2023-11-04,UserB
Skinamarink,2022.0,0.7777777777777778,2023-11-04,UserB
Terrifier 2,2022.0,0.3333333333333333,2023-11-04,UserB
Fractured,2019.0,0.3333333333333333,2023-11-18,UserB
Something Is About to Happen,2023.0,0.0,2023-11-20,UserB
The Perfect Family,2021.0,0.0,2023-11-25,UserB
A Simple Favor,2018.0,0.4444444444444444,2023-11-25,UserB
Barbie,2023.0,0.5555555555555556,2023-11-27,UserB
Another Round,2020.0,0.7777777777777778,2023-11-27,UserB
Godzilla Minus One,2023.0,0.7777777777777778,2023-12-18,UserB
Aquaman and the Lost Kingdom,2023.0,0.1111111111111111,2023-12-24,UserB
Anatomy of a Fall,2023.0,0.6666666666666666,2023-12-24,UserB
Father There Is Only One,2019.0,0.2222222222222222,2023-12-24,UserB
La Jetée,1962.0,0.7777777777777778,2024-01-07,UserB
The Beasts,2022.0,0.8888888888888888,2024-01-14,UserB
Poor Things,2023.0,0.5555555555555556,2024-01-29,UserB
Edge of Winter,2016.0,0.3333333333333333,2024-01-31,UserB
Escape from New York,1981.0,0.5555555555555556,2024-02-27,UserB
Decision to Leave,2022.0,0.7777777777777778,2024-02-27,UserB
The Informer,2019.0,0.4444444444444444,2024-03-05,UserB
Dune,2021.0,0.5555555555555556,2024-03-09,UserB
Perfect Days,2023.0,0.6666666666666666,2024-03-11,UserB
The Holdovers,2023.0,0.6666666666666666,2024-03-18,UserB
Road House,2024.0,0.4444444444444444,2024-03-23,UserB
Dune: Part Two,2024.0,0.8888888888888888,2024-03-25,UserB
The Others,2001.0,0.6666666666666666,2024-03-25,UserB
John Wick: Chapter 4,2023.0,0.6666666666666666,2024-03-26,UserB
Gran Turismo,2023.0,0.5555555555555556,2024-03-27,UserB
Heat,1995.0,0.7777777777777778,2024-03-27,UserB
Anyone But You,2023.0,0.5555555555555556,2024-03-28,UserB
Judas and the Black Messiah,2021.0,0.6666666666666666,2024-03-28,UserB
Eastern Promises,2007.0,0.3333333333333333,2024-03-28,UserB
The Iron Claw,2023.0,0.6666666666666666,2024-03-28,UserB
Crimes of the Future,2022.0,0.2222222222222222,2024-03-29,UserB
EO,2022.0,0.6666666666666666,2024-03-29,UserB
Prisoners of the Ghostland,2021.0,0.2222222222222222,2024-03-29,UserB
Willy's Wonderland,2021.0,0.5555555555555556,2024-03-29,UserB
Guns Akimbo,2019.0,0.4444444444444444,2024-03-29,UserB
Custody,2017.0,0.8888888888888888,2024-03-29,UserB
Collateral,2004.0,0.5555555555555556,2024-03-30,UserB
Southpaw,2015.0,0.6666666666666666,2024-03-30,UserB
Prince of Darkness,1987.0,0.6666666666666666,2024-03-30,UserB
Air,2023.0,0.5555555555555556,2024-03-31,UserB
Dream Scenario,2023.0,0.5555555555555556,2024-04-01,UserB
I Stand Alone,1998.0,0.3333333333333333,2024-04-01,UserB
The Big Short,2015.0,0.4444444444444444,2024-04-01,UserB
First Man,2018.0,0.5555555555555556,2024-04-01,UserB
Pain and Glory,2019.0,0.4444444444444444,2024-04-01,UserB
The Revenant,2015.0,0.5555555555555556,2024-04-01,UserB
Belleville Cop,2018.0,0.1111111111111111,2024-04-01,UserB
1917,2019.0,0.4444444444444444,2024-04-01,UserB
Jojo Rabbit,2019.0,0.5555555555555556,2024-04-01,UserB
While at War,2019.0,0.3333333333333333,2024-04-01,UserB
Se7en,1995.0,0.7777777777777778,2024-04-01,UserB
Birds of Prey (and the Fantabulous Emancipation of One Harley Quinn),2020.0,0.3333333333333333,2024-04-01,UserB
The Host,2006.0,0.6666666666666666,2024-04-01,UserB
The Gentlemen,2019.0,0.6666666666666666,2024-04-01,UserB
The Ballad of Buster Scruggs,2018.0,0.5555555555555556,2024-04-01,UserB
Primal Fear,1996.0,0.5555555555555556,2024-04-01,UserB
Enter the Void,2009.0,0.6666666666666666,2024-04-01,UserB
The Hunt,2012.0,0.7777777777777778,2024-04-01,UserB
The Hunt,2020.0,0.6666666666666666,2024-04-01,UserB
The Invisible Man,2020.0,0.7777777777777778,2024-04-01,UserB
Terrifier,2016.0,0.5555555555555556,2024-04-01,UserB
The Evil Dead,1981.0,0.6666666666666666,2024-04-01,UserB
Evil Dead II,1987.0,0.6666666666666666,2024-04-01,UserB
QT8: The First Eight,2019.0,0.5555555555555556,2024-04-01,UserB
John Wick: Chapter 3 – Parabellum,2019.0,0.6666666666666666,2024-04-01,UserB
The Unbearable Weight of Massive Talent,2022.0,0.5555555555555556,2024-04-02,UserB
Argylle,2024.0,0.4444444444444444,2024-04-03,UserB
Imaginary,2024.0,0.1111111111111111,2024-04-03,UserB
Mad Max: Fury Road,2015.0,0.8888888888888888,2024-04-03,UserB
Army of Darkness,1992.0,0.5555555555555556,2024-04-03,UserB
Memories of Murder,2003.0,0.6666666666666666,2024-04-03,UserB
Terminator: Dark Fate,2019.0,0.2222222222222222,2024-04-03,UserB
Enemy,2013.0,0.6666666666666666,2024-04-03,UserB
The Raid,2011.0,0.6666666666666666,2024-04-03,UserB
Twin Murders: The Silence of the White City,2019.0,0.0,2024-04-03,UserB
The Spider Within: A Spider-Verse Story,2023.0,0.5555555555555556,2024-04-04,UserB
Watchmen,2019.0,0.6666666666666666,2024-04-04,UserB
The Lincoln Lawyer,2011.0,0.5555555555555556,2024-04-04,UserB
Da 5 Bloods,2020.0,0.5555555555555556,2024-04-04,UserB
The Godfather,1972.0,0.8888888888888888,2024-04-04,UserB
The Godfather Part II,1974.0,0.7777777777777778,2024-04-04,UserB
Pierrot le Fou,1965.0,0.3333333333333333,2024-04-07,UserB
The First Omen,2024.0,0.5555555555555556,2024-04-08,UserB
Marcel the Shell with Shoes On,2021.0,0.8888888888888888,2024-04-09,UserB
Love Lies Bleeding,2024.0,0.6666666666666666,2024-04-13,UserB
Monkey Man,2024.0,0.6666666666666666,2024-04-15,UserB
Ford v Ferrari,2019.0,0.6666666666666666,2024-04-15,UserB
Drive,2011.0,0.6666666666666666,2024-04-15,UserB
7500,2019.0,0.2222222222222222,2024-04-15,UserB
Ex Machina,2015.0,0.5555555555555556,2024-04-15,UserB
BlacKkKlansman,2018.0,0.6666666666666666,2024-04-15,UserB
Boogie Nights,1997.0,0.7777777777777778,2024-04-15,UserB
Civil War,2024.0,0.6666666666666666,2024-04-22,UserB
The Fall Guy,2024.0,0.5555555555555556,2024-04-27,UserB
Suspiria,2018.0,0.8888888888888888,2024-04-28,UserB
Suspiria,1977.0,0.5555555555555556,2024-04-29,UserB
Challengers,2024.0,0.5555555555555556,2024-04-30,UserB
Punch-Drunk Love,2002.0,0.5555555555555556,2024-05-18,UserB
Prisoners,2013.0,0.7777777777777778,2024-05-18,UserB
Nocturnal Animals,2016.0,0.6666666666666666,2024-06-07,UserB
The Lego Movie,2014.0,0.7777777777777778,2024-06-07,UserB
Hit Man,2023.0,0.6666666666666666,2024-07-16,UserB
A Quiet Place: Day One,2024.0,0.5555555555555556,2024-07-16,UserB
Despicable Me 4,2024.0,0.5555555555555556,2024-07-16,UserB
The Zone of Interest,2023.0,0.6666666666666666,2024-07-16,UserB
The Party,2017.0,0.4444444444444444,2024-07-19,UserB
Upon Entry,2022.0,0.7777777777777778,2024-07-20,UserB
The Guernsey Literary & Potato Peel Pie Society,2018.0,0.3333333333333333,2024-07-22,UserB
Fallen Leaves,2023.0,0.7777777777777778,2024-07-23,UserB
The Last Letter from Your Lover,2021.0,0.3333333333333333,2024-07-25,UserB
About Time,2013.0,0.7777777777777778,2024-07-28,UserB
Deadpool & Wolverine,2024.0,0.3333333333333333,2024-07-29,UserB
MaXXXine,2024.0,0.4444444444444444,2024-08-07,UserB
La Chimera,2023.0,0.5555555555555556,2024-08-07,UserB
Boiling Point,2023.0,0.7777777777777778,2024-08-08,UserB
After Hours,1985.0,0.6666666666666666,2024-08-08,UserB
How to Blow Up a Pipeline,2022.0,0.5555555555555556,2024-08-09,UserB
Longlegs,2024.0,0.7777777777777778,2024-08-10,UserB
The Lives of Others,2006.0,0.7777777777777778,2024-08-10,UserB
Trap,2024.0,0.5555555555555556,2024-08-11,UserB
Top Gun: Maverick,2022.0,0.6666666666666666,2024-08-13,UserB
Before Sunrise,1995.0,0.5555555555555556,2024-08-13,UserB
Apocalypse Now,1979.0,0.7777777777777778,2024-08-14,UserB
The Father,2020.0,0.2222222222222222,2024-08-14,UserB
Magnolia,1999.0,0.6666666666666666,2024-08-14,UserB
12 Angry Men,1957.0,0.6666666666666666,2024-08-14,UserB
Guardians of the Galaxy Vol. 2,2017.0,0.2222222222222222,2024-08-14,UserB
The Traitor,2019.0,0.6666666666666666,2024-08-14,UserB
Inherent Vice,2014.0,0.2222222222222222,2024-08-14,UserB
El crack,1981.0,0.2222222222222222,2024-08-14,UserB
El crack dos,1983.0,0.1111111111111111,2024-08-14,UserB
Little Women,2019.0,0.7777777777777778,2024-08-14,UserB
The Ministry of Ungentlemanly Warfare,2024.0,0.2222222222222222,2024-08-14,UserB
Breaking the Waves,1996.0,0.6666666666666666,2024-08-15,UserB
American Psycho,2000.0,0.5555555555555556,2024-08-15,UserB
The Boss of It All,2006.0,0.5555555555555556,2024-08-15,UserB
There Will Be Blood,2007.0,0.4444444444444444,2024-08-16,UserB
Antichrist,2009.0,0.7777777777777778,2024-08-16,UserB
Melancholia,2011.0,0.7777777777777778,2024-08-16,UserB
Nymphomaniac: Vol. I,2013.0,0.7777777777777778,2024-08-16,UserB
The Truman Show,1998.0,0.7777777777777778,2024-08-16,UserB
Highlander,1986.0,0.2222222222222222,2024-08-17,UserB
Seven Samurai,1954.0,0.5555555555555556,2024-08-17,UserB
Children of Men,2006.0,0.7777777777777778,2024-08-17,UserB
Network,1976.0,0.3333333333333333,2024-08-17,UserB
Eternal Sunshine of the Spotless Mind,2004.0,1.0,2024-08-17,UserB
City of God,2002.0,1.0,2024-08-18,UserB
The Kingdom,1994.0,0.6666666666666666,2024-08-20,UserB
Downfall,2004.0,0.6666666666666666,2024-08-21,UserB
Alien,1979.0,0.6666666666666666,2024-08-21,UserB
Alien: Romulus,2024.0,0.6666666666666666,2024-08-21,UserB
Pain & Gain,2013.0,0.7777777777777778,2024-08-21,UserB
Harakiri,1962.0,0.7777777777777778,2024-08-23,UserB
Dancer in the Dark,2000.0,0.7777777777777778,2024-08-23,UserB
I Hired a Contract Killer,1990.0,0.5555555555555556,2024-08-25,UserB
The Coffee Table,2022.0,0.5555555555555556,2024-09-06,UserB
Kinds of Kindness,2024.0,0.5555555555555556,2024-09-06,UserB
Nina,2024.0,0.0,2024-09-07,UserB
Le Samouraï,1967.0,0.6666666666666666,2024-09-08,UserB
Gummo,1997.0,0.6666666666666666,2024-09-08,UserB
Julien Donkey-Boy,1999.0,0.4444444444444444,2024-09-10,UserB
The Human Condition I: No Greater Love,1959.0,0.7777777777777778,2024-09-10,UserB
The Human Condition II: Road to Eternity,1959.0,0.7777777777777778,2024-09-12,UserB
Speak No Evil,2024.0,0.6666666666666666,2024-09-15,UserB
Beetlejuice,1988.0,0.5555555555555556,2024-09-16,UserB
Beetlejuice Beetlejuice,2024.0,0.5555555555555556,2024-09-16,UserB
Cure,1997.0,0.4444444444444444,2024-09-16,UserB
The Messiah,2023.0,0.8888888888888888,2024-09-19,UserB
The Teachers' Lounge,2023.0,0.5555555555555556,2024-09-21,UserB
Jumanji: The Next Level,2019.0,0.2222222222222222,2024-09-21,UserB
Spree,2020.0,0.5555555555555556,2024-09-21,UserB
Feels Good Man,2020.0,0.6666666666666666,2024-09-21,UserB
Bad Boys for Life,2020.0,0.3333333333333333,2024-09-21,UserB
The Texas Chain Saw Massacre,1974.0,0.7777777777777778,2024-09-21,UserB
The Social Dilemma,2020.0,0.2222222222222222,2024-09-21,UserB
Symbiopsychotaxiplasm: Take One,1968.0,0.5555555555555556,2024-09-21,UserB
The Shawshank Redemption,1994.0,0.7777777777777778,2024-09-21,UserB
Richard Jewell,2019.0,0.5555555555555556,2024-09-21,UserB
The Skin I Live In,2011.0,0.8888888888888888,2024-09-21,UserB
Possessor,2020.0,0.5555555555555556,2024-09-21,UserB
Videodrome,1983.0,0.5555555555555556,2024-09-21,UserB
Citizen Kane,1941.0,0.5555555555555556,2024-09-21,UserB
Transformers One,2024.0,0.7777777777777778,2024-09-22,UserB
Transformers,2007.0,0.5555555555555556,2024-09-23,UserB
Twin Peaks: The Return,2017.0,1.0,2024-09-27,UserB
Megalopolis,2024.0,0.8888888888888888,2024-09-30,UserB
Late Night with the Devil,2023.0,0.5555555555555556,2024-10-01,UserB
The Whale,2022.0,0.5555555555555556,2024-10-05,UserB
Trouble,2024.0,0.3333333333333333,2024-10-06,UserB
Joker: Folie à Deux,2024.0,0.1111111111111111,2024-10-07,UserB
The Boy and the Heron,2023.0,0.6666666666666666,2024-10-08,UserB
Vertigo,1958.0,0.6666666666666666,2024-10-11,UserB
Timecrimes,2007.0,0.7777777777777778,2024-10-12,UserB
The Substance,2024.0,0.7777777777777778,2024-10-13,UserB
The Human Condition III: A Soldier's Prayer,1961.0,0.7777777777777778,2024-10-14,UserB
The Killing of a Sacred Deer,2017.0,0.8888888888888888,2024-10-15,UserB
Nimic,2019.0,0.6666666666666666,2024-10-15,UserB
Black and Blue,2019.0,0.1111111111111111,2024-10-15,UserB
Minari,2020.0,0.5555555555555556,2024-10-15,UserB
The Act of Killing,2012.0,0.6666666666666666,2024-10-15,UserB
Anima,2019.0,0.6666666666666666,2024-10-15,UserB
The Steamroller and the Violin,1961.0,0.5555555555555556,2024-10-15,UserB
"Aguirre, the Wrath of God",1972.0,0.5555555555555556,2024-10-15,UserB
Stalker,1979.0,0.8888888888888888,2024-10-15,UserB
The Killers,1956.0,0.3333333333333333,2024-10-15,UserB
Lux Æterna,2019.0,0.5555555555555556,2024-10-15,UserB
Orpheus,1950.0,0.6666666666666666,2024-10-15,UserB
Primer,2004.0,0.7777777777777778,2024-10-15,UserB
Incendies,2010.0,0.6666666666666666,2024-10-15,UserB
Irreversible,2002.0,1.0,2024-10-15,UserB
Eraserhead,1977.0,0.7777777777777778,2024-10-18,UserB
The Room Next Door,2024.0,0.5555555555555556,2024-10-19,UserB
Smile 2,2024.0,0.3333333333333333,2024-10-23,UserB
Terrifier 3,2024.0,0.5555555555555556,2024-10-25,UserB
Crash,1996.0,0.5555555555555556,2024-10-28,UserB
Bliss,2019.0,0.8888888888888888,2024-10-28,UserB
Insomnia,2002.0,0.4444444444444444,2024-10-28,UserB
The Trial of the Chicago 7,2020.0,0.4444444444444444,2024-10-28,UserB
Saltburn,2023.0,0.4444444444444444,2024-10-28,UserB
Inside Out 2,2024.0,0.4444444444444444,2024-10-28,UserB
"Good Luck to You, Leo Grande",2022.0,0.4444444444444444,2024-10-28,UserB
Motherless Brooklyn,2019.0,0.4444444444444444,2024-10-28,UserB
Glass Onion,2022.0,0.6666666666666666,2024-10-28,UserB
Venom: The Last Dance,2024.0,0.2222222222222222,2024-10-28,UserB
Furiosa: A Mad Max Saga,2024.0,0.6666666666666666,2024-10-28,UserB
La Joia: Bad Gyal,2024.0,0.1111111111111111,2024-10-29,UserB
The Straight Story,1999.0,0.6666666666666666,2024-10-30,UserB
Sans Soleil,1983.0,0.5555555555555556,2024-10-31,UserB
The Fabelmans,2022.0,0.6666666666666666,2024-10-31,UserB
First Reformed,2017.0,0.7777777777777778,2024-11-01,UserB
Possession,1981.0,0.4444444444444444,2024-11-01,UserB
L'Argent,1983.0,0.5555555555555556,2024-11-01,UserB
Knock at the Cabin,2023.0,0.5555555555555556,2024-11-02,UserB
Juror #2,2024.0,0.5555555555555556,2024-11-02,UserB
Dune,1984.0,0.5555555555555556,2024-11-04,UserB
The Seventh Seal,1957.0,0.6666666666666666,2024-11-05,UserB
Matador,1986.0,0.7777777777777778,2024-11-10,UserB
The 400 Blows,1959.0,0.6666666666666666,2024-11-12,UserB
Beau Travail,1999.0,0.7777777777777778,2024-11-13,UserB
Out 1,1971.0,0.6666666666666666,2024-11-14,UserB
Twisters,2024.0,0.4444444444444444,2024-11-16,UserB
A Woman Under the Influence,1974.0,0.5555555555555556,2024-11-16,UserB
The Celebration,1998.0,0.5555555555555556,2024-11-17,UserB
Gladiator II,2024.0,0.5555555555555556,2024-11-17,UserB
The Night of the Hunter,1955.0,0.6666666666666666,2024-11-18,UserB
Deerskin,2019.0,0.5555555555555556,2024-11-19,UserB
The Beast,2023.0,0.6666666666666666,2024-11-23,UserB
Wicked,2024.0,0.5555555555555556,2024-11-25,UserB
Blow Out,1981.0,0.6666666666666666,2024-11-29,UserB
Yojimbo,1961.0,0.5555555555555556,2024-12-03,UserB
Green Room,2015.0,0.5555555555555556,2024-12-05,UserB
The First Charge of the Machete,1969.0,0.7777777777777778,2024-12-09,UserB
Nosferatu,2024.0,0.4444444444444444,2024-12-19,UserB
The Flamenco Guitar of Yerai Cortés,2024.0,0.7777777777777778,2024-12-20,UserB
Sonic the Hedgehog 3,2024.0,0.3333333333333333,2024-12-26,UserB
Wings of Desire,1987.0,0.6666666666666666,2025-01-02,UserB
Totally F***ed Up,1993.0,0.6666666666666666,2025-01-02,UserB
Queer,2024.0,0.7777777777777778,2025-01-03,UserB
Wallace & Gromit: The Curse of the Were-Rabbit,2005.0,0.5555555555555556,2025-01-04,UserB
"Paris, Texas",1984.0,0.6666666666666666,2025-01-04,UserB
The Doom Generation,1995.0,0.6666666666666666,2025-01-05,UserB
Heretic,2024.0,0.5555555555555556,2025-01-05,UserB
Inland Empire,2006.0,0.8888888888888888,2025-01-05,UserB
Wallace & Gromit: Vengeance Most Fowl,2024.0,0.5555555555555556,2025-01-06,UserB
Diabolique,1955.0,0.6666666666666666,2025-01-06,UserB
Nowhere,1997.0,0.7777777777777778,2025-01-07,UserB
A History of Violence,2005.0,0.5555555555555556,2025-01-08,UserB
Ghostland,2018.0,0.4444444444444444,2025-01-08,UserB
Man Bites Dog,1992.0,0.5555555555555556,2025-01-09,UserB
Thief,1981.0,0.7777777777777778,2025-01-10,UserB
Absurda,2007.0,1.0,2025-01-11,UserB
Flow,2024.0,0.6666666666666666,2025-01-25,UserB
The Brutalist,2024.0,0.7777777777777778,2025-01-26,UserB
Vox Lux,2018.0,0.5555555555555556,2025-01-27,UserB
All That Jazz,1979.0,0.6666666666666666,2025-01-28,UserB
Princess Mononoke,1997.0,0.5555555555555556,2025-01-28,UserB
Joker,2019.0,0.7777777777777778,2025-01-29,UserB
Mysterious Skin,2004.0,0.7777777777777778,2025-01-29,UserB
"Synecdoche, New York",2008.0,0.3333333333333333,2025-01-30,UserB
I Am Cuba,1964.0,0.8888888888888888,2025-01-31,UserB
Dog Man,2025.0,0.3333333333333333,2025-02-04,UserB
Companion,2025.0,0.4444444444444444,2025-02-04,UserB
Twin Peaks: Fire Walk with Me,1992.0,0.8888888888888888,2025-02-05,UserB
Spirited Away,2001.0,0.5555555555555556,2025-02-06,UserB
Climax,2018.0,0.6666666666666666,2025-02-08,UserB
The Wild Robot,2024.0,0.6666666666666666,2025-02-08,UserB
Lost Highway,1997.0,0.7777777777777778,2025-02-08,UserB
Neon Genesis Evangelion: The End of Evangelion,1997.0,0.7777777777777778,2025-02-09,UserB
Evangelion: 1.0 You Are (Not) Alone,2007.0,0.5555555555555556,2025-02-09,UserB
Evangelion: 2.0 You Can (Not) Advance,2009.0,0.5555555555555556,2025-02-10,UserB
The Order,2024.0,0.5555555555555556,2025-02-10,UserB
Evangelion: 3.0 You Can (Not) Redo,2012.0,0.4444444444444444,2025-02-10,UserB
A Brighter Summer Day,1991.0,0.7777777777777778,2025-02-10,UserB
Evangelion: 3.0+1.0 Thrice Upon a Time,2021.0,0.5555555555555556,2025-02-12,UserB
State of Siege,1972.0,0.8888888888888888,2025-02-12,UserB
The Seventh Continent,1989.0,0.7777777777777778,2025-02-13,UserB
Mishima: A Life in Four Chapters,1985.0,0.3333333333333333,2025-02-14,UserB
The Grand Budapest Hotel,2014.0,0.8888888888888888,2025-02-14,UserB
Perfect Blue,1997.0,0.7777777777777778,2025-02-15,UserB
The Conversation,1974.0,0.4444444444444444,2025-02-17,UserB
One Last Deal,2018.0,0.3333333333333333,2025-02-18,UserB
Babygirl,2024.0,0.2222222222222222,2025-02-18,UserB
The Childhood of a Leader,2015.0,0.2222222222222222,2025-02-19,UserB
Three Colours: Blue,1993.0,0.5555555555555556,2025-02-19,UserB
Three Colours: White,1994.0,0.6666666666666666,2025-02-20,UserB
Three Colours: Red,1994.0,0.6666666666666666,2025-02-21,UserB
The Monkey,2025.0,0.4444444444444444,2025-02-23,UserB
I'm Still Here,2024.0,0.7777777777777778,2025-02-24,UserB
Conclave,2024.0,0.6666666666666666,2025-02-25,UserB
Deep Red,1975.0,0.5555555555555556,2025-02-26,UserB
Arrival,2016.0,0.8888888888888888,2025-02-26,UserB
Vivarium,2019.0,0.1111111111111111,2025-02-27,UserB
Bones and All,2022.0,0.5555555555555556,2025-02-27,UserB
Satantango,1994.0,0.8888888888888888,2025-02-28,UserB
Nickel Boys,2024.0,0.7777777777777778,2025-03-02,UserB
A Complete Unknown,2024.0,0.5555555555555556,2025-03-02,UserB
Moonlight,2016.0,0.7777777777777778,2025-03-03,UserB
La Cocina,2024.0,0.2222222222222222,2025-03-03,UserB
Napoleon,1927.0,0.6666666666666666,2025-03-04,UserB
Bottle Rocket,1996.0,0.6666666666666666,2025-03-04,UserB
The Fountainhead,1949.0,0.5555555555555556,2025-03-05,UserB
Caché,2005.0,0.7777777777777778,2025-03-06,UserB
The Taste of Things,2023.0,0.3333333333333333,2025-03-07,UserB
Anora,2024.0,0.8888888888888888,2025-03-07,UserB
The Florida Project,2017.0,0.6666666666666666,2025-03-08,UserB
Carlito's Way,1993.0,0.7777777777777778,2025-03-09,UserB
Here,2024.0,0.4444444444444444,2025-03-09,UserB
Rushmore,1998.0,0.5555555555555556,2025-03-11,UserB
Red Rocket,2021.0,0.6666666666666666,2025-03-12,UserB
Uncle Boonmee Who Can Recall His Past Lives,2010.0,0.5555555555555556,2025-03-13,UserB
The White Ribbon,2009.0,0.6666666666666666,2025-03-13,UserB
The Piano Teacher,2001.0,0.7777777777777778,2025-03-13,UserB
Live Flesh,1997.0,0.6666666666666666,2025-03-14,UserB
"Jeanne Dielman, 23, quai du Commerce, 1080 Bruxelles",1975.0,0.6666666666666666,2025-03-14,UserB
The Executioner,1963.0,0.6666666666666666,2025-03-17,UserB
Love Exposure,2008.0,0.4444444444444444,2025-03-18,UserB
Mickey 17,2025.0,0.5555555555555556,2025-03-18,UserB
Fantastic Mr. Fox,2009.0,0.6666666666666666,2025-03-18,UserB
Moonrise Kingdom,2012.0,0.5555555555555556,2025-03-19,UserB
The Tree of Life,2011.0,1.0,2025-03-19,UserB
Sunset Boulevard,1950.0,0.6666666666666666,2025-03-20,UserB
Rear Window,1954.0,0.6666666666666666,2025-03-20,UserB
Babylon,2022.0,0.6666666666666666,2025-03-21,UserB
Kneecap,2024.0,0.5555555555555556,2025-03-22,UserB
We're All Going to the World's Fair,2021.0,0.4444444444444444,2025-03-22,UserB
Fallen Angels,1995.0,0.5555555555555556,2025-03-26,UserB
Cloud,2024.0,0.5555555555555556,2025-03-26,UserB
The Lord of the Rings: The Fellowship of the Ring,2001.0,0.6666666666666666,2025-03-31,UserB
The Lord of the Rings: The Two Towers,2002.0,0.6666666666666666,2025-04-09,UserB
Blue Velvet,1986.0,0.6666666666666666,2025-04-14,UserB
How to Make Millions Before Grandma Dies,2024.0,0.6666666666666666,2025-04-16,UserB
Warfare,2025.0,0.6666666666666666,2025-04-17,UserB
Black Bag,2025.0,0.3333333333333333,2025-04-17,UserB
Escape,2024.0,0.3333333333333333,2025-04-21,UserB
Wild at Heart,1990.0,0.6666666666666666,2025-04-21,UserB
The Big Lebowski,1998.0,0.5555555555555556,2025-04-22,UserB
Take Out,2004.0,0.5555555555555556,2025-04-23,UserB
iHostage,2025.0,0.1111111111111111,2025-04-25,UserB
Badlands,1973.0,0.5555555555555556,2025-04-27,UserB
Days of Heaven,1978.0,0.5555555555555556,2025-05-04,UserB
Thunderbolts*,2025.0,0.4444444444444444,2025-05-07,UserB
La La Land,2016.0,0.8888888888888888,2025-05-09,UserB
Bullet Train Explosion,2025.0,0.1111111111111111,2025-05-13,UserB
Breathless,1960.0,0.5555555555555556,2025-06-20,UserB
The Phoenician Scheme,2025.0,0.6666666666666666,2025-06-20,UserB
Spring Breakers,2012.0,0.3333333333333333,2025-07-01,UserB
Sinners,2025.0,0.8888888888888888,2025-07-04,UserB
A Girl Walks Home Alone at Night,2014.0,0.5555555555555556,2025-07-06,UserB
Mulholland Drive,2001.0,1.0,2025-07-12,UserB
Superman,2025.0,0.5555555555555556,2025-07-13,UserB
Pickpocket,1959.0,0.2222222222222222,2025-07-17,UserB
Babies Don't Come with Instructions,2024.0,0.4444444444444444,2025-07-20,UserB
The Marching Band,2024.0,0.5555555555555556,2025-07-20,UserB
The Amateur,2025.0,0.3333333333333333,2025-07-21,UserB
Deep Cover,2025.0,0.4444444444444444,2025-07-22,UserB
Black Dog,2024.0,0.5555555555555556,2025-07-23,UserB
Paprika,2006.0,0.5555555555555556,2025-07-27,UserB
Audition,1999.0,0.7777777777777778,2025-07-28,UserB
Porco Rosso,1992.0,0.6666666666666666,2025-07-28,UserB
Fireworks,1997.0,0.6666666666666666,2025-07-30,UserB
Outrage,2010.0,0.4444444444444444,2025-07-30,UserB
Brother,2000.0,0.5555555555555556,2025-07-31,UserB
Yi Yi,2000.0,0.6666666666666666,2025-07-31,UserB
High and Low,1963.0,0.7777777777777778,2025-08-01,UserB
A Man Escaped,1956.0,0.5555555555555556,2025-08-02,UserB
Le Trou,1960.0,0.6666666666666666,2025-08-02,UserB
The Fantastic 4: First Steps,2025.0,0.4444444444444444,2025-08-03,UserB
Funny Games,1997.0,0.5555555555555556,2025-08-04,UserB
Double Indemnity,1944.0,0.7777777777777778,2025-08-07,UserB
Before Sunset,2004.0,0.3333333333333333,2025-08-07,UserB
F1,2025.0,0.6666666666666666,2025-08-07,UserB
It Comes at Night,2017.0,0.6666666666666666,2025-08-07,UserB
Some Like It Hot,1959.0,0.5555555555555556,2025-08-07,UserB
How to Make a Killing,2024.0,0.2222222222222222,2025-08-07,UserB
mid90s,2018.0,0.5555555555555556,2025-08-09,UserB
Band of Outsiders,1964.0,0.6666666666666666,2025-08-10,UserB
Barbarian,2022.0,0.6666666666666666,2025-08-10,UserB
Weapons,2025.0,0.5555555555555556,2025-08-10,UserB
Pacifiction,2022.0,0.5555555555555556,2025-08-11,UserB
The Killer,1989.0,0.8888888888888888,2025-08-12,UserB
Women on the Verge of a Nervous Breakdown,1988.0,0.6666666666666666,2025-08-13,UserB
Good Will Hunting,1997.0,0.6666666666666666,2025-08-17,UserB
Sing Sing,2023.0,0.6666666666666666,2025-08-17,UserB
Mission: Impossible – The Final Reckoning,2025.0,0.6666666666666666,2025-08-21,UserB
Materialists,2025.0,0.3333333333333333,2025-08-24,UserB
Heads of State,2025.0,0.1111111111111111,2025-08-26,UserB
The Naked Gun,2025.0,0.5555555555555556,2025-08-28,UserB
Superbad,2007.0,0.4444444444444444,2025-09-01,UserB
Speed Racer,2008.0,0.7777777777777778,2025-09-03,UserB
12 Hour Shift,2020.0,0.2222222222222222,2025-09-04,UserB
The Conjuring: Last Rites,2025.0,0.3333333333333333,2025-09-06,UserB
Shang-Chi and the Legend of the Ten Rings,2021.0,0.2222222222222222,2025-09-21,UserB
Dark Phoenix,2019.0,0.1111111111111111,2025-09-21,UserB
X-Men: Apocalypse,2016.0,0.2222222222222222,2025-09-21,UserB
Alita: Battle Angel,2019.0,0.2222222222222222,2025-09-21,UserB
The Matrix Resurrections,2021.0,0.1111111111111111,2025-09-21,UserB
Terminator Genisys,2015.0,0.1111111111111111,2025-09-21,UserB
Jackie Brown,1997.0,0.2222222222222222,2025-09-23,UserB
Death Proof,2007.0,0.3333333333333333,2025-09-23,UserB
The Wolf of Wall Street,2013.0,0.8888888888888888,2025-09-26,UserB
"Lock, Stock and Two Smoking Barrels",1998.0,0.4444444444444444,2025-09-26,UserB
Blade Runner 2049,2017.0,0.8888888888888888,2025-09-26,UserB
Gone Girl,2014.0,0.8888888888888888,2025-09-26,UserB
Mank,2020.0,0.1111111111111111,2025-09-26,UserB
The Killer,2023.0,0.3333333333333333,2025-09-26,UserB
The Curious Case of Benjamin Button,2008.0,0.4444444444444444,2025-09-26,UserB
Zodiac,2007.0,0.8888888888888888,2025-09-26,UserB
Men in Black: International,2019.0,0.1111111111111111,2025-09-27,UserB
The BFG,2016.0,0.1111111111111111,2025-09-27,UserB
Warrior,2011.0,0.7777777777777778,2025-09-27,UserB
The Handmaiden,2016.0,0.8888888888888888,2025-09-27,UserB
F9,2021.0,0.1111111111111111,2025-09-27,UserB
The Fate of the Furious,2017.0,0.1111111111111111,2025-09-27,UserB
RED,2010.0,0.2222222222222222,2025-09-27,UserB
John Wick: Chapter 2,2017.0,0.4444444444444444,2025-09-27,UserB
Vortex,2021.0,0.5555555555555556,2025-09-27,UserB
Lone Survivor,2013.0,0.3333333333333333,2025-09-27,UserB
Upgrade,2018.0,0.8888888888888888,2025-09-27,UserB
Justice League,2017.0,0.1111111111111111,2025-09-27,UserB
Fantastic Four,2015.0,0.1111111111111111,2025-09-27,UserB
The First Purge,2018.0,0.2222222222222222,2025-09-27,UserB
No Time to Die,2021.0,0.4444444444444444,2025-09-27,UserB
Quantum of Solace,2008.0,0.2222222222222222,2025-09-27,UserB
Titane,2021.0,0.4444444444444444,2025-09-27,UserB
Godzilla vs. Kong,2021.0,0.1111111111111111,2025-09-27,UserB
Venom,2018.0,0.4444444444444444,2025-09-27,UserB
The Suicide Squad,2021.0,0.3333333333333333,2025-09-27,UserB
Harry Potter and the Philosopher's Stone,2001.0,0.4444444444444444,2025-09-27,UserB
Deadpool,2016.0,0.4444444444444444,2025-09-27,UserB
Deadpool 2,2018.0,0.5555555555555556,2025-09-27,UserB
Shazam!,2019.0,0.4444444444444444,2025-09-27,UserB
It,2017.0,0.5555555555555556,2025-09-27,UserB
Divergent,2014.0,0.1111111111111111,2025-09-27,UserB
Zombieland: Double Tap,2019.0,0.2222222222222222,2025-09-27,UserB
Suicide Squad,2016.0,0.1111111111111111,2025-09-27,UserB
One Battle After Another,2025.0,0.7777777777777778,2025-09-29,UserB
Natural Born Killers,1994.0,0.2222222222222222,2025-09-29,UserB
Nomadland,2020.0,0.2222222222222222,2025-09-29,UserB
Wonder Woman 1984,2020.0,0.0,2025-09-29,UserB
After Earth,2013.0,0.1111111111111111,2025-09-29,UserB
Deaf,2025.0,0.7777777777777778,2025-09-29,UserB
Oblivion,2013.0,0.4444444444444444,2025-09-29,UserB
The Hobbit: An Unexpected Journey,2012.0,0.4444444444444444,2025-09-29,UserB
The Hobbit: The Desolation of Smaug,2013.0,0.4444444444444444,2025-09-29,UserB
Jumanji: Welcome to the Jungle,2017.0,0.3333333333333333,2025-09-29,UserB
Twilight,2008.0,0.1111111111111111,2025-09-29,UserB
Angel Has Fallen,2019.0,0.2222222222222222,2025-09-29,UserB
Phantom Thread,2017.0,0.6666666666666666,2025-09-30,UserB
Little Monsters,2019.0,0.4444444444444444,2025-09-30,UserB
Fire Will Come,2019.0,0.5555555555555556,2025-09-30,UserB
Licorice Pizza,2021.0,0.5555555555555556,2025-09-30,UserB
The Master,2012.0,0.7777777777777778,2025-09-30,UserB
Before the Devil Knows You're Dead,2007.0,0.6666666666666666,2025-09-30,UserB
Monster,2004.0,0.8888888888888888,2025-09-30,UserB
Caught Stealing,2025.0,0.5555555555555556,2025-10-02,UserB
The Battle of Algiers,1966.0,0.8888888888888888,2025-10-02,UserB
The Smashing Machine,2025.0,0.4444444444444444,2025-10-07,UserB
Humanist Vampire Seeking Consenting Suicidal Person,2023.0,0.6666666666666666,2025-10-11,UserB
TRON: Ares,2025.0,0.2222222222222222,2025-10-11,UserB
3-Iron,2004.0,0.6666666666666666,2025-10-16,UserB
Springsteen: Deliver Me from Nowhere,2025.0,0.5555555555555556,2025-10-26,UserB
The Long Walk,2025.0,0.5555555555555556,2025-11-03,UserB
Sundays,2025.0,0.6666666666666666,2025-11-03,UserB
Together,2025.0,0.5555555555555556,2025-11-04,UserB
The Aura,2005.0,0.5555555555555556,2025-11-04,UserB
Good Boy,2025.0,0.4444444444444444,2025-11-04,UserB
Bugonia,2025.0,0.6666666666666666,2025-11-09,UserB
Mad God,2021.0,0.7777777777777778,2025-11-14,UserB
Die My Love,2025.0,0.7777777777777778,2025-11-16,UserB
Now You See Me: Now You Don't,2025.0,0.4444444444444444,2025-11-17,UserB
Frankenstein,2025.0,0.6666666666666666,2025-11-21,UserB
Robot Dreams,2023.0,0.8888888888888888,2025-11-21,UserB
Wicked: For Good,2025.0,0.4444444444444444,2025-11-24,UserB
Shutter Island,2010.0,0.6666666666666666,2025-11-28,UserB
No Other Choice,2025.0,0.6666666666666666,2025-11-28,UserB
Aro berria,2025.0,0.5555555555555556,2025-12-01,UserB
Five Nights at Freddy's 2,2025.0,0.2222222222222222,2025-12-07,UserB
The Naked Gun: From the Files of Police Squad!,1988.0,0.4444444444444444,2025-12-09,UserB
Sentimental Value,2025.0,0.3333333333333333,2025-12-14,UserB
Train Dreams,2025.0,0.7777777777777778,2025-12-15,UserB
Avatar: Fire and Ash,2025.0,0.4444444444444444,2025-12-25,UserB
Wake Up Dead Man,2025.0,0.6666666666666666,2025-12-25,UserB
Airplane!,1980.0,0.3333333333333333,2025-12-25,UserB
Reflection in a Dead Diamond,2025.0,0.6666666666666666,2025-12-27,UserB
When Harry Met Sally...,1989.0,0.8888888888888888,2026-01-02,UserB
Eternity,2025.0,0.6666666666666666,2026-01-07,UserB
Romería,2025.0,0.7777777777777778,2026-01-22,UserB
28 Years Later,2025.0,0.5555555555555556,2026-01-22,UserB
28 Years Later: The Bone Temple,2026.0,0.6666666666666666,2026-01-22,UserB
The Mastermind,2025.0,0.5555555555555556,2026-01-22,UserB
The Thin Red Line,1998.0,0.8888888888888888,2026-01-22,UserB
Marty Supreme,2025.0,1.0,2026-01-25,UserB
Hamnet,2025.0,0.7777777777777778,2026-01-26,UserB
MadS,2024.0,0.1111111111111111,2026-02-01,UserB
Annie Hall,1977.0,0.2222222222222222,2026-02-08,UserB
Manhattan,1979.0,0.5555555555555556,2026-02-09,UserB
L'Eclisse,1962.0,0.0,2026-02-11,UserB
Blow-Up,1966.0,0.8888888888888888,2026-02-15,UserB
10 Things I Hate About You,1999.0,1.0,2026-02-18,UserB
Dodes'ka-den,1970.0,0.3333333333333333,2026-02-19,UserB
The Secret Agent,2025.0,0.4444444444444444,2026-02-23,UserB
The Batman,2022.0,0.8888888888888888,2022-04-11,vicariamente
Turning Red,2022.0,0.7777777777777778,2022-04-11,vicariamente
The Worst Person in the World,2021.0,0.8888888888888888,2022-04-11,vicariamente
Licorice Pizza,2021.0,0.6666666666666666,2022-04-11,vicariamente
Fantastic Mr. Fox,2009.0,0.8888888888888888,2022-04-11,vicariamente
Over the Hedge,2006.0,0.5555555555555556,2022-04-11,vicariamente
Cloudy with a Chance of Meatballs,2009.0,0.7777777777777778,2022-04-11,vicariamente
The Lego Batman Movie,2017.0,1.0,2022-04-11,vicariamente
About Time,2013.0,1.0,2022-04-11,vicariamente
Chip 'n Dale: Rescue Rangers,2022.0,0.5555555555555556,2022-05-21,vicariamente
The Bad Guys,2022.0,0.6666666666666666,2022-05-23,vicariamente
Before Midnight,2013.0,0.8888888888888888,2022-06-06,vicariamente
Parasite,2019.0,1.0,2022-06-07,vicariamente
Fresh,2022.0,0.4444444444444444,2022-06-25,vicariamente
Ingrid Goes West,2017.0,0.5555555555555556,2022-06-26,vicariamente
Spiderhead,2022.0,0.3333333333333333,2022-06-27,vicariamente
Interstellar,2014.0,1.0,2022-06-28,vicariamente
Minions: The Rise of Gru,2022.0,0.5555555555555556,2022-07-02,vicariamente
Not Okay,2022.0,0.6666666666666666,2022-08-03,vicariamente
Honor Society,2022.0,0.7777777777777778,2022-08-04,vicariamente
10 Things I Hate About You,1999.0,0.7777777777777778,2022-08-05,vicariamente
Whiplash,2014.0,1.0,2022-08-10,vicariamente
The Map of Tiny Perfect Things,2021.0,0.6666666666666666,2022-08-10,vicariamente
Vicky Cristina Barcelona,2008.0,0.6666666666666666,2022-08-11,vicariamente
Spider-Man: No Way Home,2021.0,0.7777777777777778,2022-08-15,vicariamente
Her,2013.0,0.8888888888888888,2022-08-15,vicariamente
The Lobster,2015.0,0.7777777777777778,2022-08-15,vicariamente
Mo' Better Blues,1990.0,0.7777777777777778,2022-08-15,vicariamente
Guava Island,2019.0,0.7777777777777778,2022-08-15,vicariamente
Eagle vs Shark,2007.0,0.1111111111111111,2022-08-16,vicariamente
The Da Vinci Code,2006.0,0.3333333333333333,2022-08-17,vicariamente
Good Will Hunting,1997.0,0.8888888888888888,2022-08-19,vicariamente
Red Eye,2005.0,0.6666666666666666,2022-08-22,vicariamente
When Harry Met Sally...,1989.0,1.0,2022-08-22,vicariamente
Groundhog Day,1993.0,0.8888888888888888,2022-08-22,vicariamente
Paprika,2006.0,0.8888888888888888,2022-08-24,vicariamente
Frances Ha,2012.0,0.8888888888888888,2022-08-26,vicariamente
Nope,2022.0,1.0,2022-08-26,vicariamente
Being John Malkovich,1999.0,0.7777777777777778,2022-08-27,vicariamente
Eternal Sunshine of the Spotless Mind,2004.0,0.8888888888888888,2022-08-28,vicariamente
Nightcrawler,2014.0,0.8888888888888888,2022-08-28,vicariamente
If Anything Happens I Love You,2020.0,0.6666666666666666,2022-08-28,vicariamente
Sorry to Bother You,2018.0,0.8888888888888888,2022-08-29,vicariamente
La La Land,2016.0,1.0,2022-08-29,vicariamente
Dead Poets Society,1989.0,1.0,2022-08-30,vicariamente
Jackass Forever,2022.0,0.7777777777777778,2022-08-30,vicariamente
Sound of Metal,2019.0,0.8888888888888888,2022-09-01,vicariamente
Ava,2020.0,0.2222222222222222,2022-09-03,vicariamente
Echoes,2022.0,0.3333333333333333,2022-09-08,vicariamente
Bedazzled,2000.0,0.5555555555555556,2022-09-17,vicariamente
X,2022.0,0.6666666666666666,2022-09-18,vicariamente
Cyberpunk: Edgerunners,2022.0,0.8888888888888888,2022-09-24,vicariamente
Arrival,2016.0,0.8888888888888888,2022-09-25,vicariamente
Do Revenge,2022.0,0.6666666666666666,2022-09-26,vicariamente
Love & Other Drugs,2010.0,0.5555555555555556,2022-09-26,vicariamente
Guns Akimbo,2019.0,0.1111111111111111,2022-09-27,vicariamente
Entergalactic,2022.0,0.7777777777777778,2022-10-02,vicariamente
She-Hulk: Attorney at Law,2022.0,0.5555555555555556,2022-10-14,vicariamente
The Thing,1982.0,0.8888888888888888,2022-10-30,vicariamente
Wendell & Wild,2022.0,0.7777777777777778,2022-11-01,vicariamente
Hereditary,2018.0,0.8888888888888888,2022-11-01,vicariamente
The Lego Movie,2014.0,0.7777777777777778,2022-12-01,vicariamente
Bodies Bodies Bodies,2022.0,0.6666666666666666,2022-12-05,vicariamente
The Menu,2022.0,0.8888888888888888,2022-12-08,vicariamente
Freaks - You're One of Us,2020.0,0.3333333333333333,2022-12-09,vicariamente
Carol,2015.0,0.7777777777777778,2022-12-10,vicariamente
Shiva Baby,2020.0,0.7777777777777778,2022-12-11,vicariamente
Guillermo del Toro's Pinocchio,2022.0,0.7777777777777778,2022-12-12,vicariamente
Meet Cute,2022.0,0.4444444444444444,2022-12-12,vicariamente
Avatar,2009.0,0.8888888888888888,2022-12-16,vicariamente
Everything Everywhere All at Once,2022.0,1.0,2022-12-17,vicariamente
Aftersun,2022.0,1.0,2022-12-19,vicariamente
Shrek 2,2004.0,1.0,2022-12-19,vicariamente
Avatar: The Way of Water,2022.0,0.8888888888888888,2022-12-19,vicariamente
Thor: Love and Thunder,2022.0,0.4444444444444444,2022-12-19,vicariamente
The Banshees of Inisherin,2022.0,0.8888888888888888,2022-12-20,vicariamente
Next Exit,2022.0,0.5555555555555556,2022-12-21,vicariamente
Zoolander,2001.0,0.4444444444444444,2022-12-22,vicariamente
Big Time Adolescence,2019.0,0.6666666666666666,2022-12-23,vicariamente
Marcel the Shell with Shoes On,2021.0,1.0,2022-12-31,vicariamente
The Fabelmans,2022.0,1.0,2023-01-01,vicariamente
Alien,1979.0,1.0,2023-01-02,vicariamente
The Bob's Burgers Movie,2022.0,0.7777777777777778,2023-01-03,vicariamente
Radiohead: In Rainbows - From the Basement,2008.0,1.0,2023-01-03,vicariamente
The Dictator,2012.0,0.3333333333333333,2023-01-04,vicariamente
Ex Machina,2015.0,0.8888888888888888,2023-01-05,vicariamente
Two Distant Strangers,2020.0,0.0,2023-01-05,vicariamente
Drive,2011.0,1.0,2023-01-06,vicariamente
The Nice Guys,2016.0,1.0,2023-01-07,vicariamente
Strange World,2022.0,0.5555555555555556,2023-01-08,vicariamente
The Grand Budapest Hotel,2014.0,1.0,2023-01-08,vicariamente
All About My Mother,1999.0,0.8888888888888888,2023-01-09,vicariamente
Anima,2019.0,0.7777777777777778,2023-01-10,vicariamente
The Lost Daughter,2021.0,0.7777777777777778,2023-01-12,vicariamente
M3GAN,2022.0,0.6666666666666666,2023-01-13,vicariamente
Don't Worry Darling,2022.0,0.2222222222222222,2023-01-14,vicariamente
Falling for Christmas,2022.0,0.2222222222222222,2023-01-14,vicariamente
Phantom Thread,2017.0,1.0,2023-01-14,vicariamente
Boogie Nights,1997.0,1.0,2023-01-15,vicariamente
Anchorman: The Legend of Ron Burgundy,2004.0,0.6666666666666666,2023-01-18,vicariamente
I Lost My Body,2019.0,0.6666666666666666,2023-01-19,vicariamente
"The French Dispatch of the Liberty, Kansas Evening Sun",2021.0,0.6666666666666666,2023-01-19,vicariamente
Skinamarink,2022.0,0.0,2023-01-20,vicariamente
Perfect Blue,1997.0,0.7777777777777778,2023-01-20,vicariamente
Babylon,2022.0,0.8888888888888888,2023-01-21,vicariamente
Punch-Drunk Love,2002.0,1.0,2023-01-22,vicariamente
Pearl,2022.0,0.8888888888888888,2023-01-23,vicariamente
Disobedience,2017.0,0.8888888888888888,2023-01-23,vicariamente
On the Count of Three,2021.0,0.7777777777777778,2023-01-24,vicariamente
The Umbrellas of Cherbourg,1964.0,0.7777777777777778,2023-01-24,vicariamente
Decision to Leave,2022.0,0.7777777777777778,2023-01-25,vicariamente
The Big Short,2015.0,1.0,2023-01-26,vicariamente
Living,2022.0,0.7777777777777778,2023-01-27,vicariamente
Little Miss Sunshine,2006.0,1.0,2023-01-28,vicariamente
TÁR,2022.0,0.8888888888888888,2023-01-28,vicariamente
Prisoners,2013.0,0.8888888888888888,2023-01-29,vicariamente
Malignant,2021.0,0.6666666666666666,2023-01-30,vicariamente
The Darjeeling Limited,2007.0,0.7777777777777778,2023-01-31,vicariamente
Bacurau,2019.0,1.0,2023-02-01,vicariamente
Plus One,2019.0,0.7777777777777778,2023-02-02,vicariamente
"O Brother, Where Art Thou?",2000.0,0.6666666666666666,2023-02-03,vicariamente
Little Women,2019.0,1.0,2023-02-04,vicariamente
RRR,2022.0,1.0,2023-02-05,vicariamente
Triangle of Sadness,2022.0,0.8888888888888888,2023-02-06,vicariamente
The Whale,2022.0,0.5555555555555556,2023-02-07,vicariamente
Cloudy with a Chance of Meatballs 2,2013.0,0.6666666666666666,2023-02-09,vicariamente
Porco Rosso,1992.0,0.6666666666666666,2023-02-10,vicariamente
The Game,1997.0,0.7777777777777778,2023-02-11,vicariamente
Dazed and Confused,1993.0,1.0,2023-02-13,vicariamente
Lady Bird,2017.0,1.0,2023-02-14,vicariamente
The Devil Wears Prada,2006.0,0.7777777777777778,2023-02-15,vicariamente
Another Round,2020.0,0.8888888888888888,2023-02-16,vicariamente
The Notebook,2004.0,0.6666666666666666,2023-02-17,vicariamente
Scott Pilgrim vs. the World,2010.0,1.0,2023-02-18,vicariamente
Alice in Wonderland,1951.0,0.6666666666666666,2023-02-19,vicariamente
Shrek,2001.0,0.8888888888888888,2023-03-04,vicariamente
The Favourite,2018.0,1.0,2023-03-25,vicariamente
Barbarian,2022.0,0.6666666666666666,2023-04-01,vicariamente
"Crazy, Stupid, Love.",2011.0,0.7777777777777778,2023-04-12,vicariamente
Air,2023.0,0.7777777777777778,2023-04-15,vicariamente
The Super Mario Bros. Movie,2023.0,0.6666666666666666,2023-04-15,vicariamente
Guardians of the Galaxy Vol. 3,2023.0,1.0,2023-05-06,vicariamente
The Fault in Our Stars,2014.0,0.7777777777777778,2023-05-07,vicariamente
Fast X,2023.0,0.5555555555555556,2023-05-22,vicariamente
The Little Mermaid,2023.0,0.5555555555555556,2023-05-27,vicariamente
Strange Way of Life,2023.0,0.7777777777777778,2023-05-27,vicariamente
Spider-Man,2002.0,0.8888888888888888,2023-05-30,vicariamente
Spider-Man 2,2004.0,1.0,2023-05-30,vicariamente
Spider-Man 3,2007.0,0.5555555555555556,2023-05-30,vicariamente
The Amazing Spider-Man,2012.0,1.0,2023-05-31,vicariamente
The Amazing Spider-Man 2,2014.0,0.4444444444444444,2023-05-31,vicariamente
Spider-Man: Homecoming,2017.0,0.6666666666666666,2023-06-01,vicariamente
Spider-Man: Far From Home,2019.0,0.7777777777777778,2023-06-01,vicariamente
Spider-Man: Across the Spider-Verse,2023.0,1.0,2023-06-03,vicariamente
Black Mirror: Joan Is Awful,2023.0,0.6666666666666666,2023-06-16,vicariamente
Asteroid City,2023.0,0.6666666666666666,2023-07-10,vicariamente
Mission: Impossible,1996.0,0.7777777777777778,2023-07-19,vicariamente
Oppenheimer,2023.0,1.0,2023-07-21,vicariamente
Tenet,2020.0,1.0,2023-08-04,vicariamente
Everybody Wants Some!!,2016.0,0.7777777777777778,2023-08-12,vicariamente
They Cloned Tyrone,2023.0,0.7777777777777778,2023-08-13,vicariamente
Set It Up,2018.0,0.7777777777777778,2023-08-13,vicariamente
Dungeons & Dragons: Honor Among Thieves,2023.0,0.8888888888888888,2023-08-14,vicariamente
Talk to Me,2022.0,0.6666666666666666,2023-08-17,vicariamente
"Red, White & Royal Blue",2023.0,0.4444444444444444,2023-08-24,vicariamente
Elemental,2023.0,0.6666666666666666,2023-08-26,vicariamente
No Hard Feelings,2023.0,0.6666666666666666,2023-08-27,vicariamente
Past Lives,2023.0,1.0,2023-08-27,vicariamente
Burn After Reading,2008.0,0.6666666666666666,2023-08-27,vicariamente
Black Mirror: White Christmas,2014.0,0.8888888888888888,2023-08-28,vicariamente
Theater Camp,2023.0,0.8888888888888888,2023-09-23,vicariamente
Bottoms,2023.0,1.0,2023-09-23,vicariamente
The Guy Who Didn't Like Musicals,2018.0,1.0,2023-10-07,vicariamente
Killers of the Flower Moon,2023.0,1.0,2023-10-27,vicariamente
The Boy and the Heron,2023.0,1.0,2023-10-28,vicariamente
Five Nights at Freddy's,2023.0,0.4444444444444444,2023-10-28,vicariamente
GoodFellas,1990.0,1.0,2023-10-30,vicariamente
Titane,2021.0,0.7777777777777778,2023-10-30,vicariamente
Practical Magic,1998.0,0.5555555555555556,2023-11-02,vicariamente
The Killer,2023.0,0.7777777777777778,2023-11-04,vicariamente
The Muppets,2011.0,1.0,2023-11-07,vicariamente
Notting Hill,1999.0,0.8888888888888888,2023-11-08,vicariamente
Mamma Mia!,2008.0,1.0,2023-11-08,vicariamente
The Talented Mr. Ripley,1999.0,0.7777777777777778,2023-11-09,vicariamente
Women on the Verge of a Nervous Breakdown,1988.0,0.7777777777777778,2023-11-10,vicariamente
"tick, tick... BOOM!",2021.0,1.0,2023-11-10,vicariamente
Your Christmas or Mine?,2022.0,0.4444444444444444,2023-11-12,vicariamente
Inside Out,2015.0,0.7777777777777778,2023-11-13,vicariamente
Totally Killer,2023.0,0.6666666666666666,2023-11-15,vicariamente
Eurovision Song Contest: The Story of Fire Saga,2020.0,0.5555555555555556,2023-11-16,vicariamente
Napoleon,2023.0,0.6666666666666666,2023-11-25,vicariamente
Anatomy of a Fall,2023.0,1.0,2023-12-08,vicariamente
Judas and the Black Messiah,2021.0,1.0,2023-12-12,vicariamente
Booksmart,2019.0,0.5555555555555556,2023-12-13,vicariamente
Chicken Run: Dawn of the Nugget,2023.0,0.6666666666666666,2023-12-20,vicariamente
Elf,2003.0,0.6666666666666666,2023-12-22,vicariamente
The Iron Claw,2023.0,1.0,2023-12-23,vicariamente
Ponyo,2008.0,1.0,2023-12-29,vicariamente
The Wonderful Story of Henry Sugar,2023.0,0.7777777777777778,2023-12-30,vicariamente
Kiki's Delivery Service,1989.0,0.8888888888888888,2023-12-30,vicariamente
The Rat Catcher,2023.0,0.6666666666666666,2023-12-31,vicariamente
The Aristocats,1970.0,0.6666666666666666,2023-12-31,vicariamente
BlacKkKlansman,2018.0,1.0,2023-12-31,vicariamente
Poor Things,2023.0,1.0,2024-01-03,vicariamente
Poison,2023.0,0.5555555555555556,2024-01-06,vicariamente
Blue Beetle,2023.0,0.7777777777777778,2024-01-07,vicariamente
The Swan,2023.0,0.6666666666666666,2024-01-07,vicariamente
Heat,1995.0,1.0,2024-01-14,vicariamente
Popstar: Never Stop Never Stopping,2016.0,0.7777777777777778,2024-01-15,vicariamente
The Zone of Interest,2023.0,0.8888888888888888,2024-01-20,vicariamente
Maestro,2023.0,0.6666666666666666,2024-01-29,vicariamente
Dune,2021.0,1.0,2024-02-10,vicariamente
All of Us Strangers,2023.0,1.0,2024-02-24,vicariamente
Dune: Part Two,2024.0,1.0,2024-03-02,vicariamente
American Fiction,2023.0,0.6666666666666666,2024-03-09,vicariamente
Ricky Stanicky,2024.0,0.4444444444444444,2024-03-17,vicariamente
Irish Wish,2024.0,0.2222222222222222,2024-04-01,vicariamente
Música,2024.0,0.6666666666666666,2024-04-06,vicariamente
Love Lies Bleeding,2024.0,0.8888888888888888,2024-04-13,vicariamente
Movie 43,2013.0,0.0,2024-04-17,vicariamente
Sleeping with Other People,2015.0,1.0,2024-04-18,vicariamente
Anyone But You,2023.0,0.6666666666666666,2024-04-27,vicariamente
Mad Max: Fury Road,2015.0,1.0,2024-05-17,vicariamente
Orion and the Dark,2024.0,0.6666666666666666,2024-05-20,vicariamente
A Goofy Movie,1995.0,0.7777777777777778,2024-06-11,vicariamente
An Extremely Goofy Movie,2000.0,0.7777777777777778,2024-06-13,vicariamente
I Saw the TV Glow,2024.0,1.0,2024-06-15,vicariamente
Toy Story 4,2019.0,0.7777777777777778,2024-06-23,vicariamente
Lightyear,2022.0,0.4444444444444444,2024-06-23,vicariamente
Inside Out 2,2024.0,0.8888888888888888,2024-07-06,vicariamente
A Family Affair,2024.0,0.2222222222222222,2024-07-08,vicariamente
Kinds of Kindness,2024.0,0.5555555555555556,2024-07-13,vicariamente
The Bikeriders,2023.0,0.7777777777777778,2024-07-14,vicariamente
Twisters,2024.0,0.7777777777777778,2024-07-20,vicariamente
The Cat Returns,2002.0,0.7777777777777778,2024-08-06,vicariamente
Men in Black,1997.0,1.0,2024-08-06,vicariamente
Men in Black II,2002.0,0.5555555555555556,2024-08-07,vicariamente
The Hangover,2009.0,0.6666666666666666,2024-08-08,vicariamente
The Hangover Part II,2011.0,0.4444444444444444,2024-08-08,vicariamente
The Hangover Part III,2013.0,0.5555555555555556,2024-08-09,vicariamente
The Internship,2013.0,0.5555555555555556,2024-08-09,vicariamente
American Made,2017.0,0.6666666666666666,2024-08-09,vicariamente
Trap,2024.0,0.6666666666666666,2024-08-10,vicariamente
Coach Carter,2005.0,0.7777777777777778,2024-08-12,vicariamente
Failure to Launch,2006.0,0.5555555555555556,2024-08-16,vicariamente
Robot Dreams,2023.0,1.0,2024-08-16,vicariamente
Game Night,2018.0,1.0,2024-08-17,vicariamente
Tag,2018.0,0.6666666666666666,2024-08-17,vicariamente
Despicable Me 4,2024.0,0.5555555555555556,2024-08-17,vicariamente
The Guardians of the Galaxy Holiday Special,2022.0,0.7777777777777778,2024-08-17,vicariamente
Rye Lane,2023.0,1.0,2024-08-18,vicariamente
Alien: Covenant,2017.0,0.7777777777777778,2024-08-18,vicariamente
There's Something About Mary,1998.0,0.5555555555555556,2024-08-19,vicariamente
Fever Pitch,2005.0,0.6666666666666666,2024-08-22,vicariamente
Immaculate,2024.0,0.8888888888888888,2024-08-28,vicariamente
Alien: Romulus,2024.0,0.7777777777777778,2024-08-29,vicariamente
Cinderella's Castle,2025.0,0.5555555555555556,2024-08-31,vicariamente
Beetlejuice,1988.0,0.8888888888888888,2024-09-05,vicariamente
Beetlejuice Beetlejuice,2024.0,0.6666666666666666,2024-09-07,vicariamente
The Martian,2015.0,1.0,2024-09-08,vicariamente
Lisa Frankenstein,2024.0,0.7777777777777778,2024-09-14,vicariamente
Coraline,2009.0,1.0,2024-09-15,vicariamente
Rebel Ridge,2024.0,0.7777777777777778,2024-09-24,vicariamente
Megalopolis,2024.0,0.5555555555555556,2024-09-28,vicariamente
You've Got Mail,1998.0,0.7777777777777778,2024-09-28,vicariamente
Transformers One,2024.0,0.8888888888888888,2024-09-29,vicariamente
The Intern,2015.0,0.6666666666666666,2024-09-30,vicariamente
Perfect Days,2023.0,1.0,2024-10-07,vicariamente
I Used to Be Funny,2023.0,0.6666666666666666,2024-10-07,vicariamente
In the Mood for Love,2000.0,1.0,2024-10-09,vicariamente
Chungking Express,1994.0,1.0,2024-10-10,vicariamente
Memories of Murder,2003.0,1.0,2024-10-11,vicariamente
The Wild Robot,2024.0,1.0,2024-10-12,vicariamente
The Substance,2024.0,1.0,2024-10-13,vicariamente
Halloweentown,1998.0,0.5555555555555556,2024-10-20,vicariamente
The Room Next Door,2024.0,0.4444444444444444,2024-10-26,vicariamente
Werewolves Within,2021.0,0.6666666666666666,2024-10-28,vicariamente
Juror #2,2024.0,0.7777777777777778,2024-11-01,vicariamente
Anora,2024.0,1.0,2024-11-01,vicariamente
My Neighbor Totoro,1988.0,1.0,2024-11-02,vicariamente
Sleepless in Seattle,1993.0,0.6666666666666666,2024-11-03,vicariamente
La Chimera,2023.0,1.0,2024-11-04,vicariamente
The Remarkable Life of Ibelin,2024.0,0.8888888888888888,2024-11-04,vicariamente
Sing 2,2021.0,0.6666666666666666,2024-11-05,vicariamente
Omni Loop,2024.0,0.4444444444444444,2024-11-10,vicariamente
Big Fat Liar,2002.0,0.6666666666666666,2024-11-14,vicariamente
Alita: Battle Angel,2019.0,0.6666666666666666,2024-11-18,vicariamente
The Merry Gentlemen,2024.0,0.4444444444444444,2024-11-23,vicariamente
The Forge,2024.0,0.2222222222222222,2024-11-25,vicariamente
Look Back,2024.0,1.0,2024-11-25,vicariamente
Moana,2016.0,0.7777777777777778,2024-11-30,vicariamente
Moana 2,2024.0,0.4444444444444444,2024-12-01,vicariamente
Crazy Rich Asians,2018.0,0.8888888888888888,2024-12-02,vicariamente
Klaus,2019.0,1.0,2024-12-06,vicariamente
Sonic the Hedgehog,2020.0,0.5555555555555556,2024-12-20,vicariamente
Conclave,2024.0,0.8888888888888888,2024-12-21,vicariamente
How the Grinch Stole Christmas,2000.0,0.8888888888888888,2024-12-23,vicariamente
The Holdovers,2023.0,1.0,2024-12-23,vicariamente
Sonic the Hedgehog 2,2022.0,0.6666666666666666,2024-12-26,vicariamente
Sonic the Hedgehog 3,2024.0,0.8888888888888888,2024-12-26,vicariamente
Labyrinth,1986.0,0.6666666666666666,2024-12-27,vicariamente
"Oh, Canada",2024.0,0.5555555555555556,2024-12-28,vicariamente
Spider-Man: Into the Spider-Verse,2018.0,1.0,2025-01-01,vicariamente
Better Man,2024.0,0.6666666666666666,2025-01-02,vicariamente
Queer,2024.0,0.5555555555555556,2025-01-02,vicariamente
Wallace & Gromit: Vengeance Most Fowl,2024.0,0.7777777777777778,2025-01-04,vicariamente
Turbo,2013.0,0.4444444444444444,2025-01-05,vicariamente
We Live in Time,2024.0,0.8888888888888888,2025-01-06,vicariamente
The Rocky Horror Picture Show,1975.0,1.0,2025-01-06,vicariamente
A Real Pain,2024.0,0.7777777777777778,2025-01-11,vicariamente
Sing Sing,2023.0,1.0,2025-01-11,vicariamente
Bad Moms,2016.0,0.2222222222222222,2025-01-11,vicariamente
Challengers,2024.0,1.0,2025-01-12,vicariamente
A Beautiful Day in the Neighborhood,2019.0,0.6666666666666666,2025-01-12,vicariamente
Wallace & Gromit: The Curse of the Were-Rabbit,2005.0,0.8888888888888888,2025-01-13,vicariamente
Robots,2005.0,1.0,2025-01-13,vicariamente
Liar Liar,1997.0,0.5555555555555556,2025-01-13,vicariamente
12 Angry Men,1957.0,1.0,2025-01-13,vicariamente
Grown Ups,2010.0,0.5555555555555556,2025-01-14,vicariamente
Grown Ups 2,2013.0,0.2222222222222222,2025-01-14,vicariamente
Dumb and Dumber,1994.0,0.1111111111111111,2025-01-15,vicariamente
Jack and Jill,2011.0,0.1111111111111111,2025-01-16,vicariamente
Despicable Me,2010.0,0.6666666666666666,2025-01-16,vicariamente
The Social Network,2010.0,1.0,2025-01-17,vicariamente
The Brutalist,2024.0,1.0,2025-01-18,vicariamente
Casablanca,1942.0,0.8888888888888888,2025-01-19,vicariamente
Flow,2024.0,0.6666666666666666,2025-01-25,vicariamente
How to Make Millions Before Grandma Dies,2024.0,0.7777777777777778,2025-01-25,vicariamente
Babygirl,2024.0,0.5555555555555556,2025-01-25,vicariamente
Training Day,2001.0,0.7777777777777778,2025-01-27,vicariamente
Airplane!,1980.0,0.7777777777777778,2025-01-27,vicariamente
Normal People,2020.0,1.0,2025-01-27,vicariamente
Before Sunrise,1995.0,1.0,2025-01-28,vicariamente
The Garfield Movie,2024.0,0.3333333333333333,2025-02-01,vicariamente
Elite Squad,2007.0,0.8888888888888888,2025-02-02,vicariamente
Taxi Driver,1976.0,0.7777777777777778,2025-02-03,vicariamente
Se7en,1995.0,1.0,2025-02-03,vicariamente
I'm Still Here,2024.0,1.0,2025-02-04,vicariamente
Mission: Impossible II,2000.0,0.4444444444444444,2025-02-05,vicariamente
Mission: Impossible – Ghost Protocol,2011.0,0.7777777777777778,2025-02-10,vicariamente
A Trip to the Moon,1902.0,0.6666666666666666,2025-02-10,vicariamente
Mission: Impossible – Rogue Nation,2015.0,1.0,2025-02-11,vicariamente
Mission: Impossible – Fallout,2018.0,1.0,2025-02-11,vicariamente
City of God,2002.0,1.0,2025-02-14,vicariamente
Men in Black: International,2019.0,0.3333333333333333,2025-02-14,vicariamente
The Fall Guy,2024.0,0.6666666666666666,2025-02-16,vicariamente
Abigail,2024.0,0.5555555555555556,2025-02-16,vicariamente
Dear Evan Hansen,2021.0,0.1111111111111111,2025-02-16,vicariamente
Megamind,2010.0,1.0,2025-02-16,vicariamente
The Graduate,1967.0,1.0,2025-02-17,vicariamente
Woman of the Hour,2023.0,0.5555555555555556,2025-02-17,vicariamente
A Different Man,2024.0,0.7777777777777778,2025-02-18,vicariamente
Emilia Pérez,2024.0,0.0,2025-02-19,vicariamente
Wicked,2024.0,0.6666666666666666,2025-02-20,vicariamente
Companion,2025.0,0.5555555555555556,2025-02-21,vicariamente
Nickel Boys,2024.0,1.0,2025-02-21,vicariamente
The Monkey,2025.0,0.5555555555555556,2025-02-22,vicariamente
The Gorge,2025.0,0.4444444444444444,2025-02-22,vicariamente
Maria,2024.0,0.6666666666666666,2025-02-23,vicariamente
Blue Velvet,1986.0,0.8888888888888888,2025-02-23,vicariamente
Birdman or (The Unexpected Virtue of Ignorance),2014.0,1.0,2025-02-25,vicariamente
A Complete Unknown,2024.0,0.7777777777777778,2025-03-01,vicariamente
Dressed to Kill,1980.0,0.8888888888888888,2025-03-03,vicariamente
Hard Truths,2024.0,0.7777777777777778,2025-03-03,vicariamente
Nimona,2023.0,0.7777777777777778,2025-03-03,vicariamente
She-Devil,1989.0,0.5555555555555556,2025-03-10,vicariamente
The Apartment,1960.0,0.8888888888888888,2025-03-17,vicariamente
The Young Girls of Rochefort,1967.0,1.0,2025-03-24,vicariamente
Pixels,2015.0,0.3333333333333333,2025-03-28,vicariamente
Night at the Museum,2006.0,0.6666666666666666,2025-03-31,vicariamente
Night at the Museum: Battle of the Smithsonian,2009.0,0.5555555555555556,2025-03-31,vicariamente
The Hand,1965.0,0.7777777777777778,2025-03-31,vicariamente
A Minecraft Movie,2025.0,0.3333333333333333,2025-04-07,vicariamente
Mobile Suit Gundam I,1981.0,0.7777777777777778,2025-04-08,vicariamente
Annie Hall,1977.0,0.8888888888888888,2025-04-13,vicariamente
Pokémon Detective Pikachu,2019.0,0.5555555555555556,2025-04-14,vicariamente
Warfare,2025.0,0.3333333333333333,2025-04-19,vicariamente
Black Bag,2025.0,0.7777777777777778,2025-04-19,vicariamente
Jumper,2008.0,0.3333333333333333,2025-04-20,vicariamente
Sinners,2025.0,1.0,2025-04-21,vicariamente
Ratatouille,2007.0,1.0,2025-04-21,vicariamente
Alvin and the Chipmunks,2007.0,0.5555555555555556,2025-04-21,vicariamente
Dumbo,1941.0,0.5555555555555556,2025-04-21,vicariamente
Alvin and the Chipmunks: The Squeakquel,2009.0,0.3333333333333333,2025-04-22,vicariamente
Alvin and the Chipmunks: Chipwrecked,2011.0,0.4444444444444444,2025-04-22,vicariamente
Alvin and the Chipmunks: The Road Chip,2015.0,0.3333333333333333,2025-04-23,vicariamente
Drop,2025.0,0.5555555555555556,2025-04-25,vicariamente
The Royal Tenenbaums,2001.0,1.0,2025-04-26,vicariamente
Finding Nemo,2003.0,0.8888888888888888,2025-04-27,vicariamente
Pride & Prejudice,2005.0,1.0,2025-04-27,vicariamente
The Purple Rose of Cairo,1985.0,1.0,2025-04-27,vicariamente
Black Swan,2010.0,0.7777777777777778,2025-04-28,vicariamente
Paddington,2014.0,0.8888888888888888,2025-04-28,vicariamente
Paddington 2,2017.0,1.0,2025-05-01,vicariamente
The Old Guard,2020.0,0.4444444444444444,2025-05-02,vicariamente
Year One,2009.0,0.0,2025-05-03,vicariamente
Thunderbolts*,2025.0,0.6666666666666666,2025-05-03,vicariamente
Deadpool & Wolverine,2024.0,0.4444444444444444,2025-05-04,vicariamente
The Naked Gun: From the Files of Police Squad!,1988.0,0.7777777777777778,2025-05-04,vicariamente
Onde Estiver Seu Coração,2022.0,0.0,2025-05-04,vicariamente
Same Old West,2024.0,0.7777777777777778,2025-05-12,vicariamente
Mission: Impossible III,2006.0,0.6666666666666666,2025-05-15,vicariamente
V for Vendetta,2005.0,0.6666666666666666,2025-05-16,vicariamente
La Jetée,1962.0,0.7777777777777778,2025-05-18,vicariamente
Mission: Impossible – Dead Reckoning,2023.0,0.7777777777777778,2025-05-24,vicariamente
The Third Man,1949.0,0.7777777777777778,2025-05-26,vicariamente
The Phoenician Scheme,2025.0,0.5555555555555556,2025-05-31,vicariamente
Heart Eyes,2025.0,0.4444444444444444,2025-06-08,vicariamente
Queen of Coal,2025.0,0.6666666666666666,2025-06-14,vicariamente
Sirāt,2025.0,0.7777777777777778,2025-06-14,vicariamente
The Road to El Dorado,2000.0,0.6666666666666666,2025-06-15,vicariamente
The Proposal,2009.0,0.6666666666666666,2025-06-15,vicariamente
Date Night,2010.0,0.3333333333333333,2025-06-15,vicariamente
Moneyball,2011.0,0.8888888888888888,2025-06-16,vicariamente
Frankenstein,1931.0,0.6666666666666666,2025-06-16,vicariamente
Kingsman: The Secret Service,2014.0,0.6666666666666666,2025-06-16,vicariamente
Cha Cha Real Smooth,2022.0,0.7777777777777778,2025-06-18,vicariamente
Before Sunset,2004.0,1.0,2025-06-19,vicariamente
Holy Camp!,2017.0,0.5555555555555556,2025-06-21,vicariamente
The Hunger Games,2012.0,0.7777777777777778,2025-06-22,vicariamente
The Hunger Games: Catching Fire,2013.0,0.8888888888888888,2025-06-22,vicariamente
The Hunger Games: Mockingjay – Part 1,2014.0,0.5555555555555556,2025-06-22,vicariamente
The Hunger Games: Mockingjay – Part 2,2015.0,0.5555555555555556,2025-06-22,vicariamente
"Paris, Texas",1984.0,1.0,2025-06-23,vicariamente
Trainspotting,1996.0,1.0,2025-06-24,vicariamente
Latin Blood – The Ballad of Ney Matogrosso,2025.0,0.8888888888888888,2025-06-24,vicariamente
KPop Demon Hunters,2025.0,0.6666666666666666,2025-06-24,vicariamente
Tetris,2023.0,0.4444444444444444,2025-06-24,vicariamente
28 Days Later,2002.0,1.0,2025-06-26,vicariamente
28 Weeks Later,2007.0,0.5555555555555556,2025-06-27,vicariamente
28 Years Later,2025.0,0.8888888888888888,2025-06-28,vicariamente
Y Tu Mamá También,2001.0,0.8888888888888888,2025-06-28,vicariamente
All That Jazz,1979.0,1.0,2025-06-30,vicariamente
Dr. Strangelove or: How I Learned to Stop Worrying and Love the Bomb,1964.0,0.7777777777777778,2025-07-07,vicariamente
Superman,2025.0,0.8888888888888888,2025-07-12,vicariamente
Mission: Impossible – The Final Reckoning,2025.0,0.6666666666666666,2025-07-12,vicariamente
Heads of State,2025.0,0.3333333333333333,2025-07-13,vicariamente
The Exorcist,1973.0,0.7777777777777778,2025-07-14,vicariamente
The Old Guard 2,2025.0,0.0,2025-07-14,vicariamente
Rap World,2024.0,0.7777777777777778,2025-07-17,vicariamente
Interview with the Vampire,1994.0,0.6666666666666666,2025-07-18,vicariamente
The Matrix,1999.0,1.0,2025-07-20,vicariamente
Cléo from 5 to 7,1962.0,0.7777777777777778,2025-07-21,vicariamente
The Fantastic 4: First Steps,2025.0,0.6666666666666666,2025-07-27,vicariamente
The Night of the Hunter,1955.0,0.8888888888888888,2025-07-28,vicariamente
Bring Her Back,2025.0,0.4444444444444444,2025-08-02,vicariamente
Saturday Night,2024.0,0.6666666666666666,2025-08-03,vicariamente
Kneecap,2024.0,0.8888888888888888,2025-08-06,vicariamente
Singin' in the Rain,1952.0,1.0,2025-08-08,vicariamente
Weapons,2025.0,0.6666666666666666,2025-08-09,vicariamente
Friendship,2024.0,0.7777777777777778,2025-08-09,vicariamente
Teenage Mutant Ninja Turtles: Mutant Mayhem,2023.0,0.8888888888888888,2025-08-10,vicariamente
War of the Worlds,2025.0,0.0,2025-08-10,vicariamente
White Men Can't Jump,2023.0,0.2222222222222222,2025-08-10,vicariamente
The Fly,1986.0,0.7777777777777778,2025-08-11,vicariamente
Shaun of the Dead,2004.0,0.8888888888888888,2025-08-11,vicariamente
The Man Who Copied,2003.0,0.8888888888888888,2025-08-12,vicariamente
Look Both Ways,2022.0,0.4444444444444444,2025-08-14,vicariamente
The Florida Project,2017.0,0.8888888888888888,2025-08-14,vicariamente
John Wick,2014.0,0.7777777777777778,2025-08-14,vicariamente
Mean Girls,2024.0,0.4444444444444444,2025-08-14,vicariamente
It's What's Inside,2024.0,0.6666666666666666,2025-08-15,vicariamente
Ocean's Eleven,2001.0,1.0,2025-08-15,vicariamente
Dimensions of Dialogue,1983.0,0.7777777777777778,2025-08-15,vicariamente
Ocean's Thirteen,2007.0,0.7777777777777778,2025-08-15,vicariamente
Ocean's Twelve,2004.0,0.8888888888888888,2025-08-16,vicariamente
Materialists,2025.0,0.6666666666666666,2025-08-16,vicariamente
Bad Times at the El Royale,2018.0,0.6666666666666666,2025-08-16,vicariamente
Spirited Away,2001.0,1.0,2025-08-17,vicariamente
Cabaret,1972.0,1.0,2025-08-18,vicariamente
Hot Fuzz,2007.0,0.8888888888888888,2025-08-18,vicariamente
Evil Dead Rise,2023.0,0.7777777777777778,2025-08-19,vicariamente
Tekkonkinkreet,2006.0,0.7777777777777778,2025-08-20,vicariamente
Moonlight,2016.0,1.0,2025-08-24,vicariamente
The Naked Gun,2025.0,0.6666666666666666,2025-08-25,vicariamente
Barbie,2023.0,0.7777777777777778,2025-08-25,vicariamente
Gladiator II,2024.0,0.6666666666666666,2025-08-25,vicariamente
Pretty Woman,1990.0,0.7777777777777778,2025-08-25,vicariamente
After Hours,1985.0,0.8888888888888888,2025-08-25,vicariamente
The World's End,2013.0,0.7777777777777778,2025-08-25,vicariamente
M3GAN 2.0,2025.0,0.4444444444444444,2025-08-27,vicariamente
Stop Making Sense,1984.0,1.0,2025-08-28,vicariamente
Doctor Strange in the Multiverse of Madness,2022.0,0.8888888888888888,2025-08-28,vicariamente
The Roses,2025.0,0.6666666666666666,2025-08-30,vicariamente
"Oh, Hi!",2025.0,0.3333333333333333,2025-08-31,vicariamente
Not Another Teen Movie,2001.0,0.4444444444444444,2025-08-31,vicariamente
F1,2025.0,0.5555555555555556,2025-08-31,vicariamente
The Croods,2013.0,0.5555555555555556,2025-09-06,vicariamente
Blow Out,1981.0,0.8888888888888888,2025-09-08,vicariamente
Eddington,2025.0,0.3333333333333333,2025-09-13,vicariamente
Chicago,2002.0,1.0,2025-09-14,vicariamente
Barry Lyndon,1975.0,1.0,2025-09-15,vicariamente
Godzilla Minus One,2023.0,1.0,2025-09-15,vicariamente
The Master,2012.0,0.7777777777777778,2025-09-21,vicariamente
The Sting,1973.0,0.7777777777777778,2025-09-21,vicariamente
The Unbearable Weight of Massive Talent,2022.0,0.2222222222222222,2025-09-22,vicariamente
One Battle After Another,2025.0,1.0,2025-09-27,vicariamente
Karate Kid: Legends,2025.0,0.4444444444444444,2025-09-28,vicariamente
Elio,2025.0,0.5555555555555556,2025-09-29,vicariamente
Caleb Hearon: Model Comedian,2025.0,0.6666666666666666,2025-10-03,vicariamente
The Smashing Machine,2025.0,0.4444444444444444,2025-10-04,vicariamente
The Texas Chain Saw Massacre,1974.0,0.7777777777777778,2025-10-05,vicariamente
Pacific Rim,2013.0,0.7777777777777778,2025-10-06,vicariamente
Caught Stealing,2025.0,0.6666666666666666,2025-10-12,vicariamente
Talk Radio,1988.0,0.6666666666666666,2025-10-13,vicariamente
Aliens,1986.0,0.8888888888888888,2025-10-20,vicariamente
The Life of Chuck,2024.0,0.2222222222222222,2025-10-25,vicariamente
Frankenstein,2025.0,0.6666666666666666,2025-10-26,vicariamente
Killer Klowns from Outer Space,1988.0,0.5555555555555556,2025-10-27,vicariamente
Chainsaw Man – The Movie: Reze Arc,2025.0,1.0,2025-10-28,vicariamente
It Was Just an Accident,2025.0,0.7777777777777778,2025-11-02,vicariamente
Violent Cop,1989.0,0.7777777777777778,2025-11-04,vicariamente
The Threesome,2025.0,0.5555555555555556,2025-11-06,vicariamente
Prey,2022.0,0.7777777777777778,2025-11-07,vicariamente
Bugonia,2025.0,0.6666666666666666,2025-11-08,vicariamente
Predator: Badlands,2025.0,0.7777777777777778,2025-11-09,vicariamente
Predator: Killer of Killers,2025.0,0.6666666666666666,2025-11-09,vicariamente
Springsteen: Deliver Me from Nowhere,2025.0,0.5555555555555556,2025-11-10,vicariamente
Now You See Me,2013.0,0.7777777777777778,2025-11-19,vicariamente
Now You See Me 2,2016.0,0.5555555555555556,2025-11-21,vicariamente
Now You See Me: Now You Don't,2025.0,0.2222222222222222,2025-11-22,vicariamente
Demi Adejuyigbe: Is Going to Do One (1) Backflip,2025.0,0.7777777777777778,2025-11-23,vicariamente
Jay Kelly,2025.0,0.6666666666666666,2025-11-23,vicariamente
The Running Man,2025.0,0.5555555555555556,2025-11-23,vicariamente
Zombieland,2009.0,0.6666666666666666,2025-11-24,vicariamente
Wayne's World,1992.0,0.6666666666666666,2025-11-29,vicariamente
The Blues Brothers,1980.0,1.0,2025-11-30,vicariamente
Wake Up Dead Man,2025.0,0.8888888888888888,2025-12-01,vicariamente
Knives Out,2019.0,1.0,2025-12-01,vicariamente
Zootopia 2,2025.0,0.5555555555555556,2025-12-07,vicariamente
The Muppet Christmas Carol,1992.0,0.8888888888888888,2025-12-08,vicariamente
Playdate,2025.0,0.1111111111111111,2025-12-09,vicariamente
No Country for Old Men,2007.0,0.7777777777777778,2025-12-09,vicariamente
Oh. What. Fun.,2025.0,0.3333333333333333,2025-12-10,vicariamente
Holland,2025.0,0.3333333333333333,2025-12-10,vicariamente
Lilo & Stitch,2002.0,0.7777777777777778,2025-12-10,vicariamente
The Second Mother,2015.0,0.8888888888888888,2025-12-10,vicariamente
Twinless,2025.0,0.6666666666666666,2025-12-11,vicariamente
Sentimental Value,2025.0,0.8888888888888888,2025-12-13,vicariamente
Mickey 17,2025.0,0.7777777777777778,2025-12-13,vicariamente
Splitsville,2025.0,0.6666666666666666,2025-12-13,vicariamente
Regretting You,2025.0,0.3333333333333333,2025-12-14,vicariamente
Five Nights at Freddy's 2,2025.0,0.1111111111111111,2025-12-15,vicariamente
"Sorry, Baby",2025.0,1.0,2025-12-18,vicariamente
Space Jam: A New Legacy,2021.0,0.1111111111111111,2025-12-20,vicariamente
Hall Pass,2011.0,0.2222222222222222,2025-12-20,vicariamente
Avatar: Fire and Ash,2025.0,0.7777777777777778,2025-12-21,vicariamente
Honey Don't!,2025.0,0.2222222222222222,2025-12-22,vicariamente
It's a Wonderful Life,1946.0,0.7777777777777778,2025-12-22,vicariamente
Portrait of a Lady on Fire,2019.0,1.0,2025-12-23,vicariamente
"Good Luck to You, Leo Grande",2022.0,0.5555555555555556,2025-12-23,vicariamente
The Nightmare Before Christmas,1993.0,0.7777777777777778,2025-12-25,vicariamente
Last Christmas,2019.0,0.5555555555555556,2025-12-25,vicariamente
Tokyo Godfathers,2003.0,0.8888888888888888,2025-12-26,vicariamente
The Blue Trail,2025.0,0.7777777777777778,2025-12-27,vicariamente
Father Mother Sister Brother,2025.0,0.5555555555555556,2025-12-27,vicariamente
21 Jump Street,2012.0,0.6666666666666666,2025-12-28,vicariamente
22 Jump Street,2014.0,0.6666666666666666,2025-12-28,vicariamente
Jaws,1975.0,0.8888888888888888,2025-12-29,vicariamente
Glass Onion,2022.0,0.6666666666666666,2025-12-30,vicariamente
Eyes Wide Shut,1999.0,0.8888888888888888,2026-01-01,vicariamente
Uncut Gems,2019.0,0.8888888888888888,2026-01-02,vicariamente
Some Like It Hot,1959.0,1.0,2026-01-03,vicariamente
School of Rock,2003.0,0.7777777777777778,2026-01-05,vicariamente
The Perks of Being a Wallflower,2012.0,0.8888888888888888,2026-01-05,vicariamente
Love Actually,2003.0,0.4444444444444444,2026-01-05,vicariamente
My Blueberry Nights,2007.0,0.5555555555555556,2026-01-06,vicariamente
Eternity,2025.0,0.6666666666666666,2026-01-07,vicariamente
Rental Family,2025.0,0.7777777777777778,2026-01-10,vicariamente
The Handmaiden,2016.0,0.8888888888888888,2026-01-12,vicariamente
Breathless,1960.0,0.6666666666666666,2026-01-17,vicariamente
If I Had Legs I'd Kick You,2025.0,1.0,2026-01-17,vicariamente
28 Years Later: The Bone Temple,2026.0,0.8888888888888888,2026-01-19,vicariamente
The Mummy,1999.0,0.3333333333333333,2026-01-19,vicariamente
Nouvelle Vague,2025.0,0.6666666666666666,2026-01-19,vicariamente
Arco,2025.0,0.6666666666666666,2026-01-25,vicariamente
Hamnet,2025.0,0.4444444444444444,2026-01-25,vicariamente
People We Meet on Vacation,2026.0,0.5555555555555556,2026-01-25,vicariamente
Hot Tub Time Machine,2010.0,0.3333333333333333,2026-01-26,vicariamente
Hot Rod,2007.0,0.6666666666666666,2026-01-26,vicariamente
Send Help,2026.0,0.7777777777777778,2026-01-31,vicariamente
Marty Supreme,2025.0,0.8888888888888888,2026-02-02,vicariamente
Nosferatu,2024.0,0.8888888888888888,2026-02-03,vicariamente
A Nonsense Christmas with Sabrina Carpenter,2024.0,0.6666666666666666,2026-02-03,vicariamente
How to Lose a Guy in 10 Days,2003.0,0.7777777777777778,2026-02-03,vicariamente
Edge of Tomorrow,2014.0,0.7777777777777778,2026-02-03,vicariamente
John Wick: Chapter 2,2017.0,0.8888888888888888,2026-02-03,vicariamente
Casino Royale,2006.0,0.8888888888888888,2026-02-03,vicariamente
Creed,2015.0,0.8888888888888888,2026-02-03,vicariamente
Home Alone,1990.0,0.7777777777777778,2026-02-03,vicariamente
Monkey Man,2024.0,0.7777777777777778,2026-02-03,vicariamente
Longlegs,2024.0,0.7777777777777778,2026-02-03,vicariamente
Nerdy Prudes Must Die,2023.0,0.7777777777777778,2026-02-03,vicariamente
Puss in Boots: The Last Wish,2022.0,0.8888888888888888,2026-02-03,vicariamente
Curmudgeons,2016.0,0.7777777777777778,2026-02-03,vicariamente
Women Talking,2022.0,0.7777777777777778,2026-02-03,vicariamente
Black Panther: Wakanda Forever,2022.0,0.8888888888888888,2026-02-03,vicariamente
A Star Is Born,2018.0,0.7777777777777778,2026-02-03,vicariamente
Hit Man,2023.0,0.8888888888888888,2026-02-03,vicariamente
Furiosa: A Mad Max Saga,2024.0,0.8888888888888888,2026-02-03,vicariamente
Gladiator,2000.0,0.7777777777777778,2026-02-03,vicariamente
The Muppet Show,2026.0,0.7777777777777778,2026-02-05,vicariamente
The Chronology of Water,2025.0,0.6666666666666666,2026-02-09,vicariamente
No Other Choice,2025.0,0.8888888888888888,2026-02-14,vicariamente
Together,2025.0,0.4444444444444444,2026-02-15,vicariamente
Novocaine,2025.0,0.5555555555555556,2026-02-15,vicariamente
Wedding Crashers,2005.0,0.5555555555555556,2026-02-15,vicariamente
Madame Web,2024.0,0.0,2026-02-16,vicariamente
Y2K,2024.0,0.4444444444444444,2026-02-17,vicariamente
The Secret Agent,2025.0,0.8888888888888888,2026-02-22,vicariamente
The Red Shoes,1948.0,1.0,2026-02-28,vicariamente
Saltburn,2023.0,0.5555555555555556,2026-03-06,vicariamente
Pillion,2025.0,0.5555555555555556,2026-03-07,vicariamente
The Bride!,2026.0,0.4444444444444444,2026-03-07,vicariamente
30 Minutes or Less,2011.0,0.2222222222222222,2026-03-08,vicariamente
The Wrong Missy,2020.0,0.0,2026-03-08,vicariamente
Cuckoo,2024.0,0.4444444444444444,2026-03-09,vicariamente
Louis Theroux: Inside the Manosphere,2026.0,0.5555555555555556,2026-03-12,vicariamente
The Testament of Ann Lee,2025.0,0.6666666666666666,2026-03-14,vicariamente
GOAT,2026.0,0.5555555555555556,2026-03-16,vicariamente
Your Name.,2016.0,0.7777777777777778,2026-03-21,vicariamente
Bitter Christmas,2026.0,0.4444444444444444,2026-03-22,vicariamente
Thesis,1996.0,0.5555555555555556,2026-03-23,vicariamente
Project Hail Mary,2026.0,0.7777777777777778,2026-03-30,vicariamente
Pizza Movie,2026.0,0.5555555555555556,2026-04-04,vicariamente
53 Sundays,2026.0,0.3333333333333333,2026-04-05,vicariamente
The Housemaid,2025.0,0.1111111111111111,2026-04-06,vicariamente
Red Rooms,2023.0,0.8888888888888888,2026-04-06,vicariamente
Tropic Thunder,2008.0,0.6666666666666666,2026-04-13,vicariamente
Kill Bill: The Whole Bloody Affair,2004.0,0.7777777777777778,2026-04-19,vicariamente
The Pickup,2025.0,0.2222222222222222,2026-04-20,vicariamente
Avatar Aang: The Last Airbender,2026.0,0.6666666666666666,2026-04-23,vicariamente
The Super Mario Galaxy Movie,2026.0,0.3333333333333333,2026-04-23,vicariamente
Palm Springs,2020.0,0.8888888888888888,2026-04-26,vicariamente
The Adam Project,2022.0,0.3333333333333333,2026-04-26,vicariamente
I Like Movies,2022.0,0.6666666666666666,2026-04-26,vicariamente
Forbidden Fruits,2026.0,0.5555555555555556,2026-05-01,vicariamente
The Secret Life of Walter Mitty,2013.0,0.7777777777777778,2026-05-04,vicariamente
The Batman,2022.0,1.0,2022-04-08,vvioletaa
X-Men: First Class,2011.0,0.8888888888888888,2022-04-10,vvioletaa
Purple Hearts,2022.0,0.1111111111111111,2022-08-11,vvioletaa
Fight Club,1999.0,1.0,2022-08-28,vvioletaa
Mr. Harrigan's Phone,2022.0,0.3333333333333333,2022-11-28,vvioletaa
The Guardians of the Galaxy Holiday Special,2022.0,0.7777777777777778,2022-11-30,vvioletaa
The Menu,2022.0,0.7777777777777778,2022-12-04,vvioletaa
Kill Bill: Vol. 1,2003.0,0.8888888888888888,2022-12-05,vvioletaa
The Holiday,2006.0,0.7777777777777778,2022-12-28,vvioletaa
Your Christmas or Mine?,2022.0,0.4444444444444444,2022-12-28,vvioletaa
Scent of a Woman,1992.0,0.8888888888888888,2022-12-29,vvioletaa
Scott Pilgrim vs. the World,2010.0,0.6666666666666666,2023-01-04,vvioletaa
Good Will Hunting,1997.0,1.0,2023-01-05,vvioletaa
Little Women,2019.0,1.0,2023-01-06,vvioletaa
The Breakfast Club,1985.0,0.6666666666666666,2023-01-15,vvioletaa
White Noise,2022.0,0.5555555555555556,2023-01-18,vvioletaa
The Perks of Being a Wallflower,2012.0,1.0,2023-01-22,vvioletaa
Babylon,2022.0,0.8888888888888888,2023-01-28,vvioletaa
Aftersun,2022.0,1.0,2023-02-12,vvioletaa
Ten Inch Hero,2007.0,0.5555555555555556,2023-02-12,vvioletaa
Valentine's Day,2010.0,0.5555555555555556,2023-02-15,vvioletaa
Beyond the Infinite Two Minutes,2020.0,0.8888888888888888,2023-02-19,vvioletaa
Bones and All,2022.0,0.8888888888888888,2023-02-19,vvioletaa
Baby Driver,2017.0,0.8888888888888888,2023-02-25,vvioletaa
Missing,2023.0,0.7777777777777778,2023-02-26,vvioletaa
Everything Everywhere All at Once,2022.0,1.0,2023-02-27,vvioletaa
A Dangerous Method,2011.0,0.7777777777777778,2023-02-28,vvioletaa
Puss in Boots: The Last Wish,2022.0,1.0,2023-03-05,vvioletaa
Mulholland Drive,2001.0,1.0,2023-03-20,vvioletaa
Raiders of the Lost Ark,1981.0,0.7777777777777778,2023-03-22,vvioletaa
Almost Famous,2000.0,0.8888888888888888,2023-03-26,vvioletaa
Bridget Jones's Diary,2001.0,0.7777777777777778,2023-03-31,vvioletaa
Project X,2012.0,0.5555555555555556,2023-04-03,vvioletaa
The Nice Guys,2016.0,1.0,2023-04-04,vvioletaa
When Harry Met Sally...,1989.0,0.7777777777777778,2023-04-10,vvioletaa
Black Widow,2021.0,0.7777777777777778,2023-04-14,vvioletaa
The Worst Person in the World,2021.0,0.8888888888888888,2023-04-23,vvioletaa
Black Panther: Wakanda Forever,2022.0,0.7777777777777778,2023-05-01,vvioletaa
Being John Malkovich,1999.0,0.8888888888888888,2023-05-07,vvioletaa
Guardians of the Galaxy Vol. 3,2023.0,1.0,2023-05-08,vvioletaa
Dazed and Confused,1993.0,0.8888888888888888,2023-05-16,vvioletaa
The Cat Returns,2002.0,0.7777777777777778,2023-05-22,vvioletaa
Dead Poets Society,1989.0,1.0,2023-05-29,vvioletaa
Rebel Without a Cause,1955.0,0.7777777777777778,2023-06-20,vvioletaa
The Game,1997.0,1.0,2023-06-21,vvioletaa
Frances Ha,2012.0,0.8888888888888888,2023-06-23,vvioletaa
Spider-Man: Across the Spider-Verse,2023.0,1.0,2023-06-25,vvioletaa
Deadpool,2016.0,1.0,2023-06-27,vvioletaa
Mamma Mia!,2008.0,1.0,2023-07-01,vvioletaa
Gone Girl,2014.0,1.0,2023-07-12,vvioletaa
Bird Box,2018.0,0.3333333333333333,2023-07-22,vvioletaa
Oppenheimer,2023.0,0.8888888888888888,2023-07-23,vvioletaa
Barbie,2023.0,1.0,2023-07-23,vvioletaa
The Notebook,2004.0,0.7777777777777778,2023-07-23,vvioletaa
10 Things I Hate About You,1999.0,1.0,2023-07-24,vvioletaa
Atonement,2007.0,1.0,2023-07-25,vvioletaa
Fresh,2022.0,0.7777777777777778,2023-08-19,vvioletaa
Submarine,2010.0,0.7777777777777778,2023-08-20,vvioletaa
The Princess Bride,1987.0,0.8888888888888888,2023-08-21,vvioletaa
Reservoir Dogs,1992.0,0.6666666666666666,2023-08-22,vvioletaa
You're Next,2011.0,0.5555555555555556,2023-08-25,vvioletaa
Panic Button,2011.0,0.5555555555555556,2023-08-26,vvioletaa
Portrait of a Lady on Fire,2019.0,1.0,2023-08-27,vvioletaa
Moulin Rouge!,2001.0,0.8888888888888888,2023-08-31,vvioletaa
Midnight in Paris,2011.0,0.7777777777777778,2023-09-05,vvioletaa
Nightmare Alley,2021.0,0.6666666666666666,2023-09-06,vvioletaa
Shiva Baby,2020.0,0.8888888888888888,2023-09-08,vvioletaa
Notting Hill,1999.0,0.7777777777777778,2023-09-18,vvioletaa
Meet Cute,2022.0,0.5555555555555556,2023-09-20,vvioletaa
The Virgin Suicides,1999.0,0.8888888888888888,2023-09-23,vvioletaa
A Haunting in Venice,2023.0,0.6666666666666666,2023-10-01,vvioletaa
Uncut Gems,2019.0,0.7777777777777778,2023-10-02,vvioletaa
The Witch,2015.0,0.7777777777777778,2023-10-04,vvioletaa
28 Days Later,2002.0,0.7777777777777778,2023-10-13,vvioletaa
Friday the 13th,1980.0,0.4444444444444444,2023-10-14,vvioletaa
Killers of the Flower Moon,2023.0,0.7777777777777778,2023-10-22,vvioletaa
Once Upon a Studio,2023.0,1.0,2023-10-29,vvioletaa
Bodies Bodies Bodies,2022.0,0.8888888888888888,2023-10-29,vvioletaa
The Boy and the Heron,2023.0,0.8888888888888888,2023-10-31,vvioletaa
Barbarian,2022.0,0.7777777777777778,2023-11-05,vvioletaa
[REC]²,2009.0,0.7777777777777778,2023-11-06,vvioletaa
The Marvels,2023.0,0.6666666666666666,2023-11-13,vvioletaa
Self/less,2015.0,0.5555555555555556,2023-11-14,vvioletaa
The Wonderful Story of Henry Sugar,2023.0,0.7777777777777778,2023-11-17,vvioletaa
The Hunger Games: The Ballad of Songbirds & Snakes,2023.0,0.8888888888888888,2023-11-20,vvioletaa
Napoleon,2023.0,0.6666666666666666,2023-11-26,vvioletaa
Bottoms,2023.0,0.6666666666666666,2023-12-03,vvioletaa
Wonka,2023.0,0.6666666666666666,2023-12-07,vvioletaa
Taxi Driver,1976.0,0.7777777777777778,2023-12-08,vvioletaa
Sorry to Bother You,2018.0,0.8888888888888888,2023-12-10,vvioletaa
Before Sunrise,1995.0,1.0,2023-12-17,vvioletaa
13 Going on 30,2004.0,0.7777777777777778,2023-12-27,vvioletaa
Me Before You,2016.0,0.5555555555555556,2023-12-29,vvioletaa
Saltburn,2023.0,0.8888888888888888,2023-12-30,vvioletaa
Casablanca,1942.0,0.7777777777777778,2024-01-06,vvioletaa
The Call,2020.0,0.7777777777777778,2024-01-07,vvioletaa
Mean Girls,2024.0,0.7777777777777778,2024-01-13,vvioletaa
"I, Tonya",2017.0,0.7777777777777778,2024-01-19,vvioletaa
H0us3,2019.0,0.4444444444444444,2024-01-24,vvioletaa
Society of the Snow,2023.0,1.0,2024-01-25,vvioletaa
The Holdovers,2023.0,0.8888888888888888,2024-01-27,vvioletaa
Jurassic Park,1993.0,1.0,2024-02-11,vvioletaa
Whisper of the Heart,1995.0,0.7777777777777778,2024-02-11,vvioletaa
Blue Valentine,2010.0,0.7777777777777778,2024-02-16,vvioletaa
Robot Dreams,2023.0,0.8888888888888888,2024-02-18,vvioletaa
The Devil Wears Prada,2006.0,0.5555555555555556,2024-02-19,vvioletaa
Shutter Island,2010.0,1.0,2024-02-25,vvioletaa
Madame Web,2024.0,0.3333333333333333,2024-02-26,vvioletaa
Past Lives,2023.0,0.8888888888888888,2024-02-29,vvioletaa
Anatomy of a Fall,2023.0,0.8888888888888888,2024-03-10,vvioletaa
Dune,2021.0,0.6666666666666666,2024-03-24,vvioletaa
Dune: Part Two,2024.0,1.0,2024-03-25,vvioletaa
Cold War,2018.0,0.5555555555555556,2024-03-28,vvioletaa
Unsane,2018.0,0.7777777777777778,2024-03-29,vvioletaa
Inglourious Basterds,2009.0,1.0,2024-04-01,vvioletaa
The Warning,2018.0,0.5555555555555556,2024-04-06,vvioletaa
Wicked Little Letters,2023.0,0.6666666666666666,2024-04-15,vvioletaa
Isle of Dogs,2018.0,0.8888888888888888,2024-04-21,vvioletaa
Deadpool 2,2018.0,0.7777777777777778,2024-04-28,vvioletaa
The Fall Guy,2024.0,0.7777777777777778,2024-04-28,vvioletaa
Women on the Verge of a Nervous Breakdown,1988.0,1.0,2024-04-28,vvioletaa
Memories of Murder,2003.0,0.8888888888888888,2024-05-01,vvioletaa
The Prestige,2006.0,0.8888888888888888,2024-06-02,vvioletaa
The Man Who Haunted Himself,1970.0,0.6666666666666666,2024-06-03,vvioletaa
The Handmaiden,2016.0,0.8888888888888888,2024-06-05,vvioletaa
Tarot,2024.0,0.3333333333333333,2024-06-06,vvioletaa
(500) Days of Summer,2009.0,0.8888888888888888,2024-06-08,vvioletaa
Romeo + Juliet,1996.0,0.8888888888888888,2024-06-10,vvioletaa
The Royal Tenenbaums,2001.0,0.8888888888888888,2024-06-13,vvioletaa
Rear Window,1954.0,1.0,2024-06-21,vvioletaa
Challengers,2024.0,0.7777777777777778,2024-06-23,vvioletaa
Sleeping Dogs,2024.0,0.4444444444444444,2024-06-23,vvioletaa
Top Secret!,1984.0,0.8888888888888888,2024-06-27,vvioletaa
"Crazy, Stupid, Love.",2011.0,1.0,2024-07-03,vvioletaa
Inside Out 2,2024.0,0.7777777777777778,2024-07-06,vvioletaa
Deadpool & Wolverine,2024.0,0.7777777777777778,2024-07-27,vvioletaa
Father There is Only One 4,2024.0,0.0,2024-08-01,vvioletaa
The Count of Monte Cristo,2024.0,0.8888888888888888,2024-08-17,vvioletaa
Jaws,1975.0,0.7777777777777778,2024-08-20,vvioletaa
River,2023.0,0.8888888888888888,2024-08-21,vvioletaa
Kiki's Delivery Service,1989.0,0.8888888888888888,2024-08-26,vvioletaa
Cinema Paradiso,1988.0,1.0,2024-08-27,vvioletaa
Trap,2024.0,0.7777777777777778,2024-08-28,vvioletaa
Blink Twice,2024.0,0.8888888888888888,2024-09-02,vvioletaa
Twin Peaks,1989.0,1.0,2024-09-20,vvioletaa
Coraline,2009.0,0.8888888888888888,2024-09-23,vvioletaa
Shaun of the Dead,2004.0,0.8888888888888888,2024-09-29,vvioletaa
The Texas Chain Saw Massacre,1974.0,0.7777777777777778,2024-10-09,vvioletaa
The Radleys,2024.0,0.3333333333333333,2024-10-14,vvioletaa
[REC]³ Genesis,2012.0,0.7777777777777778,2024-10-18,vvioletaa
Sleepy Hollow,1999.0,0.7777777777777778,2024-10-21,vvioletaa
Cube,1997.0,0.5555555555555556,2024-10-23,vvioletaa
Donnie Darko,2001.0,0.8888888888888888,2024-10-26,vvioletaa
Smile 2,2024.0,0.5555555555555556,2024-10-28,vvioletaa
The Substance,2024.0,0.8888888888888888,2024-10-28,vvioletaa
Hereditary,2018.0,0.8888888888888888,2024-11-03,vvioletaa
Inherit the Wind,1960.0,0.4444444444444444,2024-11-11,vvioletaa
Civil War,2024.0,0.5555555555555556,2024-11-11,vvioletaa
The Darjeeling Limited,2007.0,0.7777777777777778,2024-11-11,vvioletaa
Gladiator,2000.0,0.7777777777777778,2024-11-16,vvioletaa
Gladiator II,2024.0,0.7777777777777778,2024-11-18,vvioletaa
Escape,2024.0,0.6666666666666666,2024-11-28,vvioletaa
Wicked,2024.0,0.6666666666666666,2024-12-04,vvioletaa
Waves,2019.0,0.7777777777777778,2024-12-04,vvioletaa
Normal People,2020.0,1.0,2024-12-04,vvioletaa
Django Unchained,2012.0,0.8888888888888888,2024-12-07,vvioletaa
Superbad,2007.0,0.6666666666666666,2024-12-15,vvioletaa
Love Actually,2003.0,0.8888888888888888,2024-12-23,vvioletaa
It's a Wonderful Life,1946.0,1.0,2025-01-03,vvioletaa
The Beast,2023.0,0.5555555555555556,2025-01-05,vvioletaa
Clue,1985.0,0.7777777777777778,2025-01-08,vvioletaa
La Haine,1995.0,1.0,2025-01-11,vvioletaa
Wallace & Gromit: Vengeance Most Fowl,2024.0,0.6666666666666666,2025-01-27,vvioletaa
The Wild Robot,2024.0,0.8888888888888888,2025-01-28,vvioletaa
Conclave,2024.0,0.8888888888888888,2025-02-02,vvioletaa
Flow,2024.0,0.7777777777777778,2025-02-03,vvioletaa
The Flamenco Guitar of Yerai Cortés,2024.0,0.8888888888888888,2025-02-07,vvioletaa
Anora,2024.0,0.8888888888888888,2025-02-13,vvioletaa
Before Sunset,2004.0,1.0,2025-02-16,vvioletaa
Captain America: Brave New World,2025.0,0.5555555555555556,2025-02-17,vvioletaa
Once Upon a Time... in Hollywood,2019.0,0.7777777777777778,2025-02-24,vvioletaa
A Complete Unknown,2024.0,0.7777777777777778,2025-03-07,vvioletaa
The Great Gatsby,2013.0,0.7777777777777778,2025-03-22,vvioletaa
Mickey 17,2025.0,0.7777777777777778,2025-03-30,vvioletaa
Camp Rock,2008.0,0.6666666666666666,2025-04-06,vvioletaa
City of God,2002.0,0.8888888888888888,2025-04-17,vvioletaa
Flipped,2010.0,0.7777777777777778,2025-04-18,vvioletaa
Drop,2025.0,0.6666666666666666,2025-04-19,vvioletaa
The Hangover,2009.0,0.7777777777777778,2025-04-20,vvioletaa
Sinners,2025.0,0.8888888888888888,2025-04-21,vvioletaa
Thunderbolts*,2025.0,0.7777777777777778,2025-05-04,vvioletaa
Dream Scenario,2023.0,0.7777777777777778,2025-05-10,vvioletaa
The Hangover Part II,2011.0,0.5555555555555556,2025-05-16,vvioletaa
Asteroid City,2023.0,0.6666666666666666,2025-06-02,vvioletaa
Entergalactic,2022.0,0.8888888888888888,2025-06-03,vvioletaa
The Favourite,2018.0,0.6666666666666666,2025-06-03,vvioletaa
The Phoenician Scheme,2025.0,0.6666666666666666,2025-06-04,vvioletaa
Little Miss Sunshine,2006.0,1.0,2025-06-05,vvioletaa
The Man from Earth,2007.0,0.8888888888888888,2025-06-13,vvioletaa
How to Train Your Dragon,2025.0,0.7777777777777778,2025-06-16,vvioletaa
Do the Right Thing,1989.0,0.8888888888888888,2025-06-24,vvioletaa
The Talented Mr. Ripley,1999.0,0.8888888888888888,2025-07-10,vvioletaa
The Man Who Shot Liberty Valance,1962.0,1.0,2025-07-11,vvioletaa
F1,2025.0,0.6666666666666666,2025-07-11,vvioletaa
Superman,2025.0,0.8888888888888888,2025-07-16,vvioletaa
Padre no hay más que uno 5: Nido repleto,2025.0,0.0,2025-07-21,vvioletaa
A Girl Walks Home Alone at Night,2014.0,0.8888888888888888,2025-07-21,vvioletaa
X,2022.0,0.5555555555555556,2025-08-06,vvioletaa
The Umbrellas of Cherbourg,1964.0,0.8888888888888888,2025-08-09,vvioletaa
The House Bunny,2008.0,0.5555555555555556,2025-08-12,vvioletaa
Shrek,2001.0,0.8888888888888888,2025-08-13,vvioletaa
The Fantastic 4: First Steps,2025.0,0.6666666666666666,2025-08-13,vvioletaa
Poor Things,2023.0,0.6666666666666666,2025-08-15,vvioletaa
The Messiah,2023.0,1.0,2025-08-24,vvioletaa
The Terminator,1984.0,0.6666666666666666,2025-08-26,vvioletaa
Léon: The Professional,1994.0,0.7777777777777778,2025-09-07,vvioletaa
Eddington,2025.0,0.7777777777777778,2025-09-15,vvioletaa
Twin Peaks: Fire Walk with Me,1992.0,0.8888888888888888,2025-10-01,vvioletaa
Rushmore,1998.0,0.7777777777777778,2025-10-20,vvioletaa
Sing Street,2016.0,0.8888888888888888,2025-12-03,vvioletaa
The Shop Around the Corner,1940.0,0.8888888888888888,2025-12-07,vvioletaa
Wake Up Dead Man,2025.0,0.7777777777777778,2025-12-23,vvioletaa
Wicked: For Good,2025.0,0.3333333333333333,2025-12-23,vvioletaa
Labyrinth,1986.0,0.7777777777777778,2026-01-13,vvioletaa
The Banshees of Inisherin,2022.0,0.8888888888888888,2026-01-28,vvioletaa
Marty Supreme,2025.0,0.8888888888888888,2026-02-04,vvioletaa
Frankenstein,2025.0,0.7777777777777778,2026-02-19,vvioletaa
Sentimental Value,2025.0,0.8888888888888888,2026-03-16,vvioletaa
Porco Rosso,1992.0,0.6666666666666666,2026-03-25,vvioletaa
Project Hail Mary,2026.0,0.8888888888888888,2026-04-02,vvioletaa
Iron Man,2008.0,0.7777777777777778,2026-04-06,vvioletaa
Arrival,2016.0,0.8888888888888888,2026-04-12,vvioletaa
Michael,2026.0,0.6666666666666666,2026-05-02,vvioletaa
